insider,title,transaction_date,filing_date,shares,price,value_usd,acquired_disposed,transaction_code,shares_owned_after,is_10b5_1,is_director,is_officer,accession,source_path
TEMPLETON MARK B,,2026-09-08,2026-09-10,1300,195.2692,253849.96,D,S,57110,True,True,False,0001596532-26-000226,https://www.sec.gov/Archives/edgar/data/1596532/000159653226000226/0001596532-26-000226.txt
TEMPLETON MARK B,,2026-09-08,2026-09-10,700,196.1986,137339.02,D,S,56410,True,True,False,0001596532-26-000226,https://www.sec.gov/Archives/edgar/data/1596532/000159653226000226/0001596532-26-000226.txt
TEMPLETON MARK B,,2026-09-08,2026-09-10,1000,197.4598,197459.8,D,S,55410,True,True,False,0001596532-26-000226,https://www.sec.gov/Archives/edgar/data/1596532/000159653226000226/0001596532-26-000226.txt
TEMPLETON MARK B,,2026-09-08,2026-09-10,1700,198.4376,337343.92,D,S,53710,True,True,False,0001596532-26-000226,https://www.sec.gov/Archives/edgar/data/1596532/000159653226000226/0001596532-26-000226.txt
TEMPLETON MARK B,,2026-09-08,2026-09-10,300,199.3167,59795.01,D,S,53410,True,True,False,0001596532-26-000226,https://www.sec.gov/Archives/edgar/data/1596532/000159653226000226/0001596532-26-000226.txt
Duda Kenneth,President and CTO,2026-09-08,2026-09-10,100000,0.0,0.0,A,J,720720,False,True,True,0001596532-26-000225,https://www.sec.gov/Archives/edgar/data/1596532/000159653226000225/0001596532-26-000225.txt
Duda Kenneth,President and CTO,2026-09-08,2026-09-10,100000,0.0,0.0,A,J,719237,False,True,True,0001596532-26-000225,https://www.sec.gov/Archives/edgar/data/1596532/000159653226000225/0001596532-26-000225.txt
Duda Kenneth,President and CTO,2026-09-08,2026-09-10,200000,0.0,0.0,D,J,24695,False,True,True,0001596532-26-000225,https://www.sec.gov/Archives/edgar/data/1596532/000159653226000225/0001596532-26-000225.txt
Breithaupt Chantelle Yvette,"Senior Vice President, CFO",2026-09-01,2026-09-03,612,195.77,119811.24,D,S,69921,True,False,True,0001596532-26-000222,https://www.sec.gov/Archives/edgar/data/1596532/000159653226000222/0001596532-26-000222.txt
Duda Kenneth,President and CTO,2026-08-28,2026-09-01,85875,0.0,0.0,A,J,1101043,False,True,True,0001596532-26-000220,https://www.sec.gov/Archives/edgar/data/1596532/000159653226000220/0001596532-26-000220.txt
Duda Kenneth,President and CTO,2026-08-28,2026-09-01,85875,0.0,0.0,A,J,1186918,False,True,True,0001596532-26-000220,https://www.sec.gov/Archives/edgar/data/1596532/000159653226000220/0001596532-26-000220.txt
Duda Kenneth,President and CTO,2026-08-28,2026-09-01,51160,0.0,0.0,D,J,706595,False,True,True,0001596532-26-000220,https://www.sec.gov/Archives/edgar/data/1596532/000159653226000220/0001596532-26-000220.txt
Duda Kenneth,President and CTO,2026-08-28,2026-09-01,42937,0.0,0.0,D,J,663658,False,True,True,0001596532-26-000220,https://www.sec.gov/Archives/edgar/data/1596532/000159653226000220/0001596532-26-000220.txt
Duda Kenneth,President and CTO,2026-08-28,2026-09-01,42938,0.0,0.0,D,J,620720,False,True,True,0001596532-26-000220,https://www.sec.gov/Archives/edgar/data/1596532/000159653226000220/0001596532-26-000220.txt
Duda Kenneth,President and CTO,2026-08-28,2026-09-01,51160,0.0,0.0,D,J,705112,False,True,True,0001596532-26-000220,https://www.sec.gov/Archives/edgar/data/1596532/000159653226000220/0001596532-26-000220.txt
Duda Kenneth,President and CTO,2026-08-28,2026-09-01,42938,0.0,0.0,D,J,662174,False,True,True,0001596532-26-000220,https://www.sec.gov/Archives/edgar/data/1596532/000159653226000220/0001596532-26-000220.txt
Duda Kenneth,President and CTO,2026-08-28,2026-09-01,42937,0.0,0.0,D,J,619237,False,True,True,0001596532-26-000220,https://www.sec.gov/Archives/edgar/data/1596532/000159653226000220/0001596532-26-000220.txt
Duda Kenneth,President and CTO,2026-08-28,2026-09-01,102320,0.0,0.0,A,J,224695,False,True,True,0001596532-26-000220,https://www.sec.gov/Archives/edgar/data/1596532/000159653226000220/0001596532-26-000220.txt
BECHTOLSHEIM ANDREAS,,2026-08-27,2026-08-31,15053,199.906,3009185.02,D,S,181127995,True,False,False,0001596532-26-000218,https://www.sec.gov/Archives/edgar/data/1596532/000159653226000218/0001596532-26-000218.txt
BECHTOLSHEIM ANDREAS,,2026-08-27,2026-08-31,50091,200.8132,10058934.0,D,S,181077904,True,False,False,0001596532-26-000218,https://www.sec.gov/Archives/edgar/data/1596532/000159653226000218/0001596532-26-000218.txt
BECHTOLSHEIM ANDREAS,,2026-08-27,2026-08-31,70054,201.7361,14132420.75,D,S,181007850,True,False,False,0001596532-26-000218,https://www.sec.gov/Archives/edgar/data/1596532/000159653226000218/0001596532-26-000218.txt
BECHTOLSHEIM ANDREAS,,2026-08-27,2026-08-31,73794,202.7124,14958958.85,D,S,180934056,True,False,False,0001596532-26-000218,https://www.sec.gov/Archives/edgar/data/1596532/000159653226000218/0001596532-26-000218.txt
BECHTOLSHEIM ANDREAS,,2026-08-27,2026-08-31,20852,203.6905,4247354.31,D,S,180913204,True,False,False,0001596532-26-000218,https://www.sec.gov/Archives/edgar/data/1596532/000159653226000218/0001596532-26-000218.txt
BECHTOLSHEIM ANDREAS,,2026-08-27,2026-08-31,64510,204.8244,13213222.04,D,S,180848694,True,False,False,0001596532-26-000218,https://www.sec.gov/Archives/edgar/data/1596532/000159653226000218/0001596532-26-000218.txt
BECHTOLSHEIM ANDREAS,,2026-08-27,2026-08-31,5646,205.4503,1159972.39,D,S,180843048,True,False,False,0001596532-26-000218,https://www.sec.gov/Archives/edgar/data/1596532/000159653226000218/0001596532-26-000218.txt
Ullal Jayshree,CEO and Chairperson,2026-08-25,2026-08-27,3281,191.1012,627003.04,D,S,20445,True,True,True,0001596532-26-000216,https://www.sec.gov/Archives/edgar/data/1596532/000159653226000216/0001596532-26-000216.txt
Ullal Jayshree,CEO and Chairperson,2026-08-25,2026-08-27,10128,191.9859,1944433.2,D,S,10317,True,True,True,0001596532-26-000216,https://www.sec.gov/Archives/edgar/data/1596532/000159653226000216/0001596532-26-000216.txt
Ullal Jayshree,CEO and Chairperson,2026-08-25,2026-08-27,400,192.6375,77055.0,D,S,9917,True,True,True,0001596532-26-000216,https://www.sec.gov/Archives/edgar/data/1596532/000159653226000216/0001596532-26-000216.txt
Battles Kelly Bodnar,,2026-08-21,2026-08-25,70,184.7679,12933.75,D,S,10546,True,True,False,0001596532-26-000214,https://www.sec.gov/Archives/edgar/data/1596532/000159653226000214/0001596532-26-000214.txt
Battles Kelly Bodnar,,2026-08-21,2026-08-25,64,185.6091,11878.98,D,S,10482,True,True,False,0001596532-26-000214,https://www.sec.gov/Archives/edgar/data/1596532/000159653226000214/0001596532-26-000214.txt
Battles Kelly Bodnar,,2026-08-21,2026-08-25,35,186.926,6542.41,D,S,10447,True,True,False,0001596532-26-000214,https://www.sec.gov/Archives/edgar/data/1596532/000159653226000214/0001596532-26-000214.txt
Battles Kelly Bodnar,,2026-08-21,2026-08-25,40,187.7738,7510.95,D,S,10407,True,True,False,0001596532-26-000214,https://www.sec.gov/Archives/edgar/data/1596532/000159653226000214/0001596532-26-000214.txt
Battles Kelly Bodnar,,2026-08-21,2026-08-25,213,188.692,40191.4,D,S,10194,True,True,False,0001596532-26-000214,https://www.sec.gov/Archives/edgar/data/1596532/000159653226000214/0001596532-26-000214.txt
Wassenaar Yvonne,,2026-08-20,2026-08-24,538,0.0,0.0,A,M,10322,False,True,False,0001596532-26-000208,https://www.sec.gov/Archives/edgar/data/1596532/000159653226000208/0001596532-26-000208.txt
Ullal Jayshree,CEO and Chairperson,2026-08-20,2026-08-24,27664,0.0,0.0,A,M,37581,False,True,True,0001596532-26-000212,https://www.sec.gov/Archives/edgar/data/1596532/000159653226000212/0001596532-26-000212.txt
Ullal Jayshree,CEO and Chairperson,2026-08-20,2026-08-24,13855,186.45,2583264.75,D,F,23726,False,True,True,0001596532-26-000212,https://www.sec.gov/Archives/edgar/data/1596532/000159653226000212/0001596532-26-000212.txt
TEMPLETON MARK B,,2026-08-20,2026-08-24,538,0.0,0.0,A,M,58410,False,True,False,0001596532-26-000207,https://www.sec.gov/Archives/edgar/data/1596532/000159653226000207/0001596532-26-000207.txt
Scheinman Daniel,,2026-08-20,2026-08-24,538,0.0,0.0,A,M,158730,False,True,False,0001596532-26-000206,https://www.sec.gov/Archives/edgar/data/1596532/000159653226000206/0001596532-26-000206.txt
Nightingale Todd,President and COO,2026-08-20,2026-08-24,116515,0.0,0.0,A,M,122643,False,False,True,0001596532-26-000211,https://www.sec.gov/Archives/edgar/data/1596532/000159653226000211/0001596532-26-000211.txt
Nightingale Todd,President and COO,2026-08-20,2026-08-24,10360,0.0,0.0,A,M,133003,False,False,True,0001596532-26-000211,https://www.sec.gov/Archives/edgar/data/1596532/000159653226000211/0001596532-26-000211.txt
Nightingale Todd,President and COO,2026-08-20,2026-08-24,63540,186.45,11847033.0,D,F,69463,False,False,True,0001596532-26-000211,https://www.sec.gov/Archives/edgar/data/1596532/000159653226000211/0001596532-26-000211.txt
Lavender Robert G,,2026-08-20,2026-08-24,538,0.0,0.0,A,M,4607,False,True,False,0001596532-26-000205,https://www.sec.gov/Archives/edgar/data/1596532/000159653226000205/0001596532-26-000205.txt
Giancarlo Charles H,,2026-08-20,2026-08-24,538,0.0,0.0,A,M,1509,False,True,False,0001596532-26-000204,https://www.sec.gov/Archives/edgar/data/1596532/000159653226000204/0001596532-26-000204.txt
Duda Kenneth,President and CTO,2026-08-20,2026-08-24,13334,15.2769,203702.18,A,M,26310,True,True,True,0001596532-26-000210,https://www.sec.gov/Archives/edgar/data/1596532/000159653226000210/0001596532-26-000210.txt
Duda Kenneth,President and CTO,2026-08-20,2026-08-24,3999,14.1463,56571.05,A,M,30309,True,True,True,0001596532-26-000210,https://www.sec.gov/Archives/edgar/data/1596532/000159653226000210/0001596532-26-000210.txt
Duda Kenneth,President and CTO,2026-08-20,2026-08-24,4197,184.3297,773631.75,D,S,26112,True,True,True,0001596532-26-000210,https://www.sec.gov/Archives/edgar/data/1596532/000159653226000210/0001596532-26-000210.txt
Duda Kenneth,President and CTO,2026-08-20,2026-08-24,5750,185.1821,1064797.07,D,S,20362,True,True,True,0001596532-26-000210,https://www.sec.gov/Archives/edgar/data/1596532/000159653226000210/0001596532-26-000210.txt
Duda Kenneth,President and CTO,2026-08-20,2026-08-24,6568,186.1257,1222473.6,D,S,13794,True,True,True,0001596532-26-000210,https://www.sec.gov/Archives/edgar/data/1596532/000159653226000210/0001596532-26-000210.txt
Duda Kenneth,President and CTO,2026-08-20,2026-08-24,818,186.9698,152941.3,D,S,12976,True,True,True,0001596532-26-000210,https://www.sec.gov/Archives/edgar/data/1596532/000159653226000210/0001596532-26-000210.txt
Duda Kenneth,President and CTO,2026-08-20,2026-08-24,3875,184.3297,714277.59,D,S,1027293,True,True,True,0001596532-26-000210,https://www.sec.gov/Archives/edgar/data/1596532/000159653226000210/0001596532-26-000210.txt
Duda Kenneth,President and CTO,2026-08-20,2026-08-24,5308,185.1821,982946.59,D,S,1021985,True,True,True,0001596532-26-000210,https://www.sec.gov/Archives/edgar/data/1596532/000159653226000210/0001596532-26-000210.txt
Duda Kenneth,President and CTO,2026-08-20,2026-08-24,6063,186.1257,1128480.12,D,S,1015922,True,True,True,0001596532-26-000210,https://www.sec.gov/Archives/edgar/data/1596532/000159653226000210/0001596532-26-000210.txt
Duda Kenneth,President and CTO,2026-08-20,2026-08-24,754,186.9698,140975.23,D,S,1015168,True,True,True,0001596532-26-000210,https://www.sec.gov/Archives/edgar/data/1596532/000159653226000210/0001596532-26-000210.txt
Duda Kenneth,President and CTO,2026-08-20,2026-08-24,2422,184.3297,446446.53,D,S,459978,True,True,True,0001596532-26-000210,https://www.sec.gov/Archives/edgar/data/1596532/000159653226000210/0001596532-26-000210.txt
Duda Kenneth,President and CTO,2026-08-20,2026-08-24,3317,185.1821,614249.03,D,S,456661,True,True,True,0001596532-26-000210,https://www.sec.gov/Archives/edgar/data/1596532/000159653226000210/0001596532-26-000210.txt
Duda Kenneth,President and CTO,2026-08-20,2026-08-24,3789,186.1257,705230.28,D,S,452872,True,True,True,0001596532-26-000210,https://www.sec.gov/Archives/edgar/data/1596532/000159653226000210/0001596532-26-000210.txt
Duda Kenneth,President and CTO,2026-08-20,2026-08-24,472,186.9698,88249.75,D,S,452400,True,True,True,0001596532-26-000210,https://www.sec.gov/Archives/edgar/data/1596532/000159653226000210/0001596532-26-000210.txt
Duda Kenneth,President and CTO,2026-08-20,2026-08-24,3880,0.0,0.0,A,M,110770,True,True,True,0001596532-26-000210,https://www.sec.gov/Archives/edgar/data/1596532/000159653226000210/0001596532-26-000210.txt
Duda Kenneth,President and CTO,2026-08-20,2026-08-24,4148,0.0,0.0,A,M,114918,True,True,True,0001596532-26-000210,https://www.sec.gov/Archives/edgar/data/1596532/000159653226000210/0001596532-26-000210.txt
Duda Kenneth,President and CTO,2026-08-20,2026-08-24,1832,0.0,0.0,A,M,116750,True,True,True,0001596532-26-000210,https://www.sec.gov/Archives/edgar/data/1596532/000159653226000210/0001596532-26-000210.txt
Duda Kenneth,President and CTO,2026-08-20,2026-08-24,19816,0.0,0.0,A,M,136566,True,True,True,0001596532-26-000210,https://www.sec.gov/Archives/edgar/data/1596532/000159653226000210/0001596532-26-000210.txt
Duda Kenneth,President and CTO,2026-08-20,2026-08-24,1350,0.0,0.0,A,M,137916,True,True,True,0001596532-26-000210,https://www.sec.gov/Archives/edgar/data/1596532/000159653226000210/0001596532-26-000210.txt
Duda Kenneth,President and CTO,2026-08-20,2026-08-24,15541,186.45,2897619.45,D,F,122375,True,True,True,0001596532-26-000210,https://www.sec.gov/Archives/edgar/data/1596532/000159653226000210/0001596532-26-000210.txt
CHEW LEWIS,,2026-08-20,2026-08-24,538,0.0,0.0,A,M,31770,False,True,False,0001596532-26-000203,https://www.sec.gov/Archives/edgar/data/1596532/000159653226000203/0001596532-26-000203.txt
Breithaupt Chantelle Yvette,"Senior Vice President, CFO",2026-08-20,2026-08-24,10920,0.0,0.0,A,M,75328,False,False,True,0001596532-26-000209,https://www.sec.gov/Archives/edgar/data/1596532/000159653226000209/0001596532-26-000209.txt
Breithaupt Chantelle Yvette,"Senior Vice President, CFO",2026-08-20,2026-08-24,1350,0.0,0.0,A,M,76678,False,False,True,0001596532-26-000209,https://www.sec.gov/Archives/edgar/data/1596532/000159653226000209/0001596532-26-000209.txt
Breithaupt Chantelle Yvette,"Senior Vice President, CFO",2026-08-20,2026-08-24,6145,186.45,1145735.25,D,F,70533,False,False,True,0001596532-26-000209,https://www.sec.gov/Archives/edgar/data/1596532/000159653226000209/0001596532-26-000209.txt
Battles Kelly Bodnar,,2026-08-20,2026-08-24,538,0.0,0.0,A,M,10616,False,True,False,0001596532-26-000202,https://www.sec.gov/Archives/edgar/data/1596532/000159653226000202/0001596532-26-000202.txt
Ullal Jayshree,CEO and Chairperson,2026-08-12,2026-08-14,417,211.3693,88141.0,D,S,4968073,True,True,True,0001596532-26-000190,https://www.sec.gov/Archives/edgar/data/1596532/000159653226000190/0001596532-26-000190.txt
Ullal Jayshree,CEO and Chairperson,2026-08-12,2026-08-14,9127,210.9749,1925567.91,D,S,4958946,True,True,True,0001596532-26-000190,https://www.sec.gov/Archives/edgar/data/1596532/000159653226000190/0001596532-26-000190.txt
Ullal Jayshree,CEO and Chairperson,2026-08-12,2026-08-14,1672,209.1476,349694.79,D,S,4957274,True,True,True,0001596532-26-000190,https://www.sec.gov/Archives/edgar/data/1596532/000159653226000190/0001596532-26-000190.txt
Ullal Jayshree,CEO and Chairperson,2026-08-12,2026-08-14,24325,208.2931,5066729.66,D,S,4932949,True,True,True,0001596532-26-000190,https://www.sec.gov/Archives/edgar/data/1596532/000159653226000190/0001596532-26-000190.txt
Ullal Jayshree,CEO and Chairperson,2026-08-12,2026-08-14,47029,207.4275,9755107.9,D,S,4885920,True,True,True,0001596532-26-000190,https://www.sec.gov/Archives/edgar/data/1596532/000159653226000190/0001596532-26-000190.txt
Ullal Jayshree,CEO and Chairperson,2026-08-12,2026-08-14,417,211.3693,88141.0,D,S,4968073,True,True,True,0001596532-26-000190,https://www.sec.gov/Archives/edgar/data/1596532/000159653226000190/0001596532-26-000190.txt
Ullal Jayshree,CEO and Chairperson,2026-08-12,2026-08-14,9127,210.9749,1925567.91,D,S,4958946,True,True,True,0001596532-26-000190,https://www.sec.gov/Archives/edgar/data/1596532/000159653226000190/0001596532-26-000190.txt
Ullal Jayshree,CEO and Chairperson,2026-08-12,2026-08-14,1672,209.1476,349694.79,D,S,4957274,True,True,True,0001596532-26-000190,https://www.sec.gov/Archives/edgar/data/1596532/000159653226000190/0001596532-26-000190.txt
Ullal Jayshree,CEO and Chairperson,2026-08-12,2026-08-14,24325,208.2931,5066729.66,D,S,4932949,True,True,True,0001596532-26-000190,https://www.sec.gov/Archives/edgar/data/1596532/000159653226000190/0001596532-26-000190.txt
Ullal Jayshree,CEO and Chairperson,2026-08-12,2026-08-14,47029,207.4275,9755107.9,D,S,4885920,True,True,True,0001596532-26-000190,https://www.sec.gov/Archives/edgar/data/1596532/000159653226000190/0001596532-26-000190.txt
Ullal Jayshree,CEO and Chairperson,2026-08-12,2026-08-14,22,211.3693,4650.12,D,S,29462,True,True,True,0001596532-26-000190,https://www.sec.gov/Archives/edgar/data/1596532/000159653226000190/0001596532-26-000190.txt
Ullal Jayshree,CEO and Chairperson,2026-08-12,2026-08-14,496,210.9749,104643.55,D,S,28966,True,True,True,0001596532-26-000190,https://www.sec.gov/Archives/edgar/data/1596532/000159653226000190/0001596532-26-000190.txt
Ullal Jayshree,CEO and Chairperson,2026-08-12,2026-08-14,91,209.1476,19032.43,D,S,28875,True,True,True,0001596532-26-000190,https://www.sec.gov/Archives/edgar/data/1596532/000159653226000190/0001596532-26-000190.txt
Ullal Jayshree,CEO and Chairperson,2026-08-12,2026-08-14,1321,208.2931,275155.19,D,S,27554,True,True,True,0001596532-26-000190,https://www.sec.gov/Archives/edgar/data/1596532/000159653226000190/0001596532-26-000190.txt
Ullal Jayshree,CEO and Chairperson,2026-08-12,2026-08-14,2554,207.4275,529769.84,D,S,25000,True,True,True,0001596532-26-000190,https://www.sec.gov/Archives/edgar/data/1596532/000159653226000190/0001596532-26-000190.txt
Ullal Jayshree,CEO and Chairperson,2026-08-12,2026-08-14,22,211.3693,4650.12,D,S,29462,True,True,True,0001596532-26-000190,https://www.sec.gov/Archives/edgar/data/1596532/000159653226000190/0001596532-26-000190.txt
Ullal Jayshree,CEO and Chairperson,2026-08-12,2026-08-14,496,210.9749,104643.55,D,S,28966,True,True,True,0001596532-26-000190,https://www.sec.gov/Archives/edgar/data/1596532/000159653226000190/0001596532-26-000190.txt
Ullal Jayshree,CEO and Chairperson,2026-08-12,2026-08-14,91,209.1476,19032.43,D,S,28875,True,True,True,0001596532-26-000190,https://www.sec.gov/Archives/edgar/data/1596532/000159653226000190/0001596532-26-000190.txt
Ullal Jayshree,CEO and Chairperson,2026-08-12,2026-08-14,1321,208.2931,275155.19,D,S,27554,True,True,True,0001596532-26-000190,https://www.sec.gov/Archives/edgar/data/1596532/000159653226000190/0001596532-26-000190.txt
Ullal Jayshree,CEO and Chairperson,2026-08-12,2026-08-14,2554,207.4275,529769.84,D,S,25000,True,True,True,0001596532-26-000190,https://www.sec.gov/Archives/edgar/data/1596532/000159653226000190/0001596532-26-000190.txt
Ullal Jayshree,CEO and Chairperson,2026-08-12,2026-08-14,227485,207.4275,47186644.84,D,S,16160496,True,True,True,0001596532-26-000190,https://www.sec.gov/Archives/edgar/data/1596532/000159653226000190/0001596532-26-000190.txt
Ullal Jayshree,CEO and Chairperson,2026-08-12,2026-08-14,117662,208.2931,24508182.73,D,S,16042834,True,True,True,0001596532-26-000190,https://www.sec.gov/Archives/edgar/data/1596532/000159653226000190/0001596532-26-000190.txt
Ullal Jayshree,CEO and Chairperson,2026-08-12,2026-08-14,8085,209.1476,1690958.35,D,S,16034749,True,True,True,0001596532-26-000190,https://www.sec.gov/Archives/edgar/data/1596532/000159653226000190/0001596532-26-000190.txt
Ullal Jayshree,CEO and Chairperson,2026-08-12,2026-08-14,44147,210.9749,9313908.91,D,S,15990602,True,True,True,0001596532-26-000190,https://www.sec.gov/Archives/edgar/data/1596532/000159653226000190/0001596532-26-000190.txt
Ullal Jayshree,CEO and Chairperson,2026-08-12,2026-08-14,2022,211.3693,427388.72,D,S,15988580,True,True,True,0001596532-26-000190,https://www.sec.gov/Archives/edgar/data/1596532/000159653226000190/0001596532-26-000190.txt
BECHTOLSHEIM ANDREAS,,2026-08-06,2026-08-10,2015,190.0053,382860.68,D,S,109833,True,False,False,0001596532-26-000188,https://www.sec.gov/Archives/edgar/data/1596532/000159653226000188/0001596532-26-000188.txt
BECHTOLSHEIM ANDREAS,,2026-08-06,2026-08-10,5534,190.8738,1056295.61,D,S,104299,True,False,False,0001596532-26-000188,https://www.sec.gov/Archives/edgar/data/1596532/000159653226000188/0001596532-26-000188.txt
BECHTOLSHEIM ANDREAS,,2026-08-06,2026-08-10,37099,192.1176,7127370.84,D,S,67200,True,False,False,0001596532-26-000188,https://www.sec.gov/Archives/edgar/data/1596532/000159653226000188/0001596532-26-000188.txt
BECHTOLSHEIM ANDREAS,,2026-08-06,2026-08-10,50337,192.8649,9708240.47,D,S,16863,True,False,False,0001596532-26-000188,https://www.sec.gov/Archives/edgar/data/1596532/000159653226000188/0001596532-26-000188.txt
BECHTOLSHEIM ANDREAS,,2026-08-06,2026-08-10,8162,193.8308,1582046.99,D,S,8701,True,False,False,0001596532-26-000188,https://www.sec.gov/Archives/edgar/data/1596532/000159653226000188/0001596532-26-000188.txt
BECHTOLSHEIM ANDREAS,,2026-08-06,2026-08-10,3185,194.8603,620630.06,D,S,5516,True,False,False,0001596532-26-000188,https://www.sec.gov/Archives/edgar/data/1596532/000159653226000188/0001596532-26-000188.txt
BECHTOLSHEIM ANDREAS,,2026-08-06,2026-08-10,4443,195.8569,870192.21,D,S,1073,True,False,False,0001596532-26-000188,https://www.sec.gov/Archives/edgar/data/1596532/000159653226000188/0001596532-26-000188.txt
BECHTOLSHEIM ANDREAS,,2026-08-06,2026-08-10,1073,196.6015,210953.41,D,S,0,True,False,False,0001596532-26-000188,https://www.sec.gov/Archives/edgar/data/1596532/000159653226000188/0001596532-26-000188.txt
BECHTOLSHEIM ANDREAS,,2026-08-06,2026-08-10,4983,190.0661,947099.38,D,S,181438065,True,False,False,0001596532-26-000188,https://www.sec.gov/Archives/edgar/data/1596532/000159653226000188/0001596532-26-000188.txt
BECHTOLSHEIM ANDREAS,,2026-08-06,2026-08-10,15029,190.8752,2868663.38,D,S,181423036,True,False,False,0001596532-26-000188,https://www.sec.gov/Archives/edgar/data/1596532/000159653226000188/0001596532-26-000188.txt
BECHTOLSHEIM ANDREAS,,2026-08-06,2026-08-10,99925,192.1171,19197301.22,D,S,181323111,True,False,False,0001596532-26-000188,https://www.sec.gov/Archives/edgar/data/1596532/000159653226000188/0001596532-26-000188.txt
BECHTOLSHEIM ANDREAS,,2026-08-06,2026-08-10,135778,192.8737,26188005.24,D,S,181187333,True,False,False,0001596532-26-000188,https://www.sec.gov/Archives/edgar/data/1596532/000159653226000188/0001596532-26-000188.txt
BECHTOLSHEIM ANDREAS,,2026-08-06,2026-08-10,21540,193.8292,4175080.97,D,S,181165793,True,False,False,0001596532-26-000188,https://www.sec.gov/Archives/edgar/data/1596532/000159653226000188/0001596532-26-000188.txt
BECHTOLSHEIM ANDREAS,,2026-08-06,2026-08-10,8321,194.8601,1621430.89,D,S,181157472,True,False,False,0001596532-26-000188,https://www.sec.gov/Archives/edgar/data/1596532/000159653226000188/0001596532-26-000188.txt
BECHTOLSHEIM ANDREAS,,2026-08-06,2026-08-10,11632,195.8562,2278199.32,D,S,181145840,True,False,False,0001596532-26-000188,https://www.sec.gov/Archives/edgar/data/1596532/000159653226000188/0001596532-26-000188.txt
BECHTOLSHEIM ANDREAS,,2026-08-06,2026-08-10,2792,196.6011,548910.27,D,S,181143048,True,False,False,0001596532-26-000188,https://www.sec.gov/Archives/edgar/data/1596532/000159653226000188/0001596532-26-000188.txt
Ullal Jayshree,CEO and Chairperson,2026-08-05,2026-08-07,152860,197.116,30131151.76,D,S,17002150,True,True,True,0001596532-26-000185,https://www.sec.gov/Archives/edgar/data/1596532/000159653226000185/0001596532-26-000185.txt
Ullal Jayshree,CEO and Chairperson,2026-08-05,2026-08-07,27292,198.5433,5418643.74,D,S,16974858,True,True,True,0001596532-26-000185,https://www.sec.gov/Archives/edgar/data/1596532/000159653226000185/0001596532-26-000185.txt
Ullal Jayshree,CEO and Chairperson,2026-08-05,2026-08-07,54399,199.5091,10853095.53,D,S,16920459,True,True,True,0001596532-26-000185,https://www.sec.gov/Archives/edgar/data/1596532/000159653226000185/0001596532-26-000185.txt
Ullal Jayshree,CEO and Chairperson,2026-08-05,2026-08-07,17132,200.4263,3433703.37,D,S,16903327,True,True,True,0001596532-26-000185,https://www.sec.gov/Archives/edgar/data/1596532/000159653226000185/0001596532-26-000185.txt
Ullal Jayshree,CEO and Chairperson,2026-08-05,2026-08-07,369569,201.2927,74391541.85,D,S,16533758,True,True,True,0001596532-26-000185,https://www.sec.gov/Archives/edgar/data/1596532/000159653226000185/0001596532-26-000185.txt
Ullal Jayshree,CEO and Chairperson,2026-08-05,2026-08-07,2428,202.3871,491395.88,D,S,16531330,True,True,True,0001596532-26-000185,https://www.sec.gov/Archives/edgar/data/1596532/000159653226000185/0001596532-26-000185.txt
Ullal Jayshree,CEO and Chairperson,2026-08-05,2026-08-07,33931,203.5675,6907248.84,D,S,16497399,True,True,True,0001596532-26-000185,https://www.sec.gov/Archives/edgar/data/1596532/000159653226000185/0001596532-26-000185.txt
Ullal Jayshree,CEO and Chairperson,2026-08-05,2026-08-07,28776,204.7292,5891287.46,D,S,16468623,True,True,True,0001596532-26-000185,https://www.sec.gov/Archives/edgar/data/1596532/000159653226000185/0001596532-26-000185.txt
Ullal Jayshree,CEO and Chairperson,2026-08-05,2026-08-07,26722,205.6127,5494382.57,D,S,16441901,True,True,True,0001596532-26-000185,https://www.sec.gov/Archives/edgar/data/1596532/000159653226000185/0001596532-26-000185.txt
Ullal Jayshree,CEO and Chairperson,2026-08-05,2026-08-07,1601,207.0532,331492.17,D,S,16440300,True,True,True,0001596532-26-000185,https://www.sec.gov/Archives/edgar/data/1596532/000159653226000185/0001596532-26-000185.txt
Ullal Jayshree,CEO and Chairperson,2026-08-05,2026-08-07,10640,207.871,2211747.44,D,S,16429660,True,True,True,0001596532-26-000185,https://www.sec.gov/Archives/edgar/data/1596532/000159653226000185/0001596532-26-000185.txt
Ullal Jayshree,CEO and Chairperson,2026-08-05,2026-08-07,1023,209.0,213807.0,D,S,16428637,True,True,True,0001596532-26-000185,https://www.sec.gov/Archives/edgar/data/1596532/000159653226000185/0001596532-26-000185.txt
Ullal Jayshree,CEO and Chairperson,2026-08-05,2026-08-07,35337,210.5985,7441919.19,D,S,16393300,True,True,True,0001596532-26-000185,https://www.sec.gov/Archives/edgar/data/1596532/000159653226000185/0001596532-26-000185.txt
Ullal Jayshree,CEO and Chairperson,2026-08-05,2026-08-07,1495,211.734,316542.33,D,S,16391805,True,True,True,0001596532-26-000185,https://www.sec.gov/Archives/edgar/data/1596532/000159653226000185/0001596532-26-000185.txt
Ullal Jayshree,CEO and Chairperson,2026-08-05,2026-08-07,3824,212.6377,813126.56,D,S,16387981,True,True,True,0001596532-26-000185,https://www.sec.gov/Archives/edgar/data/1596532/000159653226000185/0001596532-26-000185.txt
Ullal Jayshree,CEO and Chairperson,2026-08-05,2026-08-07,102,197.116,20105.83,D,S,29898,True,True,True,0001596532-26-000184,https://www.sec.gov/Archives/edgar/data/1596532/000159653226000184/0001596532-26-000184.txt
Ullal Jayshree,CEO and Chairperson,2026-08-05,2026-08-07,18,198.5433,3573.78,D,S,29880,True,True,True,0001596532-26-000184,https://www.sec.gov/Archives/edgar/data/1596532/000159653226000184/0001596532-26-000184.txt
Ullal Jayshree,CEO and Chairperson,2026-08-05,2026-08-07,37,199.5091,7381.84,D,S,29843,True,True,True,0001596532-26-000184,https://www.sec.gov/Archives/edgar/data/1596532/000159653226000184/0001596532-26-000184.txt
Ullal Jayshree,CEO and Chairperson,2026-08-05,2026-08-07,12,200.4263,2405.12,D,S,29831,True,True,True,0001596532-26-000184,https://www.sec.gov/Archives/edgar/data/1596532/000159653226000184/0001596532-26-000184.txt
Ullal Jayshree,CEO and Chairperson,2026-08-05,2026-08-07,248,201.2927,49920.59,D,S,29583,True,True,True,0001596532-26-000184,https://www.sec.gov/Archives/edgar/data/1596532/000159653226000184/0001596532-26-000184.txt
Ullal Jayshree,CEO and Chairperson,2026-08-05,2026-08-07,2,202.3871,404.77,D,S,29581,True,True,True,0001596532-26-000184,https://www.sec.gov/Archives/edgar/data/1596532/000159653226000184/0001596532-26-000184.txt
Ullal Jayshree,CEO and Chairperson,2026-08-05,2026-08-07,23,203.5675,4682.05,D,S,29558,True,True,True,0001596532-26-000184,https://www.sec.gov/Archives/edgar/data/1596532/000159653226000184/0001596532-26-000184.txt
Ullal Jayshree,CEO and Chairperson,2026-08-05,2026-08-07,19,204.7292,3889.85,D,S,29539,True,True,True,0001596532-26-000184,https://www.sec.gov/Archives/edgar/data/1596532/000159653226000184/0001596532-26-000184.txt
Ullal Jayshree,CEO and Chairperson,2026-08-05,2026-08-07,18,205.6127,3701.03,D,S,29521,True,True,True,0001596532-26-000184,https://www.sec.gov/Archives/edgar/data/1596532/000159653226000184/0001596532-26-000184.txt
Ullal Jayshree,CEO and Chairperson,2026-08-05,2026-08-07,1,207.0532,207.05,D,S,29520,True,True,True,0001596532-26-000184,https://www.sec.gov/Archives/edgar/data/1596532/000159653226000184/0001596532-26-000184.txt
Ullal Jayshree,CEO and Chairperson,2026-08-05,2026-08-07,7,207.871,1455.1,D,S,29513,True,True,True,0001596532-26-000184,https://www.sec.gov/Archives/edgar/data/1596532/000159653226000184/0001596532-26-000184.txt
Ullal Jayshree,CEO and Chairperson,2026-08-05,2026-08-07,1,209.0,209.0,D,S,29512,True,True,True,0001596532-26-000184,https://www.sec.gov/Archives/edgar/data/1596532/000159653226000184/0001596532-26-000184.txt
Ullal Jayshree,CEO and Chairperson,2026-08-05,2026-08-07,24,210.5985,5054.36,D,S,29488,True,True,True,0001596532-26-000184,https://www.sec.gov/Archives/edgar/data/1596532/000159653226000184/0001596532-26-000184.txt
Ullal Jayshree,CEO and Chairperson,2026-08-05,2026-08-07,1,211.734,211.73,D,S,29487,True,True,True,0001596532-26-000184,https://www.sec.gov/Archives/edgar/data/1596532/000159653226000184/0001596532-26-000184.txt
Ullal Jayshree,CEO and Chairperson,2026-08-05,2026-08-07,3,212.6377,637.91,D,S,29484,True,True,True,0001596532-26-000184,https://www.sec.gov/Archives/edgar/data/1596532/000159653226000184/0001596532-26-000184.txt
Ullal Jayshree,CEO and Chairperson,2026-08-05,2026-08-07,102,197.116,20105.83,D,S,29898,True,True,True,0001596532-26-000184,https://www.sec.gov/Archives/edgar/data/1596532/000159653226000184/0001596532-26-000184.txt
Ullal Jayshree,CEO and Chairperson,2026-08-05,2026-08-07,18,198.5433,3573.78,D,S,29880,True,True,True,0001596532-26-000184,https://www.sec.gov/Archives/edgar/data/1596532/000159653226000184/0001596532-26-000184.txt
Ullal Jayshree,CEO and Chairperson,2026-08-05,2026-08-07,37,199.5091,7381.84,D,S,29843,True,True,True,0001596532-26-000184,https://www.sec.gov/Archives/edgar/data/1596532/000159653226000184/0001596532-26-000184.txt
Ullal Jayshree,CEO and Chairperson,2026-08-05,2026-08-07,12,200.4263,2405.12,D,S,29831,True,True,True,0001596532-26-000184,https://www.sec.gov/Archives/edgar/data/1596532/000159653226000184/0001596532-26-000184.txt
Ullal Jayshree,CEO and Chairperson,2026-08-05,2026-08-07,248,201.2927,49920.59,D,S,29583,True,True,True,0001596532-26-000184,https://www.sec.gov/Archives/edgar/data/1596532/000159653226000184/0001596532-26-000184.txt
Ullal Jayshree,CEO and Chairperson,2026-08-05,2026-08-07,2,202.3871,404.77,D,S,29581,True,True,True,0001596532-26-000184,https://www.sec.gov/Archives/edgar/data/1596532/000159653226000184/0001596532-26-000184.txt
Ullal Jayshree,CEO and Chairperson,2026-08-05,2026-08-07,23,203.5675,4682.05,D,S,29558,True,True,True,0001596532-26-000184,https://www.sec.gov/Archives/edgar/data/1596532/000159653226000184/0001596532-26-000184.txt
Ullal Jayshree,CEO and Chairperson,2026-08-05,2026-08-07,19,204.7292,3889.85,D,S,29539,True,True,True,0001596532-26-000184,https://www.sec.gov/Archives/edgar/data/1596532/000159653226000184/0001596532-26-000184.txt
Ullal Jayshree,CEO and Chairperson,2026-08-05,2026-08-07,18,205.6127,3701.03,D,S,29521,True,True,True,0001596532-26-000184,https://www.sec.gov/Archives/edgar/data/1596532/000159653226000184/0001596532-26-000184.txt
Ullal Jayshree,CEO and Chairperson,2026-08-05,2026-08-07,1,207.0532,207.05,D,S,29520,True,True,True,0001596532-26-000184,https://www.sec.gov/Archives/edgar/data/1596532/000159653226000184/0001596532-26-000184.txt
Ullal Jayshree,CEO and Chairperson,2026-08-05,2026-08-07,7,207.871,1455.1,D,S,29513,True,True,True,0001596532-26-000184,https://www.sec.gov/Archives/edgar/data/1596532/000159653226000184/0001596532-26-000184.txt
Ullal Jayshree,CEO and Chairperson,2026-08-05,2026-08-07,1,209.0,209.0,D,S,29512,True,True,True,0001596532-26-000184,https://www.sec.gov/Archives/edgar/data/1596532/000159653226000184/0001596532-26-000184.txt
Ullal Jayshree,CEO and Chairperson,2026-08-05,2026-08-07,24,210.5985,5054.36,D,S,29488,True,True,True,0001596532-26-000184,https://www.sec.gov/Archives/edgar/data/1596532/000159653226000184/0001596532-26-000184.txt
Ullal Jayshree,CEO and Chairperson,2026-08-05,2026-08-07,1,211.734,211.73,D,S,29487,True,True,True,0001596532-26-000184,https://www.sec.gov/Archives/edgar/data/1596532/000159653226000184/0001596532-26-000184.txt
Ullal Jayshree,CEO and Chairperson,2026-08-05,2026-08-07,3,212.6377,637.91,D,S,29484,True,True,True,0001596532-26-000184,https://www.sec.gov/Archives/edgar/data/1596532/000159653226000184/0001596532-26-000184.txt
Ullal Jayshree,CEO and Chairperson,2026-08-05,2026-08-07,33027,197.116,6510150.13,D,S,5101180,True,True,True,0001596532-26-000183,https://www.sec.gov/Archives/edgar/data/1596532/000159653226000183/0001596532-26-000183.txt
Ullal Jayshree,CEO and Chairperson,2026-08-05,2026-08-07,5897,198.5433,1170809.84,D,S,5095283,True,True,True,0001596532-26-000183,https://www.sec.gov/Archives/edgar/data/1596532/000159653226000183/0001596532-26-000183.txt
Ullal Jayshree,CEO and Chairperson,2026-08-05,2026-08-07,11753,199.5091,2344830.45,D,S,5083530,True,True,True,0001596532-26-000183,https://www.sec.gov/Archives/edgar/data/1596532/000159653226000183/0001596532-26-000183.txt
Ullal Jayshree,CEO and Chairperson,2026-08-05,2026-08-07,3701,200.4263,741777.74,D,S,5079829,True,True,True,0001596532-26-000183,https://www.sec.gov/Archives/edgar/data/1596532/000159653226000183/0001596532-26-000183.txt
Ullal Jayshree,CEO and Chairperson,2026-08-05,2026-08-07,79845,201.2927,16072215.63,D,S,4999984,True,True,True,0001596532-26-000183,https://www.sec.gov/Archives/edgar/data/1596532/000159653226000183/0001596532-26-000183.txt
Ullal Jayshree,CEO and Chairperson,2026-08-05,2026-08-07,524,202.3871,106050.84,D,S,4999460,True,True,True,0001596532-26-000183,https://www.sec.gov/Archives/edgar/data/1596532/000159653226000183/0001596532-26-000183.txt
Ullal Jayshree,CEO and Chairperson,2026-08-05,2026-08-07,7331,203.5675,1492353.34,D,S,4992129,True,True,True,0001596532-26-000183,https://www.sec.gov/Archives/edgar/data/1596532/000159653226000183/0001596532-26-000183.txt
Ullal Jayshree,CEO and Chairperson,2026-08-05,2026-08-07,6217,204.7292,1272801.44,D,S,4985912,True,True,True,0001596532-26-000183,https://www.sec.gov/Archives/edgar/data/1596532/000159653226000183/0001596532-26-000183.txt
Ullal Jayshree,CEO and Chairperson,2026-08-05,2026-08-07,5773,205.6127,1187002.12,D,S,4980139,True,True,True,0001596532-26-000183,https://www.sec.gov/Archives/edgar/data/1596532/000159653226000183/0001596532-26-000183.txt
Ullal Jayshree,CEO and Chairperson,2026-08-05,2026-08-07,346,207.0532,71640.41,D,S,4979793,True,True,True,0001596532-26-000183,https://www.sec.gov/Archives/edgar/data/1596532/000159653226000183/0001596532-26-000183.txt
Ullal Jayshree,CEO and Chairperson,2026-08-05,2026-08-07,2298,207.871,477687.56,D,S,4977495,True,True,True,0001596532-26-000183,https://www.sec.gov/Archives/edgar/data/1596532/000159653226000183/0001596532-26-000183.txt
Ullal Jayshree,CEO and Chairperson,2026-08-05,2026-08-07,221,209.0,46189.0,D,S,4977274,True,True,True,0001596532-26-000183,https://www.sec.gov/Archives/edgar/data/1596532/000159653226000183/0001596532-26-000183.txt
Ullal Jayshree,CEO and Chairperson,2026-08-05,2026-08-07,7635,210.5985,1607919.55,D,S,4969639,True,True,True,0001596532-26-000183,https://www.sec.gov/Archives/edgar/data/1596532/000159653226000183/0001596532-26-000183.txt
Ullal Jayshree,CEO and Chairperson,2026-08-05,2026-08-07,323,211.734,68390.08,D,S,4969316,True,True,True,0001596532-26-000183,https://www.sec.gov/Archives/edgar/data/1596532/000159653226000183/0001596532-26-000183.txt
Ullal Jayshree,CEO and Chairperson,2026-08-05,2026-08-07,826,212.6377,175638.74,D,S,4968490,True,True,True,0001596532-26-000183,https://www.sec.gov/Archives/edgar/data/1596532/000159653226000183/0001596532-26-000183.txt
Ullal Jayshree,CEO and Chairperson,2026-08-05,2026-08-07,33027,197.116,6510150.13,D,S,5101180,True,True,True,0001596532-26-000183,https://www.sec.gov/Archives/edgar/data/1596532/000159653226000183/0001596532-26-000183.txt
Ullal Jayshree,CEO and Chairperson,2026-08-05,2026-08-07,5897,198.5433,1170809.84,D,S,5095283,True,True,True,0001596532-26-000183,https://www.sec.gov/Archives/edgar/data/1596532/000159653226000183/0001596532-26-000183.txt
Ullal Jayshree,CEO and Chairperson,2026-08-05,2026-08-07,11753,199.5091,2344830.45,D,S,5083530,True,True,True,0001596532-26-000183,https://www.sec.gov/Archives/edgar/data/1596532/000159653226000183/0001596532-26-000183.txt
Ullal Jayshree,CEO and Chairperson,2026-08-05,2026-08-07,3701,200.4263,741777.74,D,S,5079829,True,True,True,0001596532-26-000183,https://www.sec.gov/Archives/edgar/data/1596532/000159653226000183/0001596532-26-000183.txt
Ullal Jayshree,CEO and Chairperson,2026-08-05,2026-08-07,79845,201.2927,16072215.63,D,S,4999984,True,True,True,0001596532-26-000183,https://www.sec.gov/Archives/edgar/data/1596532/000159653226000183/0001596532-26-000183.txt
Ullal Jayshree,CEO and Chairperson,2026-08-05,2026-08-07,524,202.3871,106050.84,D,S,4999460,True,True,True,0001596532-26-000183,https://www.sec.gov/Archives/edgar/data/1596532/000159653226000183/0001596532-26-000183.txt
Ullal Jayshree,CEO and Chairperson,2026-08-05,2026-08-07,7331,203.5675,1492353.34,D,S,4992129,True,True,True,0001596532-26-000183,https://www.sec.gov/Archives/edgar/data/1596532/000159653226000183/0001596532-26-000183.txt
Ullal Jayshree,CEO and Chairperson,2026-08-05,2026-08-07,6217,204.7292,1272801.44,D,S,4985912,True,True,True,0001596532-26-000183,https://www.sec.gov/Archives/edgar/data/1596532/000159653226000183/0001596532-26-000183.txt
Ullal Jayshree,CEO and Chairperson,2026-08-05,2026-08-07,5773,205.6127,1187002.12,D,S,4980139,True,True,True,0001596532-26-000183,https://www.sec.gov/Archives/edgar/data/1596532/000159653226000183/0001596532-26-000183.txt
Ullal Jayshree,CEO and Chairperson,2026-08-05,2026-08-07,346,207.0532,71640.41,D,S,4979793,True,True,True,0001596532-26-000183,https://www.sec.gov/Archives/edgar/data/1596532/000159653226000183/0001596532-26-000183.txt
Ullal Jayshree,CEO and Chairperson,2026-08-05,2026-08-07,2298,207.871,477687.56,D,S,4977495,True,True,True,0001596532-26-000183,https://www.sec.gov/Archives/edgar/data/1596532/000159653226000183/0001596532-26-000183.txt
Ullal Jayshree,CEO and Chairperson,2026-08-05,2026-08-07,221,209.0,46189.0,D,S,4977274,True,True,True,0001596532-26-000183,https://www.sec.gov/Archives/edgar/data/1596532/000159653226000183/0001596532-26-000183.txt
Ullal Jayshree,CEO and Chairperson,2026-08-05,2026-08-07,7635,210.5985,1607919.55,D,S,4969639,True,True,True,0001596532-26-000183,https://www.sec.gov/Archives/edgar/data/1596532/000159653226000183/0001596532-26-000183.txt
Ullal Jayshree,CEO and Chairperson,2026-08-05,2026-08-07,323,211.734,68390.08,D,S,4969316,True,True,True,0001596532-26-000183,https://www.sec.gov/Archives/edgar/data/1596532/000159653226000183/0001596532-26-000183.txt
Ullal Jayshree,CEO and Chairperson,2026-08-05,2026-08-07,826,212.6377,175638.74,D,S,4968490,True,True,True,0001596532-26-000183,https://www.sec.gov/Archives/edgar/data/1596532/000159653226000183/0001596532-26-000183.txt
BECHTOLSHEIM ANDREAS,,2026-08-05,2026-08-07,4516,193.7561,875002.55,D,S,181738532,True,False,False,0001596532-26-000186,https://www.sec.gov/Archives/edgar/data/1596532/000159653226000186/0001596532-26-000186.txt
BECHTOLSHEIM ANDREAS,,2026-08-05,2026-08-07,3876,194.9151,755490.93,D,S,181734656,True,False,False,0001596532-26-000186,https://www.sec.gov/Archives/edgar/data/1596532/000159653226000186/0001596532-26-000186.txt
BECHTOLSHEIM ANDREAS,,2026-08-05,2026-08-07,3524,195.6154,689348.67,D,S,181731132,True,False,False,0001596532-26-000186,https://www.sec.gov/Archives/edgar/data/1596532/000159653226000186/0001596532-26-000186.txt
BECHTOLSHEIM ANDREAS,,2026-08-05,2026-08-07,1151,191.6242,220559.45,D,S,181729981,True,False,False,0001596532-26-000186,https://www.sec.gov/Archives/edgar/data/1596532/000159653226000186/0001596532-26-000186.txt
BECHTOLSHEIM ANDREAS,,2026-08-05,2026-08-07,3469,192.7477,668641.77,D,S,181726512,True,False,False,0001596532-26-000186,https://www.sec.gov/Archives/edgar/data/1596532/000159653226000186/0001596532-26-000186.txt
BECHTOLSHEIM ANDREAS,,2026-08-05,2026-08-07,18320,197.8517,3624643.14,D,S,181708192,True,False,False,0001596532-26-000186,https://www.sec.gov/Archives/edgar/data/1596532/000159653226000186/0001596532-26-000186.txt
BECHTOLSHEIM ANDREAS,,2026-08-05,2026-08-07,13297,198.8446,2644036.65,D,S,181694895,True,False,False,0001596532-26-000186,https://www.sec.gov/Archives/edgar/data/1596532/000159653226000186/0001596532-26-000186.txt
BECHTOLSHEIM ANDREAS,,2026-08-05,2026-08-07,11487,199.7651,2294701.7,D,S,181683408,True,False,False,0001596532-26-000186,https://www.sec.gov/Archives/edgar/data/1596532/000159653226000186/0001596532-26-000186.txt
BECHTOLSHEIM ANDREAS,,2026-08-05,2026-08-07,10909,200.8413,2190977.74,D,S,181672499,True,False,False,0001596532-26-000186,https://www.sec.gov/Archives/edgar/data/1596532/000159653226000186/0001596532-26-000186.txt
BECHTOLSHEIM ANDREAS,,2026-08-05,2026-08-07,10521,201.5508,2120515.97,D,S,181661978,True,False,False,0001596532-26-000186,https://www.sec.gov/Archives/edgar/data/1596532/000159653226000186/0001596532-26-000186.txt
BECHTOLSHEIM ANDREAS,,2026-08-05,2026-08-07,27565,202.9437,5594143.09,D,S,181634413,True,False,False,0001596532-26-000186,https://www.sec.gov/Archives/edgar/data/1596532/000159653226000186/0001596532-26-000186.txt
BECHTOLSHEIM ANDREAS,,2026-08-05,2026-08-07,47587,203.7481,9695760.83,D,S,181586826,True,False,False,0001596532-26-000186,https://www.sec.gov/Archives/edgar/data/1596532/000159653226000186/0001596532-26-000186.txt
BECHTOLSHEIM ANDREAS,,2026-08-05,2026-08-07,37355,204.6274,7643856.53,D,S,181549471,True,False,False,0001596532-26-000186,https://www.sec.gov/Archives/edgar/data/1596532/000159653226000186/0001596532-26-000186.txt
BECHTOLSHEIM ANDREAS,,2026-08-05,2026-08-07,24461,205.9397,5037491.0,D,S,181525010,True,False,False,0001596532-26-000186,https://www.sec.gov/Archives/edgar/data/1596532/000159653226000186/0001596532-26-000186.txt
BECHTOLSHEIM ANDREAS,,2026-08-05,2026-08-07,112,213.17,23875.04,D,S,181524898,True,False,False,0001596532-26-000186,https://www.sec.gov/Archives/edgar/data/1596532/000159653226000186/0001596532-26-000186.txt
BECHTOLSHEIM ANDREAS,,2026-08-05,2026-08-07,1585,209.9468,332765.68,D,S,181523313,True,False,False,0001596532-26-000186,https://www.sec.gov/Archives/edgar/data/1596532/000159653226000186/0001596532-26-000186.txt
BECHTOLSHEIM ANDREAS,,2026-08-05,2026-08-07,4636,208.5873,967010.72,D,S,181518677,True,False,False,0001596532-26-000186,https://www.sec.gov/Archives/edgar/data/1596532/000159653226000186/0001596532-26-000186.txt
BECHTOLSHEIM ANDREAS,,2026-08-05,2026-08-07,58978,207.6912,12249211.59,D,S,181459699,True,False,False,0001596532-26-000186,https://www.sec.gov/Archives/edgar/data/1596532/000159653226000186/0001596532-26-000186.txt
BECHTOLSHEIM ANDREAS,,2026-08-05,2026-08-07,8500,206.6865,1756835.25,D,S,181451199,True,False,False,0001596532-26-000186,https://www.sec.gov/Archives/edgar/data/1596532/000159653226000186/0001596532-26-000186.txt
BECHTOLSHEIM ANDREAS,,2026-08-05,2026-08-07,8151,196.8862,1604819.42,D,S,181443048,True,False,False,0001596532-26-000186,https://www.sec.gov/Archives/edgar/data/1596532/000159653226000186/0001596532-26-000186.txt
Giancarlo Charles H,,2026-08-03,2026-08-05,322,174.4949,56187.36,D,S,192011,True,True,False,0001596532-26-000178,https://www.sec.gov/Archives/edgar/data/1596532/000159653226000178/0001596532-26-000178.txt
Giancarlo Charles H,,2026-08-03,2026-08-05,817,175.4648,143354.74,D,S,191194,True,True,False,0001596532-26-000178,https://www.sec.gov/Archives/edgar/data/1596532/000159653226000178/0001596532-26-000178.txt
Giancarlo Charles H,,2026-08-03,2026-08-05,403,176.5135,71134.94,D,S,190791,True,True,False,0001596532-26-000178,https://www.sec.gov/Archives/edgar/data/1596532/000159653226000178/0001596532-26-000178.txt
Giancarlo Charles H,,2026-08-03,2026-08-05,382,177.3921,67763.78,D,S,190409,True,True,False,0001596532-26-000178,https://www.sec.gov/Archives/edgar/data/1596532/000159653226000178/0001596532-26-000178.txt
Giancarlo Charles H,,2026-08-03,2026-08-05,417,178.8179,74567.06,D,S,189992,True,True,False,0001596532-26-000178,https://www.sec.gov/Archives/edgar/data/1596532/000159653226000178/0001596532-26-000178.txt
Giancarlo Charles H,,2026-08-03,2026-08-05,536,179.8464,96397.67,D,S,189456,True,True,False,0001596532-26-000178,https://www.sec.gov/Archives/edgar/data/1596532/000159653226000178/0001596532-26-000178.txt
Giancarlo Charles H,,2026-08-03,2026-08-05,1119,180.7403,202248.4,D,S,188337,True,True,False,0001596532-26-000178,https://www.sec.gov/Archives/edgar/data/1596532/000159653226000178/0001596532-26-000178.txt
Giancarlo Charles H,,2026-08-03,2026-08-05,825,181.8137,149996.3,D,S,187512,True,True,False,0001596532-26-000178,https://www.sec.gov/Archives/edgar/data/1596532/000159653226000178/0001596532-26-000178.txt
Giancarlo Charles H,,2026-08-03,2026-08-05,558,182.8007,102002.79,D,S,186954,True,True,False,0001596532-26-000178,https://www.sec.gov/Archives/edgar/data/1596532/000159653226000178/0001596532-26-000178.txt
Giancarlo Charles H,,2026-08-03,2026-08-05,478,183.8722,87890.91,D,S,186476,True,True,False,0001596532-26-000178,https://www.sec.gov/Archives/edgar/data/1596532/000159653226000178/0001596532-26-000178.txt
Giancarlo Charles H,,2026-08-03,2026-08-05,1303,184.6839,240643.12,D,S,185173,True,True,False,0001596532-26-000178,https://www.sec.gov/Archives/edgar/data/1596532/000159653226000178/0001596532-26-000178.txt
Giancarlo Charles H,,2026-08-03,2026-08-05,738,185.6168,136985.2,D,S,184435,True,True,False,0001596532-26-000178,https://www.sec.gov/Archives/edgar/data/1596532/000159653226000178/0001596532-26-000178.txt
Giancarlo Charles H,,2026-08-03,2026-08-05,102,186.347,19007.39,D,S,184333,True,True,False,0001596532-26-000178,https://www.sec.gov/Archives/edgar/data/1596532/000159653226000178/0001596532-26-000178.txt
Duda Kenneth,President and CTO,2026-07-20,2026-07-22,17333,15.2769,264794.51,A,M,30309,True,True,True,0001596532-26-000166,https://www.sec.gov/Archives/edgar/data/1596532/000159653226000166/0001596532-26-000166.txt
Duda Kenneth,President and CTO,2026-07-20,2026-07-22,6567,169.8977,1115718.2,D,S,23742,True,True,True,0001596532-26-000166,https://www.sec.gov/Archives/edgar/data/1596532/000159653226000166/0001596532-26-000166.txt
Duda Kenneth,President and CTO,2026-07-20,2026-07-22,9028,170.7267,1541320.65,D,S,14714,True,True,True,0001596532-26-000166,https://www.sec.gov/Archives/edgar/data/1596532/000159653226000166/0001596532-26-000166.txt
Duda Kenneth,President and CTO,2026-07-20,2026-07-22,1698,171.7198,291580.22,D,S,13016,True,True,True,0001596532-26-000166,https://www.sec.gov/Archives/edgar/data/1596532/000159653226000166/0001596532-26-000166.txt
Duda Kenneth,President and CTO,2026-07-20,2026-07-22,40,172.4,6896.0,D,S,12976,True,True,True,0001596532-26-000166,https://www.sec.gov/Archives/edgar/data/1596532/000159653226000166/0001596532-26-000166.txt
Duda Kenneth,President and CTO,2026-07-20,2026-07-22,6062,169.8977,1029919.86,D,S,1041106,True,True,True,0001596532-26-000166,https://www.sec.gov/Archives/edgar/data/1596532/000159653226000166/0001596532-26-000166.txt
Duda Kenneth,President and CTO,2026-07-20,2026-07-22,8334,170.7267,1422836.32,D,S,1032772,True,True,True,0001596532-26-000166,https://www.sec.gov/Archives/edgar/data/1596532/000159653226000166/0001596532-26-000166.txt
Duda Kenneth,President and CTO,2026-07-20,2026-07-22,1567,171.7198,269084.93,D,S,1031205,True,True,True,0001596532-26-000166,https://www.sec.gov/Archives/edgar/data/1596532/000159653226000166/0001596532-26-000166.txt
Duda Kenneth,President and CTO,2026-07-20,2026-07-22,37,172.4,6378.8,D,S,1031168,True,True,True,0001596532-26-000166,https://www.sec.gov/Archives/edgar/data/1596532/000159653226000166/0001596532-26-000166.txt
Duda Kenneth,President and CTO,2026-07-20,2026-07-22,3789,169.8977,643742.39,D,S,468611,True,True,True,0001596532-26-000166,https://www.sec.gov/Archives/edgar/data/1596532/000159653226000166/0001596532-26-000166.txt
Duda Kenneth,President and CTO,2026-07-20,2026-07-22,5209,170.7267,889315.38,D,S,463402,True,True,True,0001596532-26-000166,https://www.sec.gov/Archives/edgar/data/1596532/000159653226000166/0001596532-26-000166.txt
Duda Kenneth,President and CTO,2026-07-20,2026-07-22,979,171.7198,168113.68,D,S,462423,True,True,True,0001596532-26-000166,https://www.sec.gov/Archives/edgar/data/1596532/000159653226000166/0001596532-26-000166.txt
Duda Kenneth,President and CTO,2026-07-20,2026-07-22,23,172.4,3965.2,D,S,462400,True,True,True,0001596532-26-000166,https://www.sec.gov/Archives/edgar/data/1596532/000159653226000166/0001596532-26-000166.txt
BECHTOLSHEIM ANDREAS,,2026-07-14,2026-07-16,26765,176.1777,4715396.14,D,S,182016283,True,False,False,0001596532-26-000164,https://www.sec.gov/Archives/edgar/data/1596532/000159653226000164/0001596532-26-000164.txt
BECHTOLSHEIM ANDREAS,,2026-07-14,2026-07-16,14808,177.2518,2624744.65,D,S,182001475,True,False,False,0001596532-26-000164,https://www.sec.gov/Archives/edgar/data/1596532/000159653226000164/0001596532-26-000164.txt
BECHTOLSHEIM ANDREAS,,2026-07-14,2026-07-16,29704,178.2024,5293324.09,D,S,181971771,True,False,False,0001596532-26-000164,https://www.sec.gov/Archives/edgar/data/1596532/000159653226000164/0001596532-26-000164.txt
BECHTOLSHEIM ANDREAS,,2026-07-14,2026-07-16,24764,179.2528,4439016.34,D,S,181947007,True,False,False,0001596532-26-000164,https://www.sec.gov/Archives/edgar/data/1596532/000159653226000164/0001596532-26-000164.txt
BECHTOLSHEIM ANDREAS,,2026-07-14,2026-07-16,31412,180.1715,5659547.16,D,S,181915595,True,False,False,0001596532-26-000164,https://www.sec.gov/Archives/edgar/data/1596532/000159653226000164/0001596532-26-000164.txt
BECHTOLSHEIM ANDREAS,,2026-07-14,2026-07-16,46566,181.2996,8442397.17,D,S,181869029,True,False,False,0001596532-26-000164,https://www.sec.gov/Archives/edgar/data/1596532/000159653226000164/0001596532-26-000164.txt
BECHTOLSHEIM ANDREAS,,2026-07-14,2026-07-16,57677,182.282,10513478.91,D,S,181811352,True,False,False,0001596532-26-000164,https://www.sec.gov/Archives/edgar/data/1596532/000159653226000164/0001596532-26-000164.txt
BECHTOLSHEIM ANDREAS,,2026-07-14,2026-07-16,40873,183.1529,7486008.48,D,S,181770479,True,False,False,0001596532-26-000164,https://www.sec.gov/Archives/edgar/data/1596532/000159653226000164/0001596532-26-000164.txt
BECHTOLSHEIM ANDREAS,,2026-07-14,2026-07-16,20869,184.1734,3843514.68,D,S,181749610,True,False,False,0001596532-26-000164,https://www.sec.gov/Archives/edgar/data/1596532/000159653226000164/0001596532-26-000164.txt
BECHTOLSHEIM ANDREAS,,2026-07-14,2026-07-16,6562,185.0002,1213971.31,D,S,181743048,True,False,False,0001596532-26-000164,https://www.sec.gov/Archives/edgar/data/1596532/000159653226000164/0001596532-26-000164.txt
Ullal Jayshree,CEO and Chairperson,2026-07-10,2026-07-14,36888,187.1756,6904533.53,D,S,5134207,True,True,True,0001596532-26-000162,https://www.sec.gov/Archives/edgar/data/1596532/000159653226000162/0001596532-26-000162.txt
Ullal Jayshree,CEO and Chairperson,2026-07-10,2026-07-14,36888,187.1756,6904533.53,D,S,5134207,True,True,True,0001596532-26-000162,https://www.sec.gov/Archives/edgar/data/1596532/000159653226000162/0001596532-26-000162.txt
Ullal Jayshree,CEO and Chairperson,2026-07-10,2026-07-14,160802,187.1756,30098210.83,D,S,17155010,True,True,True,0001596532-26-000162,https://www.sec.gov/Archives/edgar/data/1596532/000159653226000162/0001596532-26-000162.txt
Ullal Jayshree,CEO and Chairperson,2026-07-09,2026-07-13,12005,187.3122,2248682.96,D,S,5197202,True,True,True,0001596532-26-000160,https://www.sec.gov/Archives/edgar/data/1596532/000159653226000160/0001596532-26-000160.txt
Ullal Jayshree,CEO and Chairperson,2026-07-09,2026-07-13,25943,188.5586,4891775.76,D,S,5171259,True,True,True,0001596532-26-000160,https://www.sec.gov/Archives/edgar/data/1596532/000159653226000160/0001596532-26-000160.txt
Ullal Jayshree,CEO and Chairperson,2026-07-09,2026-07-13,164,189.1767,31024.98,D,S,5171095,True,True,True,0001596532-26-000160,https://www.sec.gov/Archives/edgar/data/1596532/000159653226000160/0001596532-26-000160.txt
Ullal Jayshree,CEO and Chairperson,2026-07-09,2026-07-13,12005,187.3122,2248682.96,D,S,5197202,True,True,True,0001596532-26-000160,https://www.sec.gov/Archives/edgar/data/1596532/000159653226000160/0001596532-26-000160.txt
Ullal Jayshree,CEO and Chairperson,2026-07-09,2026-07-13,25943,188.5586,4891775.76,D,S,5171259,True,True,True,0001596532-26-000160,https://www.sec.gov/Archives/edgar/data/1596532/000159653226000160/0001596532-26-000160.txt
Ullal Jayshree,CEO and Chairperson,2026-07-09,2026-07-13,164,189.1767,31024.98,D,S,5171095,True,True,True,0001596532-26-000160,https://www.sec.gov/Archives/edgar/data/1596532/000159653226000160/0001596532-26-000160.txt
Ullal Jayshree,CEO and Chairperson,2026-07-09,2026-07-13,52351,187.3122,9805980.98,D,S,17429659,True,True,True,0001596532-26-000160,https://www.sec.gov/Archives/edgar/data/1596532/000159653226000160/0001596532-26-000160.txt
Ullal Jayshree,CEO and Chairperson,2026-07-09,2026-07-13,113134,188.5586,21332388.65,D,S,17316525,True,True,True,0001596532-26-000160,https://www.sec.gov/Archives/edgar/data/1596532/000159653226000160/0001596532-26-000160.txt
Ullal Jayshree,CEO and Chairperson,2026-07-09,2026-07-13,713,189.1767,134882.99,D,S,17315812,True,True,True,0001596532-26-000160,https://www.sec.gov/Archives/edgar/data/1596532/000159653226000160/0001596532-26-000160.txt
BECHTOLSHEIM ANDREAS,,2026-07-02,2026-07-07,4113,157.242,646736.35,D,S,182278935,True,False,False,0001596532-26-000158,https://www.sec.gov/Archives/edgar/data/1596532/000159653226000158/0001596532-26-000158.txt
BECHTOLSHEIM ANDREAS,,2026-07-02,2026-07-07,8302,158.3957,1315001.1,D,S,182270633,True,False,False,0001596532-26-000158,https://www.sec.gov/Archives/edgar/data/1596532/000159653226000158/0001596532-26-000158.txt
BECHTOLSHEIM ANDREAS,,2026-07-02,2026-07-07,25845,159.2266,4115211.48,D,S,182244788,True,False,False,0001596532-26-000158,https://www.sec.gov/Archives/edgar/data/1596532/000159653226000158/0001596532-26-000158.txt
BECHTOLSHEIM ANDREAS,,2026-07-02,2026-07-07,19442,160.164,3113908.49,D,S,182225346,True,False,False,0001596532-26-000158,https://www.sec.gov/Archives/edgar/data/1596532/000159653226000158/0001596532-26-000158.txt
BECHTOLSHEIM ANDREAS,,2026-07-02,2026-07-07,7385,161.1709,1190247.1,D,S,182217961,True,False,False,0001596532-26-000158,https://www.sec.gov/Archives/edgar/data/1596532/000159653226000158/0001596532-26-000158.txt
BECHTOLSHEIM ANDREAS,,2026-07-02,2026-07-07,18098,162.478,2940526.84,D,S,182199863,True,False,False,0001596532-26-000158,https://www.sec.gov/Archives/edgar/data/1596532/000159653226000158/0001596532-26-000158.txt
BECHTOLSHEIM ANDREAS,,2026-07-02,2026-07-07,77753,163.1799,12687726.76,D,S,182122110,True,False,False,0001596532-26-000158,https://www.sec.gov/Archives/edgar/data/1596532/000159653226000158/0001596532-26-000158.txt
BECHTOLSHEIM ANDREAS,,2026-07-02,2026-07-07,47004,164.2329,7719603.23,D,S,182075106,True,False,False,0001596532-26-000158,https://www.sec.gov/Archives/edgar/data/1596532/000159653226000158/0001596532-26-000158.txt
BECHTOLSHEIM ANDREAS,,2026-07-02,2026-07-07,20218,165.0925,3337840.17,D,S,182054888,True,False,False,0001596532-26-000158,https://www.sec.gov/Archives/edgar/data/1596532/000159653226000158/0001596532-26-000158.txt
BECHTOLSHEIM ANDREAS,,2026-07-02,2026-07-07,5477,166.3381,911033.77,D,S,182049411,True,False,False,0001596532-26-000158,https://www.sec.gov/Archives/edgar/data/1596532/000159653226000158/0001596532-26-000158.txt
BECHTOLSHEIM ANDREAS,,2026-07-02,2026-07-07,6363,167.0659,1063040.32,D,S,182043048,True,False,False,0001596532-26-000158,https://www.sec.gov/Archives/edgar/data/1596532/000159653226000158/0001596532-26-000158.txt
Giancarlo Charles H,,2026-07-01,2026-07-06,28,162.3357,4545.4,D,S,200305,True,True,False,0001596532-26-000155,https://www.sec.gov/Archives/edgar/data/1596532/000159653226000155/0001596532-26-000155.txt
Giancarlo Charles H,,2026-07-01,2026-07-06,279,162.617,45370.14,D,S,200026,True,True,False,0001596532-26-000155,https://www.sec.gov/Archives/edgar/data/1596532/000159653226000155/0001596532-26-000155.txt
Giancarlo Charles H,,2026-07-01,2026-07-06,490,163.9981,80359.07,D,S,199536,True,True,False,0001596532-26-000155,https://www.sec.gov/Archives/edgar/data/1596532/000159653226000155/0001596532-26-000155.txt
Giancarlo Charles H,,2026-07-01,2026-07-06,799,165.371,132131.43,D,S,198737,True,True,False,0001596532-26-000155,https://www.sec.gov/Archives/edgar/data/1596532/000159653226000155/0001596532-26-000155.txt
Giancarlo Charles H,,2026-07-01,2026-07-06,1321,166.3336,219726.69,D,S,197416,True,True,False,0001596532-26-000155,https://www.sec.gov/Archives/edgar/data/1596532/000159653226000155/0001596532-26-000155.txt
Giancarlo Charles H,,2026-07-01,2026-07-06,2133,167.3551,356968.43,D,S,195283,True,True,False,0001596532-26-000155,https://www.sec.gov/Archives/edgar/data/1596532/000159653226000155/0001596532-26-000155.txt
Giancarlo Charles H,,2026-07-01,2026-07-06,1785,168.1151,300085.45,D,S,193498,True,True,False,0001596532-26-000155,https://www.sec.gov/Archives/edgar/data/1596532/000159653226000155/0001596532-26-000155.txt
Giancarlo Charles H,,2026-07-01,2026-07-06,1002,169.2338,169572.27,D,S,192496,True,True,False,0001596532-26-000155,https://www.sec.gov/Archives/edgar/data/1596532/000159653226000155/0001596532-26-000155.txt
Giancarlo Charles H,,2026-07-01,2026-07-06,163,170.0306,27714.99,D,S,192333,True,True,False,0001596532-26-000155,https://www.sec.gov/Archives/edgar/data/1596532/000159653226000155/0001596532-26-000155.txt
BECHTOLSHEIM ANDREAS,,2026-07-01,2026-07-06,90,170.2653,15323.88,D,S,182542958,True,False,False,0001596532-26-000156,https://www.sec.gov/Archives/edgar/data/1596532/000159653226000156/0001596532-26-000156.txt
BECHTOLSHEIM ANDREAS,,2026-07-01,2026-07-06,32334,160.6701,5195107.01,D,S,182510624,True,False,False,0001596532-26-000156,https://www.sec.gov/Archives/edgar/data/1596532/000159653226000156/0001596532-26-000156.txt
BECHTOLSHEIM ANDREAS,,2026-07-01,2026-07-06,32878,159.8465,5255433.23,D,S,182477746,True,False,False,0001596532-26-000156,https://www.sec.gov/Archives/edgar/data/1596532/000159653226000156/0001596532-26-000156.txt
BECHTOLSHEIM ANDREAS,,2026-07-01,2026-07-06,26405,161.5828,4266593.83,D,S,182451341,True,False,False,0001596532-26-000156,https://www.sec.gov/Archives/edgar/data/1596532/000159653226000156/0001596532-26-000156.txt
BECHTOLSHEIM ANDREAS,,2026-07-01,2026-07-06,28706,162.8312,4674232.43,D,S,182422635,True,False,False,0001596532-26-000156,https://www.sec.gov/Archives/edgar/data/1596532/000159653226000156/0001596532-26-000156.txt
BECHTOLSHEIM ANDREAS,,2026-07-01,2026-07-06,19493,163.5413,3187910.56,D,S,182403142,True,False,False,0001596532-26-000156,https://www.sec.gov/Archives/edgar/data/1596532/000159653226000156/0001596532-26-000156.txt
BECHTOLSHEIM ANDREAS,,2026-07-01,2026-07-06,9605,164.7107,1582046.27,D,S,182393537,True,False,False,0001596532-26-000156,https://www.sec.gov/Archives/edgar/data/1596532/000159653226000156/0001596532-26-000156.txt
BECHTOLSHEIM ANDREAS,,2026-07-01,2026-07-06,12595,165.7804,2088004.14,D,S,182380942,True,False,False,0001596532-26-000156,https://www.sec.gov/Archives/edgar/data/1596532/000159653226000156/0001596532-26-000156.txt
BECHTOLSHEIM ANDREAS,,2026-07-01,2026-07-06,23870,166.6948,3979004.88,D,S,182357072,True,False,False,0001596532-26-000156,https://www.sec.gov/Archives/edgar/data/1596532/000159653226000156/0001596532-26-000156.txt
BECHTOLSHEIM ANDREAS,,2026-07-01,2026-07-06,47597,167.8421,7988780.43,D,S,182309475,True,False,False,0001596532-26-000156,https://www.sec.gov/Archives/edgar/data/1596532/000159653226000156/0001596532-26-000156.txt
BECHTOLSHEIM ANDREAS,,2026-07-01,2026-07-06,18721,168.6709,3157687.92,D,S,182290754,True,False,False,0001596532-26-000156,https://www.sec.gov/Archives/edgar/data/1596532/000159653226000156/0001596532-26-000156.txt
BECHTOLSHEIM ANDREAS,,2026-07-01,2026-07-06,7706,169.5755,1306748.8,D,S,182283048,True,False,False,0001596532-26-000156,https://www.sec.gov/Archives/edgar/data/1596532/000159653226000156/0001596532-26-000156.txt
Duda Kenneth,President and CTO,2026-06-22,2026-06-24,17333,15.2769,264794.51,A,M,30309,True,True,True,0001596532-26-000151,https://www.sec.gov/Archives/edgar/data/1596532/000159653226000151/0001596532-26-000151.txt
Duda Kenneth,President and CTO,2026-06-22,2026-06-24,440,167.3472,73632.77,D,S,29869,True,True,True,0001596532-26-000151,https://www.sec.gov/Archives/edgar/data/1596532/000159653226000151/0001596532-26-000151.txt
Duda Kenneth,President and CTO,2026-06-22,2026-06-24,1824,168.6321,307584.95,D,S,28045,True,True,True,0001596532-26-000151,https://www.sec.gov/Archives/edgar/data/1596532/000159653226000151/0001596532-26-000151.txt
Duda Kenneth,President and CTO,2026-06-22,2026-06-24,4537,169.3881,768513.81,D,S,23508,True,True,True,0001596532-26-000151,https://www.sec.gov/Archives/edgar/data/1596532/000159653226000151/0001596532-26-000151.txt
Duda Kenneth,President and CTO,2026-06-22,2026-06-24,1754,170.3667,298823.19,D,S,21754,True,True,True,0001596532-26-000151,https://www.sec.gov/Archives/edgar/data/1596532/000159653226000151/0001596532-26-000151.txt
Duda Kenneth,President and CTO,2026-06-22,2026-06-24,1566,171.4862,268547.39,D,S,20188,True,True,True,0001596532-26-000151,https://www.sec.gov/Archives/edgar/data/1596532/000159653226000151/0001596532-26-000151.txt
Duda Kenneth,President and CTO,2026-06-22,2026-06-24,920,172.3236,158537.71,D,S,19268,True,True,True,0001596532-26-000151,https://www.sec.gov/Archives/edgar/data/1596532/000159653226000151/0001596532-26-000151.txt
Duda Kenneth,President and CTO,2026-06-22,2026-06-24,2323,173.6938,403490.7,D,S,16945,True,True,True,0001596532-26-000151,https://www.sec.gov/Archives/edgar/data/1596532/000159653226000151/0001596532-26-000151.txt
Duda Kenneth,President and CTO,2026-06-22,2026-06-24,3890,174.3686,678293.85,D,S,13055,True,True,True,0001596532-26-000151,https://www.sec.gov/Archives/edgar/data/1596532/000159653226000151/0001596532-26-000151.txt
Duda Kenneth,President and CTO,2026-06-22,2026-06-24,79,175.04,13828.16,D,S,12976,True,True,True,0001596532-26-000151,https://www.sec.gov/Archives/edgar/data/1596532/000159653226000151/0001596532-26-000151.txt
Duda Kenneth,President and CTO,2026-06-22,2026-06-24,406,167.3472,67942.96,D,S,1062762,True,True,True,0001596532-26-000151,https://www.sec.gov/Archives/edgar/data/1596532/000159653226000151/0001596532-26-000151.txt
Duda Kenneth,President and CTO,2026-06-22,2026-06-24,1683,168.6321,283807.82,D,S,1061079,True,True,True,0001596532-26-000151,https://www.sec.gov/Archives/edgar/data/1596532/000159653226000151/0001596532-26-000151.txt
Duda Kenneth,President and CTO,2026-06-22,2026-06-24,4187,169.3881,709227.97,D,S,1056892,True,True,True,0001596532-26-000151,https://www.sec.gov/Archives/edgar/data/1596532/000159653226000151/0001596532-26-000151.txt
Duda Kenneth,President and CTO,2026-06-22,2026-06-24,1619,170.3667,275823.69,D,S,1055273,True,True,True,0001596532-26-000151,https://www.sec.gov/Archives/edgar/data/1596532/000159653226000151/0001596532-26-000151.txt
Duda Kenneth,President and CTO,2026-06-22,2026-06-24,1445,171.4862,247797.56,D,S,1053828,True,True,True,0001596532-26-000151,https://www.sec.gov/Archives/edgar/data/1596532/000159653226000151/0001596532-26-000151.txt
Duda Kenneth,President and CTO,2026-06-22,2026-06-24,850,172.3236,146475.06,D,S,1052978,True,True,True,0001596532-26-000151,https://www.sec.gov/Archives/edgar/data/1596532/000159653226000151/0001596532-26-000151.txt
Duda Kenneth,President and CTO,2026-06-22,2026-06-24,2145,173.6938,372573.2,D,S,1050833,True,True,True,0001596532-26-000151,https://www.sec.gov/Archives/edgar/data/1596532/000159653226000151/0001596532-26-000151.txt
Duda Kenneth,President and CTO,2026-06-22,2026-06-24,3590,174.3686,625983.27,D,S,1047243,True,True,True,0001596532-26-000151,https://www.sec.gov/Archives/edgar/data/1596532/000159653226000151/0001596532-26-000151.txt
Duda Kenneth,President and CTO,2026-06-22,2026-06-24,75,175.04,13128.0,D,S,1047168,True,True,True,0001596532-26-000151,https://www.sec.gov/Archives/edgar/data/1596532/000159653226000151/0001596532-26-000151.txt
Duda Kenneth,President and CTO,2026-06-22,2026-06-24,254,167.3472,42506.19,D,S,482146,True,True,True,0001596532-26-000151,https://www.sec.gov/Archives/edgar/data/1596532/000159653226000151/0001596532-26-000151.txt
Duda Kenneth,President and CTO,2026-06-22,2026-06-24,1052,168.6321,177400.97,D,S,481094,True,True,True,0001596532-26-000151,https://www.sec.gov/Archives/edgar/data/1596532/000159653226000151/0001596532-26-000151.txt
Duda Kenneth,President and CTO,2026-06-22,2026-06-24,2617,169.3881,443288.66,D,S,478477,True,True,True,0001596532-26-000151,https://www.sec.gov/Archives/edgar/data/1596532/000159653226000151/0001596532-26-000151.txt
Duda Kenneth,President and CTO,2026-06-22,2026-06-24,1012,170.3667,172411.1,D,S,477465,True,True,True,0001596532-26-000151,https://www.sec.gov/Archives/edgar/data/1596532/000159653226000151/0001596532-26-000151.txt
Duda Kenneth,President and CTO,2026-06-22,2026-06-24,903,171.4862,154852.04,D,S,476562,True,True,True,0001596532-26-000151,https://www.sec.gov/Archives/edgar/data/1596532/000159653226000151/0001596532-26-000151.txt
Duda Kenneth,President and CTO,2026-06-22,2026-06-24,531,172.3236,91503.83,D,S,476031,True,True,True,0001596532-26-000151,https://www.sec.gov/Archives/edgar/data/1596532/000159653226000151/0001596532-26-000151.txt
Duda Kenneth,President and CTO,2026-06-22,2026-06-24,1341,173.6938,232923.39,D,S,474690,True,True,True,0001596532-26-000151,https://www.sec.gov/Archives/edgar/data/1596532/000159653226000151/0001596532-26-000151.txt
Duda Kenneth,President and CTO,2026-06-22,2026-06-24,2244,174.3686,391283.14,D,S,472446,True,True,True,0001596532-26-000151,https://www.sec.gov/Archives/edgar/data/1596532/000159653226000151/0001596532-26-000151.txt
Duda Kenneth,President and CTO,2026-06-22,2026-06-24,46,175.04,8051.84,D,S,472400,True,True,True,0001596532-26-000151,https://www.sec.gov/Archives/edgar/data/1596532/000159653226000151/0001596532-26-000151.txt
BECHTOLSHEIM ANDREAS,,2026-06-15,2026-06-17,78802,164.0572,12928035.47,D,S,182724246,True,False,False,0001596532-26-000148,https://www.sec.gov/Archives/edgar/data/1596532/000159653226000148/0001596532-26-000148.txt
BECHTOLSHEIM ANDREAS,,2026-06-15,2026-06-17,78186,164.9862,12899611.03,D,S,182646060,True,False,False,0001596532-26-000148,https://www.sec.gov/Archives/edgar/data/1596532/000159653226000148/0001596532-26-000148.txt
BECHTOLSHEIM ANDREAS,,2026-06-15,2026-06-17,33367,165.9642,5537727.46,D,S,182612693,True,False,False,0001596532-26-000148,https://www.sec.gov/Archives/edgar/data/1596532/000159653226000148/0001596532-26-000148.txt
BECHTOLSHEIM ANDREAS,,2026-06-15,2026-06-17,31909,167.094,5331802.45,D,S,182580784,True,False,False,0001596532-26-000148,https://www.sec.gov/Archives/edgar/data/1596532/000159653226000148/0001596532-26-000148.txt
BECHTOLSHEIM ANDREAS,,2026-06-15,2026-06-17,22244,168.0454,3738001.88,D,S,182558540,True,False,False,0001596532-26-000148,https://www.sec.gov/Archives/edgar/data/1596532/000159653226000148/0001596532-26-000148.txt
BECHTOLSHEIM ANDREAS,,2026-06-15,2026-06-17,15492,168.7219,2613839.67,D,S,182543048,True,False,False,0001596532-26-000148,https://www.sec.gov/Archives/edgar/data/1596532/000159653226000148/0001596532-26-000148.txt
Duda Kenneth,President and CTO,2026-06-11,2026-06-15,44392,0.0,0.0,D,J,757755,False,True,True,0001596532-26-000142,https://www.sec.gov/Archives/edgar/data/1596532/000159653226000142/0001596532-26-000142.txt
Duda Kenneth,President and CTO,2026-06-11,2026-06-15,44392,0.0,0.0,A,J,106890,False,True,True,0001596532-26-000142,https://www.sec.gov/Archives/edgar/data/1596532/000159653226000142/0001596532-26-000142.txt
Duda Kenneth,President and CTO,2026-06-10,2026-06-12,45875,0.0,0.0,D,J,756272,False,True,True,0001596532-26-000140,https://www.sec.gov/Archives/edgar/data/1596532/000159653226000140/0001596532-26-000140.txt
Duda Kenneth,President and CTO,2026-06-10,2026-06-12,45875,0.0,0.0,A,J,62498,False,True,True,0001596532-26-000140,https://www.sec.gov/Archives/edgar/data/1596532/000159653226000140/0001596532-26-000140.txt
BECHTOLSHEIM ANDREAS,,2026-06-05,2026-06-09,7999,152.9385,1223355.06,D,S,323849,True,False,False,0001596532-26-000138,https://www.sec.gov/Archives/edgar/data/1596532/000159653226000138/0001596532-26-000138.txt
BECHTOLSHEIM ANDREAS,,2026-06-05,2026-06-09,29438,153.7862,4527158.16,D,S,294411,True,False,False,0001596532-26-000138,https://www.sec.gov/Archives/edgar/data/1596532/000159653226000138/0001596532-26-000138.txt
BECHTOLSHEIM ANDREAS,,2026-06-05,2026-06-09,15140,154.5581,2340009.63,D,S,279271,True,False,False,0001596532-26-000138,https://www.sec.gov/Archives/edgar/data/1596532/000159653226000138/0001596532-26-000138.txt
BECHTOLSHEIM ANDREAS,,2026-06-05,2026-06-09,2076,155.7724,323383.5,D,S,277195,True,False,False,0001596532-26-000138,https://www.sec.gov/Archives/edgar/data/1596532/000159653226000138/0001596532-26-000138.txt
BECHTOLSHEIM ANDREAS,,2026-06-05,2026-06-09,16082,156.9293,2523737.0,D,S,261113,True,False,False,0001596532-26-000138,https://www.sec.gov/Archives/edgar/data/1596532/000159653226000138/0001596532-26-000138.txt
BECHTOLSHEIM ANDREAS,,2026-06-05,2026-06-09,18376,157.7424,2898674.34,D,S,242737,True,False,False,0001596532-26-000138,https://www.sec.gov/Archives/edgar/data/1596532/000159653226000138/0001596532-26-000138.txt
BECHTOLSHEIM ANDREAS,,2026-06-05,2026-06-09,27027,158.8808,4294071.38,D,S,215710,True,False,False,0001596532-26-000138,https://www.sec.gov/Archives/edgar/data/1596532/000159653226000138/0001596532-26-000138.txt
BECHTOLSHEIM ANDREAS,,2026-06-05,2026-06-09,98663,159.9283,15779005.86,D,S,117047,True,False,False,0001596532-26-000138,https://www.sec.gov/Archives/edgar/data/1596532/000159653226000138/0001596532-26-000138.txt
BECHTOLSHEIM ANDREAS,,2026-06-05,2026-06-09,5199,160.4956,834416.62,D,S,111848,True,False,False,0001596532-26-000138,https://www.sec.gov/Archives/edgar/data/1596532/000159653226000138/0001596532-26-000138.txt
BECHTOLSHEIM ANDREAS,,2026-06-04,2026-06-08,61328,15.2625,936018.6,A,M,475176,True,False,False,0001596532-26-000136,https://www.sec.gov/Archives/edgar/data/1596532/000159653226000136/0001596532-26-000136.txt
BECHTOLSHEIM ANDREAS,,2026-06-04,2026-06-08,96672,14.1463,1367551.11,A,M,571848,True,False,False,0001596532-26-000136,https://www.sec.gov/Archives/edgar/data/1596532/000159653226000136/0001596532-26-000136.txt
BECHTOLSHEIM ANDREAS,,2026-06-04,2026-06-08,5366,158.072,848214.35,D,S,566482,True,False,False,0001596532-26-000136,https://www.sec.gov/Archives/edgar/data/1596532/000159653226000136/0001596532-26-000136.txt
BECHTOLSHEIM ANDREAS,,2026-06-04,2026-06-08,7540,159.0121,1198951.23,D,S,558942,True,False,False,0001596532-26-000136,https://www.sec.gov/Archives/edgar/data/1596532/000159653226000136/0001596532-26-000136.txt
BECHTOLSHEIM ANDREAS,,2026-06-04,2026-06-08,4511,160.0436,721956.68,D,S,554431,True,False,False,0001596532-26-000136,https://www.sec.gov/Archives/edgar/data/1596532/000159653226000136/0001596532-26-000136.txt
BECHTOLSHEIM ANDREAS,,2026-06-04,2026-06-08,8646,161.0974,1392848.12,D,S,545785,True,False,False,0001596532-26-000136,https://www.sec.gov/Archives/edgar/data/1596532/000159653226000136/0001596532-26-000136.txt
BECHTOLSHEIM ANDREAS,,2026-06-04,2026-06-08,123450,162.0824,20009072.28,D,S,422335,True,False,False,0001596532-26-000136,https://www.sec.gov/Archives/edgar/data/1596532/000159653226000136/0001596532-26-000136.txt
BECHTOLSHEIM ANDREAS,,2026-06-04,2026-06-08,9107,163.0402,1484807.1,D,S,413228,True,False,False,0001596532-26-000136,https://www.sec.gov/Archives/edgar/data/1596532/000159653226000136/0001596532-26-000136.txt
BECHTOLSHEIM ANDREAS,,2026-06-04,2026-06-08,23984,164.2047,3938285.52,D,S,389244,True,False,False,0001596532-26-000136,https://www.sec.gov/Archives/edgar/data/1596532/000159653226000136/0001596532-26-000136.txt
BECHTOLSHEIM ANDREAS,,2026-06-04,2026-06-08,18660,164.9727,3078390.58,D,S,370584,True,False,False,0001596532-26-000136,https://www.sec.gov/Archives/edgar/data/1596532/000159653226000136/0001596532-26-000136.txt
BECHTOLSHEIM ANDREAS,,2026-06-04,2026-06-08,11950,166.1448,1985430.36,D,S,358634,True,False,False,0001596532-26-000136,https://www.sec.gov/Archives/edgar/data/1596532/000159653226000136/0001596532-26-000136.txt
BECHTOLSHEIM ANDREAS,,2026-06-04,2026-06-08,26383,167.1498,4409913.17,D,S,332251,True,False,False,0001596532-26-000136,https://www.sec.gov/Archives/edgar/data/1596532/000159653226000136/0001596532-26-000136.txt
BECHTOLSHEIM ANDREAS,,2026-06-04,2026-06-08,403,167.6589,67566.54,D,S,331848,True,False,False,0001596532-26-000136,https://www.sec.gov/Archives/edgar/data/1596532/000159653226000136/0001596532-26-000136.txt
Giancarlo Charles H,,2026-06-01,2026-06-03,302,162.2778,49007.9,D,S,208031,True,True,False,0001596532-26-000134,https://www.sec.gov/Archives/edgar/data/1596532/000159653226000134/0001596532-26-000134.txt
Giancarlo Charles H,,2026-06-01,2026-06-03,52,164.484,8553.17,D,S,207979,True,True,False,0001596532-26-000134,https://www.sec.gov/Archives/edgar/data/1596532/000159653226000134/0001596532-26-000134.txt
Giancarlo Charles H,,2026-06-01,2026-06-03,81,165.8915,13437.21,D,S,207898,True,True,False,0001596532-26-000134,https://www.sec.gov/Archives/edgar/data/1596532/000159653226000134/0001596532-26-000134.txt
Giancarlo Charles H,,2026-06-01,2026-06-03,916,166.7576,152749.96,D,S,206982,True,True,False,0001596532-26-000134,https://www.sec.gov/Archives/edgar/data/1596532/000159653226000134/0001596532-26-000134.txt
Giancarlo Charles H,,2026-06-01,2026-06-03,1467,167.6968,246011.21,D,S,205515,True,True,False,0001596532-26-000134,https://www.sec.gov/Archives/edgar/data/1596532/000159653226000134/0001596532-26-000134.txt
Giancarlo Charles H,,2026-06-01,2026-06-03,1271,168.9189,214695.92,D,S,204244,True,True,False,0001596532-26-000134,https://www.sec.gov/Archives/edgar/data/1596532/000159653226000134/0001596532-26-000134.txt
Giancarlo Charles H,,2026-06-01,2026-06-03,1092,169.7858,185406.09,D,S,203152,True,True,False,0001596532-26-000134,https://www.sec.gov/Archives/edgar/data/1596532/000159653226000134/0001596532-26-000134.txt
Giancarlo Charles H,,2026-06-01,2026-06-03,1413,170.8665,241434.36,D,S,201739,True,True,False,0001596532-26-000134,https://www.sec.gov/Archives/edgar/data/1596532/000159653226000134/0001596532-26-000134.txt
Giancarlo Charles H,,2026-06-01,2026-06-03,1406,171.7154,241431.85,D,S,200333,True,True,False,0001596532-26-000134,https://www.sec.gov/Archives/edgar/data/1596532/000159653226000134/0001596532-26-000134.txt
Ullal Jayshree,CEO and Chairperson,2026-05-26,2026-05-28,7740,154.4723,1195615.6,D,S,15986,True,True,True,0001596532-26-000115,https://www.sec.gov/Archives/edgar/data/1596532/000159653226000115/0001596532-26-000115.txt
Ullal Jayshree,CEO and Chairperson,2026-05-26,2026-05-28,3794,155.4773,589880.88,D,S,12192,True,True,True,0001596532-26-000115,https://www.sec.gov/Archives/edgar/data/1596532/000159653226000115/0001596532-26-000115.txt
Ullal Jayshree,CEO and Chairperson,2026-05-26,2026-05-28,2175,156.2194,339777.2,D,S,10017,True,True,True,0001596532-26-000115,https://www.sec.gov/Archives/edgar/data/1596532/000159653226000115/0001596532-26-000115.txt
Ullal Jayshree,CEO and Chairperson,2026-05-26,2026-05-28,100,157.3,15730.0,D,S,9917,True,True,True,0001596532-26-000115,https://www.sec.gov/Archives/edgar/data/1596532/000159653226000115/0001596532-26-000115.txt
Breithaupt Chantelle Yvette,"Senior Vice President, CFO",2026-05-26,2026-05-28,2448,157.0,384336.0,D,S,64408,True,False,True,0001596532-26-000114,https://www.sec.gov/Archives/edgar/data/1596532/000159653226000114/0001596532-26-000114.txt
BECHTOLSHEIM ANDREAS,,2026-05-26,2026-05-28,32973,154.4979,5094259.26,D,S,182990075,True,False,False,0001596532-26-000113,https://www.sec.gov/Archives/edgar/data/1596532/000159653226000113/0001596532-26-000113.txt
BECHTOLSHEIM ANDREAS,,2026-05-26,2026-05-28,55818,155.349,8671270.48,D,S,182934257,True,False,False,0001596532-26-000113,https://www.sec.gov/Archives/edgar/data/1596532/000159653226000113/0001596532-26-000113.txt
BECHTOLSHEIM ANDREAS,,2026-05-26,2026-05-28,34960,156.4915,5470942.84,D,S,182899297,True,False,False,0001596532-26-000113,https://www.sec.gov/Archives/edgar/data/1596532/000159653226000113/0001596532-26-000113.txt
BECHTOLSHEIM ANDREAS,,2026-05-26,2026-05-28,11535,157.3363,1814874.22,D,S,182887762,True,False,False,0001596532-26-000113,https://www.sec.gov/Archives/edgar/data/1596532/000159653226000113/0001596532-26-000113.txt
BECHTOLSHEIM ANDREAS,,2026-05-26,2026-05-28,47035,158.488,7454483.08,D,S,182840727,True,False,False,0001596532-26-000113,https://www.sec.gov/Archives/edgar/data/1596532/000159653226000113/0001596532-26-000113.txt
BECHTOLSHEIM ANDREAS,,2026-05-26,2026-05-28,36494,159.2978,5813413.91,D,S,182804233,True,False,False,0001596532-26-000113,https://www.sec.gov/Archives/edgar/data/1596532/000159653226000113/0001596532-26-000113.txt
BECHTOLSHEIM ANDREAS,,2026-05-26,2026-05-28,1185,160.0051,189606.04,D,S,182803048,True,False,False,0001596532-26-000113,https://www.sec.gov/Archives/edgar/data/1596532/000159653226000113/0001596532-26-000113.txt
BECHTOLSHEIM ANDREAS,,2026-05-22,2026-05-27,24381,149.6825,3649409.03,D,S,183203667,True,False,False,0001596532-26-000109,https://www.sec.gov/Archives/edgar/data/1596532/000159653226000109/0001596532-26-000109.txt
BECHTOLSHEIM ANDREAS,,2026-05-22,2026-05-27,60234,150.5071,9065644.66,D,S,183143433,True,False,False,0001596532-26-000109,https://www.sec.gov/Archives/edgar/data/1596532/000159653226000109/0001596532-26-000109.txt
BECHTOLSHEIM ANDREAS,,2026-05-22,2026-05-27,24105,151.5532,3653189.89,D,S,183119328,True,False,False,0001596532-26-000109,https://www.sec.gov/Archives/edgar/data/1596532/000159653226000109/0001596532-26-000109.txt
BECHTOLSHEIM ANDREAS,,2026-05-22,2026-05-27,38002,152.4842,5794704.57,D,S,183081326,True,False,False,0001596532-26-000109,https://www.sec.gov/Archives/edgar/data/1596532/000159653226000109/0001596532-26-000109.txt
BECHTOLSHEIM ANDREAS,,2026-05-22,2026-05-27,51221,153.3841,7856486.99,D,S,183030105,True,False,False,0001596532-26-000109,https://www.sec.gov/Archives/edgar/data/1596532/000159653226000109/0001596532-26-000109.txt
BECHTOLSHEIM ANDREAS,,2026-05-22,2026-05-27,7057,154.1602,1087908.53,D,S,183023048,True,False,False,0001596532-26-000109,https://www.sec.gov/Archives/edgar/data/1596532/000159653226000109/0001596532-26-000109.txt
Duda Kenneth,President and CTO,2026-05-21,2026-05-26,100000,0.0,0.0,A,J,802147,False,True,True,0001596532-26-000104,https://www.sec.gov/Archives/edgar/data/1596532/000159653226000104/0001596532-26-000104.txt
Duda Kenneth,President and CTO,2026-05-21,2026-05-26,100000,0.0,0.0,A,J,802147,False,True,True,0001596532-26-000104,https://www.sec.gov/Archives/edgar/data/1596532/000159653226000104/0001596532-26-000104.txt
Duda Kenneth,President and CTO,2026-05-21,2026-05-26,200000,0.0,0.0,D,J,16623,False,True,True,0001596532-26-000104,https://www.sec.gov/Archives/edgar/data/1596532/000159653226000104/0001596532-26-000104.txt
Battles Kelly Bodnar,,2026-05-21,2026-05-26,2,140.49,280.98,D,S,10498,True,True,False,0001596532-26-000103,https://www.sec.gov/Archives/edgar/data/1596532/000159653226000103/0001596532-26-000103.txt
Battles Kelly Bodnar,,2026-05-21,2026-05-26,28,144.23,4038.44,D,S,10470,True,True,False,0001596532-26-000103,https://www.sec.gov/Archives/edgar/data/1596532/000159653226000103/0001596532-26-000103.txt
Battles Kelly Bodnar,,2026-05-21,2026-05-26,170,145.4971,24734.51,D,S,10300,True,True,False,0001596532-26-000103,https://www.sec.gov/Archives/edgar/data/1596532/000159653226000103/0001596532-26-000103.txt
Battles Kelly Bodnar,,2026-05-21,2026-05-26,54,146.1356,7891.32,D,S,10246,True,True,False,0001596532-26-000103,https://www.sec.gov/Archives/edgar/data/1596532/000159653226000103/0001596532-26-000103.txt
Battles Kelly Bodnar,,2026-05-21,2026-05-26,168,147.9275,24851.82,D,S,10078,True,True,False,0001596532-26-000103,https://www.sec.gov/Archives/edgar/data/1596532/000159653226000103/0001596532-26-000103.txt
Wassenaar Yvonne,,2026-05-20,2026-05-22,971,0.0,0.0,A,M,10755,True,True,False,0001596532-26-000097,https://www.sec.gov/Archives/edgar/data/1596532/000159653226000097/0001596532-26-000097.txt
Wassenaar Yvonne,,2026-05-20,2026-05-22,324,139.892,45325.01,D,S,10431,True,True,False,0001596532-26-000097,https://www.sec.gov/Archives/edgar/data/1596532/000159653226000097/0001596532-26-000097.txt
Wassenaar Yvonne,,2026-05-20,2026-05-22,329,140.8642,46344.32,D,S,10102,True,True,False,0001596532-26-000097,https://www.sec.gov/Archives/edgar/data/1596532/000159653226000097/0001596532-26-000097.txt
Wassenaar Yvonne,,2026-05-20,2026-05-22,242,141.8928,34338.06,D,S,9860,True,True,False,0001596532-26-000097,https://www.sec.gov/Archives/edgar/data/1596532/000159653226000097/0001596532-26-000097.txt
Wassenaar Yvonne,,2026-05-20,2026-05-22,76,142.6189,10839.04,D,S,9784,True,True,False,0001596532-26-000097,https://www.sec.gov/Archives/edgar/data/1596532/000159653226000097/0001596532-26-000097.txt
Ullal Jayshree,CEO and Chairperson,2026-05-20,2026-05-22,27664,0.0,0.0,A,M,37581,False,True,True,0001596532-26-000100,https://www.sec.gov/Archives/edgar/data/1596532/000159653226000100/0001596532-26-000100.txt
Ullal Jayshree,CEO and Chairperson,2026-05-20,2026-05-22,13855,141.58,1961590.9,D,F,23726,False,True,True,0001596532-26-000100,https://www.sec.gov/Archives/edgar/data/1596532/000159653226000100/0001596532-26-000100.txt
TEMPLETON MARK B,,2026-05-20,2026-05-22,971,0.0,0.0,A,M,57872,False,True,False,0001596532-26-000096,https://www.sec.gov/Archives/edgar/data/1596532/000159653226000096/0001596532-26-000096.txt
Scheinman Daniel,,2026-05-20,2026-05-22,971,0.0,0.0,A,M,158192,False,True,False,0001596532-26-000095,https://www.sec.gov/Archives/edgar/data/1596532/000159653226000095/0001596532-26-000095.txt
Lavender Robert G,,2026-05-20,2026-05-22,807,0.0,0.0,A,M,4069,False,True,False,0001596532-26-000094,https://www.sec.gov/Archives/edgar/data/1596532/000159653226000094/0001596532-26-000094.txt
Giancarlo Charles H,,2026-05-20,2026-05-22,971,0.0,0.0,A,M,971,False,True,False,0001596532-26-000093,https://www.sec.gov/Archives/edgar/data/1596532/000159653226000093/0001596532-26-000093.txt
Duda Kenneth,President and CTO,2026-05-20,2026-05-22,3884,0.0,0.0,A,M,205018,False,True,True,0001596532-26-000099,https://www.sec.gov/Archives/edgar/data/1596532/000159653226000099/0001596532-26-000099.txt
Duda Kenneth,President and CTO,2026-05-20,2026-05-22,4148,0.0,0.0,A,M,209166,False,True,True,0001596532-26-000099,https://www.sec.gov/Archives/edgar/data/1596532/000159653226000099/0001596532-26-000099.txt
Duda Kenneth,President and CTO,2026-05-20,2026-05-22,1836,0.0,0.0,A,M,211002,False,True,True,0001596532-26-000099,https://www.sec.gov/Archives/edgar/data/1596532/000159653226000099/0001596532-26-000099.txt
Duda Kenneth,President and CTO,2026-05-20,2026-05-22,19816,0.0,0.0,A,M,230818,False,True,True,0001596532-26-000099,https://www.sec.gov/Archives/edgar/data/1596532/000159653226000099/0001596532-26-000099.txt
Duda Kenneth,President and CTO,2026-05-20,2026-05-22,1350,0.0,0.0,A,M,232168,False,True,True,0001596532-26-000099,https://www.sec.gov/Archives/edgar/data/1596532/000159653226000099/0001596532-26-000099.txt
Duda Kenneth,President and CTO,2026-05-20,2026-05-22,15545,141.58,2200861.1,D,F,216623,False,True,True,0001596532-26-000099,https://www.sec.gov/Archives/edgar/data/1596532/000159653226000099/0001596532-26-000099.txt
CHEW LEWIS,,2026-05-20,2026-05-22,971,0.0,0.0,A,M,31232,False,True,False,0001596532-26-000092,https://www.sec.gov/Archives/edgar/data/1596532/000159653226000092/0001596532-26-000092.txt
Breithaupt Chantelle Yvette,"Senior Vice President, CFO",2026-05-20,2026-05-22,10916,0.0,0.0,A,M,71650,False,False,True,0001596532-26-000098,https://www.sec.gov/Archives/edgar/data/1596532/000159653226000098/0001596532-26-000098.txt
Breithaupt Chantelle Yvette,"Senior Vice President, CFO",2026-05-20,2026-05-22,1350,0.0,0.0,A,M,73000,False,False,True,0001596532-26-000098,https://www.sec.gov/Archives/edgar/data/1596532/000159653226000098/0001596532-26-000098.txt
Breithaupt Chantelle Yvette,"Senior Vice President, CFO",2026-05-20,2026-05-22,6144,141.58,869867.52,D,F,66856,False,False,True,0001596532-26-000098,https://www.sec.gov/Archives/edgar/data/1596532/000159653226000098/0001596532-26-000098.txt
Battles Kelly Bodnar,,2026-05-20,2026-05-22,971,0.0,0.0,A,M,10500,False,True,False,0001596532-26-000091,https://www.sec.gov/Archives/edgar/data/1596532/000159653226000091/0001596532-26-000091.txt
Duda Kenneth,President and CTO,2026-05-18,2026-05-20,32000,15.2625,488400.0,A,M,44976,True,True,True,0001596532-26-000080,https://www.sec.gov/Archives/edgar/data/1596532/000159653226000080/0001596532-26-000080.txt
Duda Kenneth,President and CTO,2026-05-18,2026-05-20,14501,139.4094,2021575.71,D,S,30475,True,True,True,0001596532-26-000080,https://www.sec.gov/Archives/edgar/data/1596532/000159653226000080/0001596532-26-000080.txt
Duda Kenneth,President and CTO,2026-05-18,2026-05-20,12405,140.1325,1738343.66,D,S,18070,True,True,True,0001596532-26-000080,https://www.sec.gov/Archives/edgar/data/1596532/000159653226000080/0001596532-26-000080.txt
Duda Kenneth,President and CTO,2026-05-18,2026-05-20,3081,141.3356,435454.98,D,S,14989,True,True,True,0001596532-26-000080,https://www.sec.gov/Archives/edgar/data/1596532/000159653226000080/0001596532-26-000080.txt
Duda Kenneth,President and CTO,2026-05-18,2026-05-20,1103,142.335,156995.51,D,S,13886,True,True,True,0001596532-26-000080,https://www.sec.gov/Archives/edgar/data/1596532/000159653226000080/0001596532-26-000080.txt
Duda Kenneth,President and CTO,2026-05-18,2026-05-20,910,143.2324,130341.48,D,S,12976,True,True,True,0001596532-26-000080,https://www.sec.gov/Archives/edgar/data/1596532/000159653226000080/0001596532-26-000080.txt
Duda Kenneth,President and CTO,2026-05-18,2026-05-20,7251,139.4094,1010857.56,D,S,1071917,True,True,True,0001596532-26-000080,https://www.sec.gov/Archives/edgar/data/1596532/000159653226000080/0001596532-26-000080.txt
Duda Kenneth,President and CTO,2026-05-18,2026-05-20,6202,140.1325,869101.77,D,S,1065715,True,True,True,0001596532-26-000080,https://www.sec.gov/Archives/edgar/data/1596532/000159653226000080/0001596532-26-000080.txt
Duda Kenneth,President and CTO,2026-05-18,2026-05-20,1540,141.3356,217656.82,D,S,1064175,True,True,True,0001596532-26-000080,https://www.sec.gov/Archives/edgar/data/1596532/000159653226000080/0001596532-26-000080.txt
Duda Kenneth,President and CTO,2026-05-18,2026-05-20,552,142.335,78568.92,D,S,1063623,True,True,True,0001596532-26-000080,https://www.sec.gov/Archives/edgar/data/1596532/000159653226000080/0001596532-26-000080.txt
Duda Kenneth,President and CTO,2026-05-18,2026-05-20,455,143.2324,65170.74,D,S,1063168,True,True,True,0001596532-26-000080,https://www.sec.gov/Archives/edgar/data/1596532/000159653226000080/0001596532-26-000080.txt
Duda Kenneth,President and CTO,2026-05-18,2026-05-20,4532,139.4094,631803.4,D,S,487868,True,True,True,0001596532-26-000080,https://www.sec.gov/Archives/edgar/data/1596532/000159653226000080/0001596532-26-000080.txt
Duda Kenneth,President and CTO,2026-05-18,2026-05-20,3876,140.1325,543153.57,D,S,483992,True,True,True,0001596532-26-000080,https://www.sec.gov/Archives/edgar/data/1596532/000159653226000080/0001596532-26-000080.txt
Duda Kenneth,President and CTO,2026-05-18,2026-05-20,963,141.3356,136106.18,D,S,483029,True,True,True,0001596532-26-000080,https://www.sec.gov/Archives/edgar/data/1596532/000159653226000080/0001596532-26-000080.txt
Duda Kenneth,President and CTO,2026-05-18,2026-05-20,345,142.335,49105.58,D,S,482684,True,True,True,0001596532-26-000080,https://www.sec.gov/Archives/edgar/data/1596532/000159653226000080/0001596532-26-000080.txt
Duda Kenneth,President and CTO,2026-05-18,2026-05-20,284,143.2324,40678.0,D,S,482400,True,True,True,0001596532-26-000080,https://www.sec.gov/Archives/edgar/data/1596532/000159653226000080/0001596532-26-000080.txt
Giancarlo Charles H,,2026-05-01,2026-05-05,467,173.3876,80972.01,D,S,215866,True,True,False,0001596532-26-000077,https://www.sec.gov/Archives/edgar/data/1596532/000159653226000077/0001596532-26-000077.txt
Giancarlo Charles H,,2026-05-01,2026-05-05,1000,174.2526,174252.6,D,S,214866,True,True,False,0001596532-26-000077,https://www.sec.gov/Archives/edgar/data/1596532/000159653226000077/0001596532-26-000077.txt
Giancarlo Charles H,,2026-05-01,2026-05-05,3203,175.3003,561486.86,D,S,211663,True,True,False,0001596532-26-000077,https://www.sec.gov/Archives/edgar/data/1596532/000159653226000077/0001596532-26-000077.txt
Giancarlo Charles H,,2026-05-01,2026-05-05,3151,176.0794,554826.19,D,S,208512,True,True,False,0001596532-26-000077,https://www.sec.gov/Archives/edgar/data/1596532/000159653226000077/0001596532-26-000077.txt
Giancarlo Charles H,,2026-05-01,2026-05-05,179,176.8936,31663.95,D,S,208333,True,True,False,0001596532-26-000077,https://www.sec.gov/Archives/edgar/data/1596532/000159653226000077/0001596532-26-000077.txt
Ullal Jayshree,CEO and Chairperson,2026-04-22,2026-04-24,52838,177.2759,9366904.0,D,S,5220369,True,True,True,0001596532-26-000068,https://www.sec.gov/Archives/edgar/data/1596532/000159653226000068/0001596532-26-000068.txt
Ullal Jayshree,CEO and Chairperson,2026-04-22,2026-04-24,11162,178.2167,1989254.81,D,S,5209207,True,True,True,0001596532-26-000068,https://www.sec.gov/Archives/edgar/data/1596532/000159653226000068/0001596532-26-000068.txt
Ullal Jayshree,CEO and Chairperson,2026-04-22,2026-04-24,52838,177.2759,9366904.0,D,S,5220369,True,True,True,0001596532-26-000068,https://www.sec.gov/Archives/edgar/data/1596532/000159653226000068/0001596532-26-000068.txt
Ullal Jayshree,CEO and Chairperson,2026-04-22,2026-04-24,11162,178.2167,1989254.81,D,S,5209207,True,True,True,0001596532-26-000068,https://www.sec.gov/Archives/edgar/data/1596532/000159653226000068/0001596532-26-000068.txt
Ullal Jayshree,CEO and Chairperson,2026-04-22,2026-04-24,247676,177.2759,43906985.81,D,S,17534334,True,True,True,0001596532-26-000068,https://www.sec.gov/Archives/edgar/data/1596532/000159653226000068/0001596532-26-000068.txt
Ullal Jayshree,CEO and Chairperson,2026-04-22,2026-04-24,52324,178.2167,9325010.61,D,S,17482010,True,True,True,0001596532-26-000068,https://www.sec.gov/Archives/edgar/data/1596532/000159653226000068/0001596532-26-000068.txt
Ullal Jayshree,CEO and Chairperson,2026-04-21,2026-04-23,4519,167.6403,757566.52,D,S,5282768,True,True,True,0001596532-26-000066,https://www.sec.gov/Archives/edgar/data/1596532/000159653226000066/0001596532-26-000066.txt
Ullal Jayshree,CEO and Chairperson,2026-04-21,2026-04-23,7862,168.8887,1327802.96,D,S,5274906,True,True,True,0001596532-26-000066,https://www.sec.gov/Archives/edgar/data/1596532/000159653226000066/0001596532-26-000066.txt
Ullal Jayshree,CEO and Chairperson,2026-04-21,2026-04-23,1480,169.4654,250808.79,D,S,5273426,True,True,True,0001596532-26-000066,https://www.sec.gov/Archives/edgar/data/1596532/000159653226000066/0001596532-26-000066.txt
Ullal Jayshree,CEO and Chairperson,2026-04-21,2026-04-23,219,170.5066,37340.95,D,S,5273207,True,True,True,0001596532-26-000066,https://www.sec.gov/Archives/edgar/data/1596532/000159653226000066/0001596532-26-000066.txt
Ullal Jayshree,CEO and Chairperson,2026-04-21,2026-04-23,4519,167.6403,757566.52,D,S,5282768,True,True,True,0001596532-26-000066,https://www.sec.gov/Archives/edgar/data/1596532/000159653226000066/0001596532-26-000066.txt
Ullal Jayshree,CEO and Chairperson,2026-04-21,2026-04-23,7862,168.8887,1327802.96,D,S,5274906,True,True,True,0001596532-26-000066,https://www.sec.gov/Archives/edgar/data/1596532/000159653226000066/0001596532-26-000066.txt
Ullal Jayshree,CEO and Chairperson,2026-04-21,2026-04-23,1480,169.4654,250808.79,D,S,5273426,True,True,True,0001596532-26-000066,https://www.sec.gov/Archives/edgar/data/1596532/000159653226000066/0001596532-26-000066.txt
Ullal Jayshree,CEO and Chairperson,2026-04-21,2026-04-23,219,170.5066,37340.95,D,S,5273207,True,True,True,0001596532-26-000066,https://www.sec.gov/Archives/edgar/data/1596532/000159653226000066/0001596532-26-000066.txt
Ullal Jayshree,CEO and Chairperson,2026-04-21,2026-04-23,21090,167.6403,3535533.93,D,S,17826621,True,True,True,0001596532-26-000066,https://www.sec.gov/Archives/edgar/data/1596532/000159653226000066/0001596532-26-000066.txt
Ullal Jayshree,CEO and Chairperson,2026-04-21,2026-04-23,36685,168.8887,6195681.96,D,S,17789936,True,True,True,0001596532-26-000066,https://www.sec.gov/Archives/edgar/data/1596532/000159653226000066/0001596532-26-000066.txt
Ullal Jayshree,CEO and Chairperson,2026-04-21,2026-04-23,6906,169.4654,1170328.05,D,S,17783030,True,True,True,0001596532-26-000066,https://www.sec.gov/Archives/edgar/data/1596532/000159653226000066/0001596532-26-000066.txt
Ullal Jayshree,CEO and Chairperson,2026-04-21,2026-04-23,1020,170.5066,173916.73,D,S,17782010,True,True,True,0001596532-26-000066,https://www.sec.gov/Archives/edgar/data/1596532/000159653226000066/0001596532-26-000066.txt
Ullal Jayshree,CEO and Chairperson,2026-04-20,2026-04-22,45920,167.312,7682967.04,D,S,5287287,True,True,True,0001596532-26-000064,https://www.sec.gov/Archives/edgar/data/1596532/000159653226000064/0001596532-26-000064.txt
Ullal Jayshree,CEO and Chairperson,2026-04-20,2026-04-22,45920,167.312,7682967.04,D,S,5287287,True,True,True,0001596532-26-000064,https://www.sec.gov/Archives/edgar/data/1596532/000159653226000064/0001596532-26-000064.txt
Ullal Jayshree,CEO and Chairperson,2026-04-20,2026-04-22,214299,167.312,35854794.29,D,S,17847711,True,True,True,0001596532-26-000064,https://www.sec.gov/Archives/edgar/data/1596532/000159653226000064/0001596532-26-000064.txt
Duda Kenneth,President and CTO,2026-04-17,2026-04-21,32000,15.2625,488400.0,A,M,44976,True,True,True,0001596532-26-000062,https://www.sec.gov/Archives/edgar/data/1596532/000159653226000062/0001596532-26-000062.txt
Duda Kenneth,President and CTO,2026-04-17,2026-04-21,1324,161.1808,213403.38,D,S,43652,True,True,True,0001596532-26-000062,https://www.sec.gov/Archives/edgar/data/1596532/000159653226000062/0001596532-26-000062.txt
Duda Kenneth,President and CTO,2026-04-17,2026-04-21,9892,162.1464,1603952.19,D,S,33760,True,True,True,0001596532-26-000062,https://www.sec.gov/Archives/edgar/data/1596532/000159653226000062/0001596532-26-000062.txt
Duda Kenneth,President and CTO,2026-04-17,2026-04-21,6410,163.0981,1045458.82,D,S,27350,True,True,True,0001596532-26-000062,https://www.sec.gov/Archives/edgar/data/1596532/000159653226000062/0001596532-26-000062.txt
Duda Kenneth,President and CTO,2026-04-17,2026-04-21,9592,164.1796,1574810.72,D,S,17758,True,True,True,0001596532-26-000062,https://www.sec.gov/Archives/edgar/data/1596532/000159653226000062/0001596532-26-000062.txt
Duda Kenneth,President and CTO,2026-04-17,2026-04-21,4782,164.8584,788352.87,D,S,12976,True,True,True,0001596532-26-000062,https://www.sec.gov/Archives/edgar/data/1596532/000159653226000062/0001596532-26-000062.txt
Duda Kenneth,President and CTO,2026-04-17,2026-04-21,662,161.1808,106701.69,D,S,1094506,True,True,True,0001596532-26-000062,https://www.sec.gov/Archives/edgar/data/1596532/000159653226000062/0001596532-26-000062.txt
Duda Kenneth,President and CTO,2026-04-17,2026-04-21,4946,162.1464,801976.09,D,S,1089560,True,True,True,0001596532-26-000062,https://www.sec.gov/Archives/edgar/data/1596532/000159653226000062/0001596532-26-000062.txt
Duda Kenneth,President and CTO,2026-04-17,2026-04-21,3205,163.0981,522729.41,D,S,1086355,True,True,True,0001596532-26-000062,https://www.sec.gov/Archives/edgar/data/1596532/000159653226000062/0001596532-26-000062.txt
Duda Kenneth,President and CTO,2026-04-17,2026-04-21,4796,164.1796,787405.36,D,S,1081559,True,True,True,0001596532-26-000062,https://www.sec.gov/Archives/edgar/data/1596532/000159653226000062/0001596532-26-000062.txt
Duda Kenneth,President and CTO,2026-04-17,2026-04-21,2391,164.8584,394176.43,D,S,1079168,True,True,True,0001596532-26-000062,https://www.sec.gov/Archives/edgar/data/1596532/000159653226000062/0001596532-26-000062.txt
Duda Kenneth,President and CTO,2026-04-17,2026-04-21,414,161.1808,66728.85,D,S,501986,True,True,True,0001596532-26-000062,https://www.sec.gov/Archives/edgar/data/1596532/000159653226000062/0001596532-26-000062.txt
Duda Kenneth,President and CTO,2026-04-17,2026-04-21,3091,162.1464,501194.52,D,S,498895,True,True,True,0001596532-26-000062,https://www.sec.gov/Archives/edgar/data/1596532/000159653226000062/0001596532-26-000062.txt
Duda Kenneth,President and CTO,2026-04-17,2026-04-21,2003,163.0981,326685.49,D,S,496892,True,True,True,0001596532-26-000062,https://www.sec.gov/Archives/edgar/data/1596532/000159653226000062/0001596532-26-000062.txt
Duda Kenneth,President and CTO,2026-04-17,2026-04-21,2998,164.1796,492210.44,D,S,493894,True,True,True,0001596532-26-000062,https://www.sec.gov/Archives/edgar/data/1596532/000159653226000062/0001596532-26-000062.txt
Duda Kenneth,President and CTO,2026-04-17,2026-04-21,1494,164.8584,246298.45,D,S,492400,True,True,True,0001596532-26-000062,https://www.sec.gov/Archives/edgar/data/1596532/000159653226000062/0001596532-26-000062.txt
Ullal Jayshree,CEO and Chairperson,2026-04-16,2026-04-20,45834,159.2037,7296942.39,D,S,5337373,True,True,True,0001596532-26-000060,https://www.sec.gov/Archives/edgar/data/1596532/000159653226000060/0001596532-26-000060.txt
Ullal Jayshree,CEO and Chairperson,2026-04-16,2026-04-20,4166,160.5527,668862.55,D,S,5333207,True,True,True,0001596532-26-000060,https://www.sec.gov/Archives/edgar/data/1596532/000159653226000060/0001596532-26-000060.txt
Ullal Jayshree,CEO and Chairperson,2026-04-16,2026-04-20,45834,159.2037,7296942.39,D,S,5337373,True,True,True,0001596532-26-000060,https://www.sec.gov/Archives/edgar/data/1596532/000159653226000060/0001596532-26-000060.txt
Ullal Jayshree,CEO and Chairperson,2026-04-16,2026-04-20,4166,160.5527,668862.55,D,S,5333207,True,True,True,0001596532-26-000060,https://www.sec.gov/Archives/edgar/data/1596532/000159653226000060/0001596532-26-000060.txt
Ullal Jayshree,CEO and Chairperson,2026-04-16,2026-04-20,229173,159.2037,36485189.54,D,S,18082837,True,True,True,0001596532-26-000060,https://www.sec.gov/Archives/edgar/data/1596532/000159653226000060/0001596532-26-000060.txt
Ullal Jayshree,CEO and Chairperson,2026-04-16,2026-04-20,20827,160.5527,3343831.08,D,S,18062010,True,True,True,0001596532-26-000060,https://www.sec.gov/Archives/edgar/data/1596532/000159653226000060/0001596532-26-000060.txt
Wassenaar Yvonne,,2026-04-15,2026-04-17,78,151.0697,11783.44,D,S,11101,True,True,False,0001596532-26-000058,https://www.sec.gov/Archives/edgar/data/1596532/000159653226000058/0001596532-26-000058.txt
Wassenaar Yvonne,,2026-04-15,2026-04-17,414,152.3063,63054.81,D,S,10687,True,True,False,0001596532-26-000058,https://www.sec.gov/Archives/edgar/data/1596532/000159653226000058/0001596532-26-000058.txt
Wassenaar Yvonne,,2026-04-15,2026-04-17,607,153.3513,93084.24,D,S,10080,True,True,False,0001596532-26-000058,https://www.sec.gov/Archives/edgar/data/1596532/000159653226000058/0001596532-26-000058.txt
Wassenaar Yvonne,,2026-04-15,2026-04-17,290,154.075,44681.75,D,S,9790,True,True,False,0001596532-26-000058,https://www.sec.gov/Archives/edgar/data/1596532/000159653226000058/0001596532-26-000058.txt
Wassenaar Yvonne,,2026-04-15,2026-04-17,6,154.72,928.32,D,S,9784,True,True,False,0001596532-26-000058,https://www.sec.gov/Archives/edgar/data/1596532/000159653226000058/0001596532-26-000058.txt
Breithaupt Chantelle Yvette,"Senior Vice President, CFO",2026-04-14,2026-04-16,8890,155.0241,1378164.25,D,S,60734,True,False,True,0001596532-26-000056,https://www.sec.gov/Archives/edgar/data/1596532/000159653226000056/0001596532-26-000056.txt
Ullal Jayshree,CEO and Chairperson,2026-04-13,2026-04-15,112812,150.1141,16934671.85,D,S,9917,True,True,True,0001596532-26-000054,https://www.sec.gov/Archives/edgar/data/1596532/000159653226000054/0001596532-26-000054.txt
Giancarlo Charles H,,2026-04-01,2026-04-03,3898,125.3808,488734.36,D,S,220435,True,True,False,0001596532-26-000052,https://www.sec.gov/Archives/edgar/data/1596532/000159653226000052/0001596532-26-000052.txt
Giancarlo Charles H,,2026-04-01,2026-04-03,3702,126.4372,468070.51,D,S,216733,True,True,False,0001596532-26-000052,https://www.sec.gov/Archives/edgar/data/1596532/000159653226000052/0001596532-26-000052.txt
Giancarlo Charles H,,2026-04-01,2026-04-03,400,126.9964,50798.56,D,S,216333,True,True,False,0001596532-26-000052,https://www.sec.gov/Archives/edgar/data/1596532/000159653226000052/0001596532-26-000052.txt
Duda Kenneth,President and CTO,2026-03-17,2026-03-19,32000,15.2625,488400.0,A,M,44976,True,True,True,0001596532-26-000050,https://www.sec.gov/Archives/edgar/data/1596532/000159653226000050/0001596532-26-000050.txt
Duda Kenneth,President and CTO,2026-03-17,2026-03-19,7401,133.0345,984588.33,D,S,37575,True,True,True,0001596532-26-000050,https://www.sec.gov/Archives/edgar/data/1596532/000159653226000050/0001596532-26-000050.txt
Duda Kenneth,President and CTO,2026-03-17,2026-03-19,14005,134.016,1876894.08,D,S,23570,True,True,True,0001596532-26-000050,https://www.sec.gov/Archives/edgar/data/1596532/000159653226000050/0001596532-26-000050.txt
Duda Kenneth,President and CTO,2026-03-17,2026-03-19,8581,134.879,1157396.7,D,S,14989,True,True,True,0001596532-26-000050,https://www.sec.gov/Archives/edgar/data/1596532/000159653226000050/0001596532-26-000050.txt
Duda Kenneth,President and CTO,2026-03-17,2026-03-19,2013,135.9723,273712.24,D,S,12976,True,True,True,0001596532-26-000050,https://www.sec.gov/Archives/edgar/data/1596532/000159653226000050/0001596532-26-000050.txt
Duda Kenneth,President and CTO,2026-03-17,2026-03-19,3701,133.0345,492360.68,D,S,1107467,True,True,True,0001596532-26-000050,https://www.sec.gov/Archives/edgar/data/1596532/000159653226000050/0001596532-26-000050.txt
Duda Kenneth,President and CTO,2026-03-17,2026-03-19,7003,134.016,938514.05,D,S,1100464,True,True,True,0001596532-26-000050,https://www.sec.gov/Archives/edgar/data/1596532/000159653226000050/0001596532-26-000050.txt
Duda Kenneth,President and CTO,2026-03-17,2026-03-19,4290,134.879,578630.91,D,S,1096174,True,True,True,0001596532-26-000050,https://www.sec.gov/Archives/edgar/data/1596532/000159653226000050/0001596532-26-000050.txt
Duda Kenneth,President and CTO,2026-03-17,2026-03-19,1006,135.9723,136788.13,D,S,1095168,True,True,True,0001596532-26-000050,https://www.sec.gov/Archives/edgar/data/1596532/000159653226000050/0001596532-26-000050.txt
Duda Kenneth,President and CTO,2026-03-17,2026-03-19,2313,133.0345,307708.8,D,S,510087,True,True,True,0001596532-26-000050,https://www.sec.gov/Archives/edgar/data/1596532/000159653226000050/0001596532-26-000050.txt
Duda Kenneth,President and CTO,2026-03-17,2026-03-19,4377,134.016,586588.03,D,S,505710,True,True,True,0001596532-26-000050,https://www.sec.gov/Archives/edgar/data/1596532/000159653226000050/0001596532-26-000050.txt
Duda Kenneth,President and CTO,2026-03-17,2026-03-19,2681,134.879,361610.6,D,S,503029,True,True,True,0001596532-26-000050,https://www.sec.gov/Archives/edgar/data/1596532/000159653226000050/0001596532-26-000050.txt
Duda Kenneth,President and CTO,2026-03-17,2026-03-19,629,135.9723,85526.58,D,S,502400,True,True,True,0001596532-26-000050,https://www.sec.gov/Archives/edgar/data/1596532/000159653226000050/0001596532-26-000050.txt
Wassenaar Yvonne,,2026-03-16,2026-03-18,264,132.6904,35030.27,D,S,12310,True,True,False,0001596532-26-000048,https://www.sec.gov/Archives/edgar/data/1596532/000159653226000048/0001596532-26-000048.txt
Wassenaar Yvonne,,2026-03-16,2026-03-18,360,133.552,48078.72,D,S,11950,True,True,False,0001596532-26-000048,https://www.sec.gov/Archives/edgar/data/1596532/000159653226000048/0001596532-26-000048.txt
Wassenaar Yvonne,,2026-03-16,2026-03-18,232,134.6537,31239.66,D,S,11718,True,True,False,0001596532-26-000048,https://www.sec.gov/Archives/edgar/data/1596532/000159653226000048/0001596532-26-000048.txt
Wassenaar Yvonne,,2026-03-16,2026-03-18,539,135.5394,73055.74,D,S,11179,True,True,False,0001596532-26-000048,https://www.sec.gov/Archives/edgar/data/1596532/000159653226000048/0001596532-26-000048.txt
Duda Kenneth,President and CTO,2026-03-11,2026-03-13,55814,0.0,0.0,D,J,702147,False,True,True,0001596532-26-000045,https://www.sec.gov/Archives/edgar/data/1596532/000159653226000045/0001596532-26-000045.txt
Duda Kenneth,President and CTO,2026-03-11,2026-03-13,55814,0.0,0.0,D,J,702147,False,True,True,0001596532-26-000045,https://www.sec.gov/Archives/edgar/data/1596532/000159653226000045/0001596532-26-000045.txt
Duda Kenneth,President and CTO,2026-03-11,2026-03-13,111628,0.0,0.0,A,J,201134,False,True,True,0001596532-26-000045,https://www.sec.gov/Archives/edgar/data/1596532/000159653226000045/0001596532-26-000045.txt
Giancarlo Charles H,,2026-03-02,2026-03-04,3100,127.9014,396494.34,D,S,6684,True,True,False,0001596532-26-000043,https://www.sec.gov/Archives/edgar/data/1596532/000159653226000043/0001596532-26-000043.txt
Giancarlo Charles H,,2026-03-02,2026-03-04,3600,128.8734,463944.24,D,S,3084,True,True,False,0001596532-26-000043,https://www.sec.gov/Archives/edgar/data/1596532/000159653226000043/0001596532-26-000043.txt
Giancarlo Charles H,,2026-03-02,2026-03-04,1300,129.9489,168933.57,D,S,1784,True,True,False,0001596532-26-000043,https://www.sec.gov/Archives/edgar/data/1596532/000159653226000043/0001596532-26-000043.txt
Wassenaar Yvonne,,2026-02-25,2026-02-27,70,129.407,9058.49,D,S,14319,True,True,False,0001596532-26-000041,https://www.sec.gov/Archives/edgar/data/1596532/000159653226000041/0001596532-26-000041.txt
Wassenaar Yvonne,,2026-02-25,2026-02-27,49,130.1183,6375.8,D,S,14270,True,True,False,0001596532-26-000041,https://www.sec.gov/Archives/edgar/data/1596532/000159653226000041/0001596532-26-000041.txt
Wassenaar Yvonne,,2026-02-25,2026-02-27,357,131.5609,46967.24,D,S,13913,True,True,False,0001596532-26-000041,https://www.sec.gov/Archives/edgar/data/1596532/000159653226000041/0001596532-26-000041.txt
Wassenaar Yvonne,,2026-02-25,2026-02-27,835,132.6568,110768.43,D,S,13078,True,True,False,0001596532-26-000041,https://www.sec.gov/Archives/edgar/data/1596532/000159653226000041/0001596532-26-000041.txt
Wassenaar Yvonne,,2026-02-25,2026-02-27,504,133.3542,67210.52,D,S,12574,True,True,False,0001596532-26-000041,https://www.sec.gov/Archives/edgar/data/1596532/000159653226000041/0001596532-26-000041.txt
Battles Kelly Bodnar,,2026-02-23,2026-02-25,121,126.8497,15348.81,D,S,9830,True,True,False,0001596532-26-000039,https://www.sec.gov/Archives/edgar/data/1596532/000159653226000039/0001596532-26-000039.txt
Battles Kelly Bodnar,,2026-02-23,2026-02-25,119,127.7585,15203.26,D,S,9711,True,True,False,0001596532-26-000039,https://www.sec.gov/Archives/edgar/data/1596532/000159653226000039/0001596532-26-000039.txt
Battles Kelly Bodnar,,2026-02-23,2026-02-25,134,128.5976,17232.08,D,S,9577,True,True,False,0001596532-26-000039,https://www.sec.gov/Archives/edgar/data/1596532/000159653226000039/0001596532-26-000039.txt
Battles Kelly Bodnar,,2026-02-23,2026-02-25,19,129.5947,2462.3,D,S,9558,True,True,False,0001596532-26-000039,https://www.sec.gov/Archives/edgar/data/1596532/000159653226000039/0001596532-26-000039.txt
Battles Kelly Bodnar,,2026-02-23,2026-02-25,19,130.5926,2481.26,D,S,9539,True,True,False,0001596532-26-000039,https://www.sec.gov/Archives/edgar/data/1596532/000159653226000039/0001596532-26-000039.txt
Battles Kelly Bodnar,,2026-02-23,2026-02-25,10,131.464,1314.64,D,S,9529,True,True,False,0001596532-26-000039,https://www.sec.gov/Archives/edgar/data/1596532/000159653226000039/0001596532-26-000039.txt
Wassenaar Yvonne,,2026-02-20,2026-02-24,971,0.0,0.0,A,M,14389,False,True,False,0001596532-26-000037,https://www.sec.gov/Archives/edgar/data/1596532/000159653226000037/0001596532-26-000037.txt
Ullal Jayshree,CEO and Chairperson,2026-02-20,2026-02-24,20592,0.0,0.0,A,M,30509,False,True,True,0001596532-26-000030,https://www.sec.gov/Archives/edgar/data/1596532/000159653226000030/0001596532-26-000030.txt
Ullal Jayshree,CEO and Chairperson,2026-02-20,2026-02-24,77640,0.0,0.0,A,M,108149,False,True,True,0001596532-26-000030,https://www.sec.gov/Archives/edgar/data/1596532/000159653226000030/0001596532-26-000030.txt
Ullal Jayshree,CEO and Chairperson,2026-02-20,2026-02-24,27660,0.0,0.0,A,M,135809,False,True,True,0001596532-26-000030,https://www.sec.gov/Archives/edgar/data/1596532/000159653226000030/0001596532-26-000030.txt
Ullal Jayshree,CEO and Chairperson,2026-02-20,2026-02-24,57240,0.0,0.0,A,M,193049,False,True,True,0001596532-26-000030,https://www.sec.gov/Archives/edgar/data/1596532/000159653226000030/0001596532-26-000030.txt
Ullal Jayshree,CEO and Chairperson,2026-02-20,2026-02-24,41224,0.0,0.0,A,M,234273,False,True,True,0001596532-26-000030,https://www.sec.gov/Archives/edgar/data/1596532/000159653226000030/0001596532-26-000030.txt
Ullal Jayshree,CEO and Chairperson,2026-02-20,2026-02-24,111544,137.23,15307183.12,D,F,122729,False,True,True,0001596532-26-000030,https://www.sec.gov/Archives/edgar/data/1596532/000159653226000030/0001596532-26-000030.txt
TEMPLETON MARK B,,2026-02-20,2026-02-24,971,0.0,0.0,A,M,56901,False,True,False,0001596532-26-000036,https://www.sec.gov/Archives/edgar/data/1596532/000159653226000036/0001596532-26-000036.txt
Scheinman Daniel,,2026-02-20,2026-02-24,971,0.0,0.0,A,M,157221,False,True,False,0001596532-26-000035,https://www.sec.gov/Archives/edgar/data/1596532/000159653226000035/0001596532-26-000035.txt
Nightingale Todd,President and COO,2026-02-20,2026-02-24,10360,0.0,0.0,A,M,10360,False,False,True,0001596532-26-000029,https://www.sec.gov/Archives/edgar/data/1596532/000159653226000029/0001596532-26-000029.txt
Nightingale Todd,President and COO,2026-02-20,2026-02-24,4232,137.23,580757.36,D,F,6128,False,False,True,0001596532-26-000029,https://www.sec.gov/Archives/edgar/data/1596532/000159653226000029/0001596532-26-000029.txt
Lavender Robert G,,2026-02-20,2026-02-24,808,0.0,0.0,A,M,3262,False,True,False,0001596532-26-000034,https://www.sec.gov/Archives/edgar/data/1596532/000159653226000034/0001596532-26-000034.txt
Giancarlo Charles H,,2026-02-20,2026-02-24,971,0.0,0.0,A,M,222549,False,True,False,0001596532-26-000033,https://www.sec.gov/Archives/edgar/data/1596532/000159653226000033/0001596532-26-000033.txt
Duda Kenneth,President and CTO,2026-02-20,2026-02-24,3880,0.0,0.0,A,M,38963,False,True,True,0001596532-26-000028,https://www.sec.gov/Archives/edgar/data/1596532/000159653226000028/0001596532-26-000028.txt
Duda Kenneth,President and CTO,2026-02-20,2026-02-24,4148,0.0,0.0,A,M,43111,False,True,True,0001596532-26-000028,https://www.sec.gov/Archives/edgar/data/1596532/000159653226000028/0001596532-26-000028.txt
Duda Kenneth,President and CTO,2026-02-20,2026-02-24,44240,0.0,0.0,A,M,87351,False,True,True,0001596532-26-000028,https://www.sec.gov/Archives/edgar/data/1596532/000159653226000028/0001596532-26-000028.txt
Duda Kenneth,President and CTO,2026-02-20,2026-02-24,1836,0.0,0.0,A,M,89187,False,True,True,0001596532-26-000028,https://www.sec.gov/Archives/edgar/data/1596532/000159653226000028/0001596532-26-000028.txt
Duda Kenneth,President and CTO,2026-02-20,2026-02-24,19816,0.0,0.0,A,M,109003,False,True,True,0001596532-26-000028,https://www.sec.gov/Archives/edgar/data/1596532/000159653226000028/0001596532-26-000028.txt
Duda Kenneth,President and CTO,2026-02-20,2026-02-24,1350,0.0,0.0,A,M,110353,False,True,True,0001596532-26-000028,https://www.sec.gov/Archives/edgar/data/1596532/000159653226000028/0001596532-26-000028.txt
Duda Kenneth,President and CTO,2026-02-20,2026-02-24,14400,0.0,0.0,A,M,124753,False,True,True,0001596532-26-000028,https://www.sec.gov/Archives/edgar/data/1596532/000159653226000028/0001596532-26-000028.txt
Duda Kenneth,President and CTO,2026-02-20,2026-02-24,19576,0.0,0.0,A,M,144329,False,True,True,0001596532-26-000028,https://www.sec.gov/Archives/edgar/data/1596532/000159653226000028/0001596532-26-000028.txt
Duda Kenneth,President and CTO,2026-02-20,2026-02-24,54823,137.23,7523360.29,D,F,89506,False,True,True,0001596532-26-000028,https://www.sec.gov/Archives/edgar/data/1596532/000159653226000028/0001596532-26-000028.txt
CHEW LEWIS,,2026-02-20,2026-02-24,971,0.0,0.0,A,M,30261,False,True,False,0001596532-26-000032,https://www.sec.gov/Archives/edgar/data/1596532/000159653226000032/0001596532-26-000032.txt
Breithaupt Chantelle Yvette,"Senior Vice President, CFO",2026-02-20,2026-02-24,10920,0.0,0.0,A,M,58315,False,False,True,0001596532-26-000027,https://www.sec.gov/Archives/edgar/data/1596532/000159653226000027/0001596532-26-000027.txt
Breithaupt Chantelle Yvette,"Senior Vice President, CFO",2026-02-20,2026-02-24,15864,0.0,0.0,A,M,74179,False,False,True,0001596532-26-000027,https://www.sec.gov/Archives/edgar/data/1596532/000159653226000027/0001596532-26-000027.txt
Breithaupt Chantelle Yvette,"Senior Vice President, CFO",2026-02-20,2026-02-24,1350,0.0,0.0,A,M,75529,False,False,True,0001596532-26-000027,https://www.sec.gov/Archives/edgar/data/1596532/000159653226000027/0001596532-26-000027.txt
Breithaupt Chantelle Yvette,"Senior Vice President, CFO",2026-02-20,2026-02-24,14400,0.0,0.0,A,M,89929,False,False,True,0001596532-26-000027,https://www.sec.gov/Archives/edgar/data/1596532/000159653226000027/0001596532-26-000027.txt
Breithaupt Chantelle Yvette,"Senior Vice President, CFO",2026-02-20,2026-02-24,20305,137.23,2786455.15,D,F,69624,False,False,True,0001596532-26-000027,https://www.sec.gov/Archives/edgar/data/1596532/000159653226000027/0001596532-26-000027.txt
Battles Kelly Bodnar,,2026-02-20,2026-02-24,971,0.0,0.0,A,M,9951,False,True,False,0001596532-26-000031,https://www.sec.gov/Archives/edgar/data/1596532/000159653226000031/0001596532-26-000031.txt
Duda Kenneth,President and CTO,2026-02-17,2026-02-19,32000,15.2625,488400.0,A,M,44976,True,False,False,0001605808-26-000002,https://www.sec.gov/Archives/edgar/data/1596532/000160580826000002/0001605808-26-000002.txt
Duda Kenneth,President and CTO,2026-02-17,2026-02-19,6069,141.1477,856625.39,D,S,38907,True,False,False,0001605808-26-000002,https://www.sec.gov/Archives/edgar/data/1596532/000160580826000002/0001605808-26-000002.txt
Duda Kenneth,President and CTO,2026-02-17,2026-02-19,10363,142.1004,1472586.45,D,S,28544,True,False,False,0001605808-26-000002,https://www.sec.gov/Archives/edgar/data/1596532/000160580826000002/0001605808-26-000002.txt
Duda Kenneth,President and CTO,2026-02-17,2026-02-19,10989,142.9243,1570595.13,D,S,17555,True,False,False,0001605808-26-000002,https://www.sec.gov/Archives/edgar/data/1596532/000160580826000002/0001605808-26-000002.txt
Duda Kenneth,President and CTO,2026-02-17,2026-02-19,4524,143.7159,650170.73,D,S,13031,True,False,False,0001605808-26-000002,https://www.sec.gov/Archives/edgar/data/1596532/000160580826000002/0001605808-26-000002.txt
Duda Kenneth,President and CTO,2026-02-17,2026-02-19,55,144.74,7960.7,D,S,12976,True,False,False,0001605808-26-000002,https://www.sec.gov/Archives/edgar/data/1596532/000160580826000002/0001605808-26-000002.txt
Duda Kenneth,President and CTO,2026-02-17,2026-02-19,1897,141.1477,267757.19,D,S,520503,True,False,False,0001605808-26-000002,https://www.sec.gov/Archives/edgar/data/1596532/000160580826000002/0001605808-26-000002.txt
Duda Kenneth,President and CTO,2026-02-17,2026-02-19,3238,142.1004,460121.1,D,S,517265,True,False,False,0001605808-26-000002,https://www.sec.gov/Archives/edgar/data/1596532/000160580826000002/0001605808-26-000002.txt
Duda Kenneth,President and CTO,2026-02-17,2026-02-19,3434,142.9243,490802.05,D,S,513831,True,False,False,0001605808-26-000002,https://www.sec.gov/Archives/edgar/data/1596532/000160580826000002/0001605808-26-000002.txt
Duda Kenneth,President and CTO,2026-02-17,2026-02-19,1414,143.7159,203214.28,D,S,512417,True,False,False,0001605808-26-000002,https://www.sec.gov/Archives/edgar/data/1596532/000160580826000002/0001605808-26-000002.txt
Duda Kenneth,President and CTO,2026-02-17,2026-02-19,17,144.74,2460.58,D,S,512400,True,False,False,0001605808-26-000002,https://www.sec.gov/Archives/edgar/data/1596532/000160580826000002/0001605808-26-000002.txt
Duda Kenneth,President and CTO,2026-02-17,2026-02-19,3034,141.1477,428242.12,D,S,1124134,True,False,False,0001605808-26-000002,https://www.sec.gov/Archives/edgar/data/1596532/000160580826000002/0001605808-26-000002.txt
Duda Kenneth,President and CTO,2026-02-17,2026-02-19,5182,142.1004,736364.27,D,S,1118952,True,False,False,0001605808-26-000002,https://www.sec.gov/Archives/edgar/data/1596532/000160580826000002/0001605808-26-000002.txt
Duda Kenneth,President and CTO,2026-02-17,2026-02-19,5494,142.9243,785226.1,D,S,1113458,True,False,False,0001605808-26-000002,https://www.sec.gov/Archives/edgar/data/1596532/000160580826000002/0001605808-26-000002.txt
Duda Kenneth,President and CTO,2026-02-17,2026-02-19,2262,142.7159,322823.37,D,S,1111196,True,False,False,0001605808-26-000002,https://www.sec.gov/Archives/edgar/data/1596532/000160580826000002/0001605808-26-000002.txt
Duda Kenneth,President and CTO,2026-02-17,2026-02-19,28,144.74,4052.72,D,S,1111168,True,False,False,0001605808-26-000002,https://www.sec.gov/Archives/edgar/data/1596532/000160580826000002/0001605808-26-000002.txt
Giancarlo Charles H,,2026-02-02,2026-02-04,1900,138.9082,263925.58,D,S,15884,True,True,False,0001596532-26-000007,https://www.sec.gov/Archives/edgar/data/1596532/000159653226000007/0001596532-26-000007.txt
Giancarlo Charles H,,2026-02-02,2026-02-04,1590,140.2747,223036.77,D,S,14294,True,True,False,0001596532-26-000007,https://www.sec.gov/Archives/edgar/data/1596532/000159653226000007/0001596532-26-000007.txt
Giancarlo Charles H,,2026-02-02,2026-02-04,3910,141.0087,551344.02,D,S,10384,True,True,False,0001596532-26-000007,https://www.sec.gov/Archives/edgar/data/1596532/000159653226000007/0001596532-26-000007.txt
Giancarlo Charles H,,2026-02-02,2026-02-04,600,141.9373,85162.38,D,S,9784,True,True,False,0001596532-26-000007,https://www.sec.gov/Archives/edgar/data/1596532/000159653226000007/0001596532-26-000007.txt
Duda Kenneth,President and CTO,2026-01-20,2026-01-22,30000,3.515,105450.0,A,M,42976,True,True,True,0001596532-26-000005,https://www.sec.gov/Archives/edgar/data/1596532/000159653226000005/0001596532-26-000005.txt
Duda Kenneth,President and CTO,2026-01-20,2026-01-22,7237,127.2796,921122.47,D,S,35739,True,True,True,0001596532-26-000005,https://www.sec.gov/Archives/edgar/data/1596532/000159653226000005/0001596532-26-000005.txt
Duda Kenneth,President and CTO,2026-01-20,2026-01-22,9600,128.0123,1228918.08,D,S,26139,True,True,True,0001596532-26-000005,https://www.sec.gov/Archives/edgar/data/1596532/000159653226000005/0001596532-26-000005.txt
Duda Kenneth,President and CTO,2026-01-20,2026-01-22,10756,129.2549,1390265.7,D,S,15383,True,True,True,0001596532-26-000005,https://www.sec.gov/Archives/edgar/data/1596532/000159653226000005/0001596532-26-000005.txt
Duda Kenneth,President and CTO,2026-01-20,2026-01-22,2407,129.8985,312665.69,D,S,12976,True,True,True,0001596532-26-000005,https://www.sec.gov/Archives/edgar/data/1596532/000159653226000005/0001596532-26-000005.txt
Duda Kenneth,President and CTO,2026-01-20,2026-01-22,3860,127.2796,491299.26,D,S,1139308,True,True,True,0001596532-26-000005,https://www.sec.gov/Archives/edgar/data/1596532/000159653226000005/0001596532-26-000005.txt
Duda Kenneth,President and CTO,2026-01-20,2026-01-22,5120,128.0123,655422.98,D,S,1134188,True,True,True,0001596532-26-000005,https://www.sec.gov/Archives/edgar/data/1596532/000159653226000005/0001596532-26-000005.txt
Duda Kenneth,President and CTO,2026-01-20,2026-01-22,5736,129.2549,741406.11,D,S,1128452,True,True,True,0001596532-26-000005,https://www.sec.gov/Archives/edgar/data/1596532/000159653226000005/0001596532-26-000005.txt
Duda Kenneth,President and CTO,2026-01-20,2026-01-22,1284,129.8985,166789.67,D,S,1127168,True,True,True,0001596532-26-000005,https://www.sec.gov/Archives/edgar/data/1596532/000159653226000005/0001596532-26-000005.txt
Duda Kenneth,President and CTO,2026-01-20,2026-01-22,2413,127.2796,307125.67,D,S,529987,True,True,True,0001596532-26-000005,https://www.sec.gov/Archives/edgar/data/1596532/000159653226000005/0001596532-26-000005.txt
Duda Kenneth,President and CTO,2026-01-20,2026-01-22,3200,128.0123,409639.36,D,S,526787,True,True,True,0001596532-26-000005,https://www.sec.gov/Archives/edgar/data/1596532/000159653226000005/0001596532-26-000005.txt
Duda Kenneth,President and CTO,2026-01-20,2026-01-22,3585,129.2549,463378.82,D,S,523202,True,True,True,0001596532-26-000005,https://www.sec.gov/Archives/edgar/data/1596532/000159653226000005/0001596532-26-000005.txt
Duda Kenneth,President and CTO,2026-01-20,2026-01-22,802,129.8985,104178.6,D,S,522400,True,True,True,0001596532-26-000005,https://www.sec.gov/Archives/edgar/data/1596532/000159653226000005/0001596532-26-000005.txt
Giancarlo Charles H,,2026-01-02,2026-01-06,2476,132.9695,329232.48,D,S,23308,True,True,False,0001596532-26-000002,https://www.sec.gov/Archives/edgar/data/1596532/000159653226000002/0001596532-26-000002.txt
Giancarlo Charles H,,2026-01-02,2026-01-06,3524,133.6371,470937.14,D,S,19784,True,True,False,0001596532-26-000002,https://www.sec.gov/Archives/edgar/data/1596532/000159653226000002/0001596532-26-000002.txt
Giancarlo Charles H,,2026-01-02,2026-01-06,1800,134.9893,242980.74,D,S,17984,True,True,False,0001596532-26-000002,https://www.sec.gov/Archives/edgar/data/1596532/000159653226000002/0001596532-26-000002.txt
Giancarlo Charles H,,2026-01-02,2026-01-06,200,135.705,27141.0,D,S,17784,True,True,False,0001596532-26-000002,https://www.sec.gov/Archives/edgar/data/1596532/000159653226000002/0001596532-26-000002.txt
Duda Kenneth,President and CTO,2025-12-17,2025-12-19,30000,3.515,105450.0,A,M,42976,True,True,True,0001596532-25-000324,https://www.sec.gov/Archives/edgar/data/1596532/000159653225000324/0001596532-25-000324.txt
Duda Kenneth,President and CTO,2025-12-17,2025-12-19,15766,122.4343,1930299.17,D,S,27210,True,True,True,0001596532-25-000324,https://www.sec.gov/Archives/edgar/data/1596532/000159653225000324/0001596532-25-000324.txt
Duda Kenneth,President and CTO,2025-12-17,2025-12-19,6788,123.0884,835524.06,D,S,20422,True,True,True,0001596532-25-000324,https://www.sec.gov/Archives/edgar/data/1596532/000159653225000324/0001596532-25-000324.txt
Duda Kenneth,President and CTO,2025-12-17,2025-12-19,4553,124.3203,566030.33,D,S,15869,True,True,True,0001596532-25-000324,https://www.sec.gov/Archives/edgar/data/1596532/000159653225000324/0001596532-25-000324.txt
Duda Kenneth,President and CTO,2025-12-17,2025-12-19,2625,125.3078,328932.97,D,S,13244,True,True,True,0001596532-25-000324,https://www.sec.gov/Archives/edgar/data/1596532/000159653225000324/0001596532-25-000324.txt
Duda Kenneth,President and CTO,2025-12-17,2025-12-19,268,126.44,33885.92,D,S,12976,True,True,True,0001596532-25-000324,https://www.sec.gov/Archives/edgar/data/1596532/000159653225000324/0001596532-25-000324.txt
Duda Kenneth,President and CTO,2025-12-17,2025-12-19,8409,122.4343,1029550.03,D,S,1150759,True,True,True,0001596532-25-000324,https://www.sec.gov/Archives/edgar/data/1596532/000159653225000324/0001596532-25-000324.txt
Duda Kenneth,President and CTO,2025-12-17,2025-12-19,3619,123.0884,445456.92,D,S,1147140,True,True,True,0001596532-25-000324,https://www.sec.gov/Archives/edgar/data/1596532/000159653225000324/0001596532-25-000324.txt
Duda Kenneth,President and CTO,2025-12-17,2025-12-19,2429,124.3203,301974.01,D,S,1144711,True,True,True,0001596532-25-000324,https://www.sec.gov/Archives/edgar/data/1596532/000159653225000324/0001596532-25-000324.txt
Duda Kenneth,President and CTO,2025-12-17,2025-12-19,1400,125.3078,175430.92,D,S,1143311,True,True,True,0001596532-25-000324,https://www.sec.gov/Archives/edgar/data/1596532/000159653225000324/0001596532-25-000324.txt
Duda Kenneth,President and CTO,2025-12-17,2025-12-19,143,126.44,18080.92,D,S,1143168,True,True,True,0001596532-25-000324,https://www.sec.gov/Archives/edgar/data/1596532/000159653225000324/0001596532-25-000324.txt
Duda Kenneth,President and CTO,2025-12-17,2025-12-19,5255,122.4343,643392.25,D,S,537145,True,True,True,0001596532-25-000324,https://www.sec.gov/Archives/edgar/data/1596532/000159653225000324/0001596532-25-000324.txt
Duda Kenneth,President and CTO,2025-12-17,2025-12-19,2263,123.0884,278549.05,D,S,534882,True,True,True,0001596532-25-000324,https://www.sec.gov/Archives/edgar/data/1596532/000159653225000324/0001596532-25-000324.txt
Duda Kenneth,President and CTO,2025-12-17,2025-12-19,1518,124.3203,188718.22,D,S,533364,True,True,True,0001596532-25-000324,https://www.sec.gov/Archives/edgar/data/1596532/000159653225000324/0001596532-25-000324.txt
Duda Kenneth,President and CTO,2025-12-17,2025-12-19,875,125.3078,109644.32,D,S,532489,True,True,True,0001596532-25-000324,https://www.sec.gov/Archives/edgar/data/1596532/000159653225000324/0001596532-25-000324.txt
Duda Kenneth,President and CTO,2025-12-17,2025-12-19,89,126.44,11253.16,D,S,532400,True,True,True,0001596532-25-000324,https://www.sec.gov/Archives/edgar/data/1596532/000159653225000324/0001596532-25-000324.txt
Duda Kenneth,President and CTO,2025-12-03,2025-12-05,75000,0.0,0.0,A,J,757961,False,True,True,0001596532-25-000322,https://www.sec.gov/Archives/edgar/data/1596532/000159653225000322/0001596532-25-000322.txt
Duda Kenneth,President and CTO,2025-12-03,2025-12-05,75000,0.0,0.0,A,J,757961,False,True,True,0001596532-25-000322,https://www.sec.gov/Archives/edgar/data/1596532/000159653225000322/0001596532-25-000322.txt
Duda Kenneth,President and CTO,2025-12-03,2025-12-05,150000,0.0,0.0,D,J,35083,False,True,True,0001596532-25-000322,https://www.sec.gov/Archives/edgar/data/1596532/000159653225000322/0001596532-25-000322.txt
Giancarlo Charles H,,2025-12-01,2025-12-03,564,126.928,71587.39,D,S,33220,True,True,False,0001596532-25-000320,https://www.sec.gov/Archives/edgar/data/1596532/000159653225000320/0001596532-25-000320.txt
Giancarlo Charles H,,2025-12-01,2025-12-03,4552,127.9277,582326.89,D,S,28668,True,True,False,0001596532-25-000320,https://www.sec.gov/Archives/edgar/data/1596532/000159653225000320/0001596532-25-000320.txt
Giancarlo Charles H,,2025-12-01,2025-12-03,2884,128.5834,370834.53,D,S,25784,True,True,False,0001596532-25-000320,https://www.sec.gov/Archives/edgar/data/1596532/000159653225000320/0001596532-25-000320.txt
Ullal Jayshree,CEO and Chairperson,2025-11-25,2025-11-28,2400,123.198,295675.2,D,S,31559,True,True,True,0001596532-25-000318,https://www.sec.gov/Archives/edgar/data/1596532/000159653225000318/0001596532-25-000318.txt
Ullal Jayshree,CEO and Chairperson,2025-11-25,2025-11-28,8100,124.0545,1004841.45,D,S,23459,True,True,True,0001596532-25-000318,https://www.sec.gov/Archives/edgar/data/1596532/000159653225000318/0001596532-25-000318.txt
Ullal Jayshree,CEO and Chairperson,2025-11-25,2025-11-28,12742,125.0603,1593518.34,D,S,10717,True,True,True,0001596532-25-000318,https://www.sec.gov/Archives/edgar/data/1596532/000159653225000318/0001596532-25-000318.txt
Ullal Jayshree,CEO and Chairperson,2025-11-25,2025-11-28,800,125.6238,100499.04,D,S,9917,True,True,True,0001596532-25-000318,https://www.sec.gov/Archives/edgar/data/1596532/000159653225000318/0001596532-25-000318.txt
