{
  "base_rate_ann": {
    "point": 0.005558,
    "p05": 0.005266,
    "p50": 0.005558,
    "p95": 0.005849,
    "method": "block_bootstrap_fy",
    "n_boot": 1000
  },
  "k_H1": {
    "point": 0.00491,
    "p05": 0.00491,
    "p50": 0.00491,
    "p95": 0.00491,
    "method": "block_bootstrap_fy",
    "n_boot": 748
  },
  "k_H2": {
    "point": 0.063647,
    "p05": 0.063647,
    "p50": 0.063647,
    "p95": 0.063647,
    "method": "block_bootstrap_fy",
    "n_boot": 748
  },
  "ord_slope": {
    "point": 0.516676,
    "p05": 0.329495,
    "p50": 0.516676,
    "p95": 0.530103,
    "method": "block_bootstrap_fy",
    "n_boot": 1000
  },
  "ord_intercept": {
    "point": 1018.159188,
    "p05": 847.215741,
    "p50": 1018.159188,
    "p95": 2046.414553,
    "method": "block_bootstrap_fy",
    "n_boot": 1000
  },
  "tax_rate": {
    "point": 0.253262,
    "p05": 0.251382,
    "p50": 0.253262,
    "p95": 0.255142,
    "method": "block_bootstrap_fy",
    "n_boot": 1000
  }
}