date,twh_max,twh_min,twh_guess
2014-07-17,15.372657498264624,0.9990216016958517,6.007213463214073
2014-07-18,14.833265787485336,0.9639681978907503,5.796433957633779
2014-07-19,15.043029114659781,0.977600069615891,5.878403720066406
2014-07-20,15.10296164287498,0.981494899793301,5.901823710423925
2014-07-21,14.761347170890101,0.9592944287944938,5.768330132259708
2014-07-22,14.443705571103635,0.9386518808277723,5.6442044958868465
2014-07-23,14.255346544432175,0.92641100858168,5.570598947785199
2014-07-24,13.97280822795874,0.9080497147393106,5.460190712983595
2014-07-25,13.947123007746157,0.9063805114906476,5.450153632492855
2014-07-26,13.681366860213185,0.8891098390516837,5.346303409616803
2014-07-27,13.732772917016074,0.8924505601475571,5.366391488503093
2014-07-28,13.706878171167203,0.8907677404739669,5.356272531133009
2014-07-29,13.938477616378114,0.9058186741679359,5.446775250360376
2014-07-30,14.49242569602421,0.9418180514940004,5.6632429861664475
2014-07-31,14.716368514160648,0.9563714046073579,5.750753705263077
2014-08-01,14.82369034668909,0.9633459195239623,5.7926921376606275
2014-08-02,15.226206380603616,0.9895041952127913,5.949984378014244
2014-08-03,15.10128782214471,0.9813861233460865,5.901169627131755
2014-08-04,15.087408015432057,0.9804841175130112,5.895745778863458
2014-08-05,14.851450407181904,0.9651499602436516,5.8035400088989535
2014-08-06,14.546093467323471,0.945305754439889,5.684214881125145
2014-08-07,14.58773318550644,0.948011791308141,5.700486542397857
2014-08-08,14.817229476161952,0.9629260474736613,5.790167406434482
2014-08-09,15.000035378033504,0.9748060392647871,5.861602945475259
2014-08-10,15.506492669043231,1.0077191366984741,6.059512581947679
2014-08-11,16.29275460776962,1.0588158752726338,6.366762210352081
2014-08-12,17.10604058485681,1.1116688227580076,6.684572092706703
2014-08-13,17.27707445426864,1.1227837864644021,6.751407443921177
2014-08-14,17.582591742338057,1.142638412803884,6.870795231383587
2014-08-15,17.611822952959894,1.144538059033447,6.882217987794662
2014-08-16,17.582591593315556,1.1426384031193715,6.870795173149676
2014-08-17,17.377972820917673,1.129340860143406,6.7908357618043285
2014-08-18,17.275663360207485,1.122692083813167,6.750856027014698
2014-08-19,17.641053716514232,1.1464376762094715,6.893640569504003
2014-08-20,18.1373145899664,1.1786881399117386,7.087565725294716
2014-08-21,18.62021276478409,1.2100702030401749,7.276269104489485
2014-08-22,19.081772258673357,1.240065531103344,7.456633911685565
2014-08-23,19.35575072269427,1.2578705465333206,7.563697190619799
2014-08-24,19.84107096021932,1.2894100120474918,7.753347045575576
2014-08-25,19.650314707923986,1.2770133515011228,7.678804727364808
2014-08-26,19.57172247627931,1.2719058847441627,7.648093036032764
2014-08-27,19.624714728581925,1.2753496877937531,7.6688009566713555
2014-08-28,19.854346927758268,1.290272776234902,7.758534930035124
2014-08-29,19.942666901195135,1.2960124189306812,7.793047956397709
2014-08-30,20.207626970528224,1.3132313567025313,7.896587093719383
2014-08-31,20.75521134231777,1.348817176280608,8.110568066809503
2014-09-01,21.436082482082572,1.393064891854385,8.376633857839499
2014-09-02,21.409472279206806,1.3913355768350792,8.366235319461072
2014-09-03,21.796285961222498,1.4164734050998933,8.517391510810702
2014-09-04,21.99237140717302,1.4292163935067355,8.594016331924902
2014-09-05,22.08767532011523,1.43540990089257,8.631258490542438
2014-09-06,22.463055995860778,1.4598047333391602,8.777946976214064
2014-09-07,22.350888249647603,1.4525152974369326,8.73411489348756
2014-09-08,19.930023697065387,1.456476708639503,7.940484075612268
2014-09-09,17.56533553675637,1.4419515568272752,7.147890990785507
2014-09-10,14.973893897532193,1.4379901553092176,6.2905910960405595
2014-09-11,12.24448791071559,1.4313878162176175,5.385354072974699
2014-09-12,9.876725725546319,1.4472334319743605,4.620441611209668
2014-09-13,7.188469794029907,1.4591176462130455,3.7462237906316425
2014-09-14,4.613788953812572,1.486691410285498,2.9242377018410166
2014-09-15,4.646391741524572,1.4971969372890117,2.944901477745584
2014-09-16,4.858641216452571,1.5655896345649272,3.0794260351091216
2014-09-17,5.0616735579565715,1.6310123145240354,3.208108736824042
2014-09-18,5.222291643524572,1.68276793892318,3.309909115236963
2014-09-19,5.284504296164571,1.7028145897814804,3.3493397407386114
2014-09-20,5.330173402964571,1.7175304490187924,3.3782850014019994
2014-09-21,5.352456735257143,1.7247107598313467,3.392408265613888
2014-09-22,5.392566745405715,1.7376353231677495,3.417830148814843
2014-09-23,5.312346695053714,1.7117861868104316,3.366986363364046
2014-09-24,5.196473349099428,1.674448564774442,3.293545378032892
2014-09-25,5.098426650946285,1.6428551855777884,3.2314029926419168
2014-09-26,5.158406017316571,1.662182209347132,3.269418152465729
2014-09-27,5.0502555975085714,1.627333129392042,3.2008719882960066
2014-09-28,4.990155741215999,1.6079672804110814,3.16278046148251
2014-09-29,5.005097393225142,1.612781897186977,3.172250539669944
2014-09-30,5.119278590612572,1.6495742617860836,3.244619034541336
2014-10-01,5.143730050244571,1.6574532036639513,3.2601164664431255
2014-10-02,5.183717105972571,1.6703381476586914,3.2854604206456273
2014-10-03,5.131931685469715,1.6536514416540744,3.2526386161469603
2014-10-04,5.209609756114285,1.6786814812919746,3.301871284797186
2014-10-05,5.411572745801143,1.7437595862874176,3.4298762270975507
2014-10-06,5.525500610797714,1.7804703201285494,3.502084158896843
2014-10-07,5.520322098802285,1.7788016592126006,3.498801997495864
2014-10-08,5.447822540153142,1.7554402804906495,3.452851490246618
2014-10-09,5.423986904544,1.7477597742790412,3.4377443700481516
2014-10-10,5.525302489179429,1.7804064798204977,3.501958588630942
2014-10-11,5.532589078909715,1.7827544221452847,3.506576858044748
2014-10-12,5.38477427232,1.735124371124345,3.412891248527911
2014-10-13,5.356320617746285,1.725955810475073,3.394857209630042
2014-10-14,5.30649038592,1.7098991207629317,3.363274611453874
2014-10-15,5.396837360276571,1.7390114343225291,3.420536881424509
2014-10-16,5.438673300651429,1.752492140488146,3.4470526660346907
2014-10-17,5.307935934383999,1.7103649167726958,3.36419080579232
2014-10-18,5.443902755629714,1.754177216653207,3.450367115299855
2014-10-19,5.370689875001142,1.7305859857056338,3.40396450175648
2014-10-20,5.292247419174856,1.7053096398549485,3.3542473627523925
2014-10-21,5.292247419174857,1.7053096398549485,3.354247362752393
2014-10-22,5.417755270354285,1.745751768036312,3.4337947356318255
2014-10-23,5.402153703846857,1.7407245084139522,3.4239064010232165
2014-10-24,5.577751611092572,1.7973070489201857,3.5352010497105995
2014-10-25,5.511177097035429,1.7758548847263949,3.4930058591770643
2014-10-26,5.509354480333714,1.7752675868196621,3.4918506774969935
2014-10-27,5.588765153382858,1.800855919248607,3.542181476409454
2014-10-28,5.663093159375999,1.8248064746727646,3.5892908608229317
2014-10-29,5.543048620018285,1.7861247778501748,3.513206156601711
2014-10-30,5.7043400245508575,1.8380973643884704,3.6154332872395973
2014-10-31,5.838749553373715,1.8814078612408112,3.7006225786452425
2014-11-01,5.881760578553142,1.8952672124859498,3.7278831366559393
2014-11-02,6.064557555785143,1.9541694940158405,3.8437405843969485
2014-11-03,6.096815824669713,1.9645640074496942,3.8641860029049715
2014-11-04,6.172085208898286,1.9888179011822256,3.9118920365703524
2014-11-05,6.344594648969143,2.0444052514736977,4.021229202537128
2014-11-06,6.272435100918857,2.0211534336444936,3.9754941953513137
2014-11-07,6.113712995958857,1.9700087470477057,3.874895496952667
2014-11-08,6.176532636493714,1.990250986325517,3.9147108337847363
2014-11-09,6.117258898059428,1.971151335546531,3.877142903739872
2014-11-10,6.218794243810287,2.0038688542452205,3.941496407787508
2014-11-11,6.171354425046857,1.9885824222546955,3.9114288628726315
2014-11-12,6.0234312706971425,1.94091745856529,3.8176745821166294
2014-11-13,6.0293482305325705,1.9428240679595206,3.8214247746816232
2014-11-14,6.041182029983999,1.9466372480099305,3.828925083616061
2014-11-15,6.005680451300571,1.9351976497516241,3.806424042519422
2014-11-16,6.041181999929143,1.9466372383254178,3.8289250645671737
2014-11-17,6.005680451300571,1.935197649751624,3.806424042519422
2014-11-18,6.058932759216,1.9523570277700582,3.8401755660666064
2014-11-19,6.085019894338286,1.9607630298853505,3.856709695568688
2014-11-20,6.046020892038858,1.9481964642472853,3.831991973540259
2014-11-21,5.928749364075429,1.9104083089936268,3.757664814917239
2014-11-22,5.992522945776001,1.9309579347061405,3.798084763436156
2014-11-23,5.983524822096,1.928058488433747,3.7923817170301994
2014-11-24,6.017401725366857,1.938974570986296,3.8138530324193445
2014-11-25,5.900546336955428,1.9013205074961814,3.739789624691602
2014-11-26,5.9366721850765725,1.9129612627688302,3.7626863302289313
2014-11-27,5.90054642712,1.9013205365497199,3.7397896818382645
2014-11-28,6.087196406982857,1.961464362929721,3.8580891778981803
2014-11-29,6.045049639275429,1.9478834995332377,3.831376389694256
2014-11-30,6.135364094276571,1.976985334450039,3.8886180487686985
2014-12-01,6.063112488198857,1.9537038529582804,3.842824694840703
2014-12-02,6.147406023613715,1.8891626205174918,3.7823450520752773
2014-12-03,6.014944800905143,1.7683386642137768,3.601330518707574
2014-12-04,6.110832207846856,1.704352379567302,3.544248062125693
2014-12-05,6.074170872336,1.596372985285538,3.401563041226531
2014-12-06,6.031707206214857,1.4897294514524047,3.2591821069260747
2014-12-07,5.821661834290286,1.3438318858754872,3.028902723012003
2014-12-08,5.857252104857143,1.2591339730854822,2.9320110560408366
2014-12-09,5.833113606452571,1.25394491807191,2.9199278567980147
2014-12-10,6.0848467783611415,1.30806001901486,3.045939923547899
2014-12-11,6.066914998669715,1.3042052228402785,3.0369636706278382
2014-12-12,6.019096999638856,1.293925783603782,3.013027036293803
2014-12-13,6.007142499881143,1.291355923794658,3.0070428777102944
2014-12-14,6.0669150888342855,1.3042052422229637,3.0369637157622322
2014-12-15,6.0848468985805715,1.3080600448584403,3.045939983727091
2014-12-16,6.048983369252572,1.300350458970173,3.027987492931767
2014-12-17,5.827824853241144,1.2528079943533197,2.9172804237336747
2014-12-18,5.7805436039039995,1.2426439402432101,2.8936124744430898
2014-12-19,5.662767394779428,1.217325578753017,2.834656305046614
2014-12-20,5.639230895163428,1.2122659354691905,2.822874453103211
2014-12-21,5.705024644141714,1.226409623169865,2.8558093508964513
2014-12-22,5.550974176011428,1.1932933811983584,2.7786950884982677
2014-12-23,5.711007544333714,1.2276957677227143,2.858804258610187
2014-12-24,5.842058352706286,1.2558677709194666,2.924405399242811
2014-12-25,6.018911801609143,1.293885971567901,3.0129343302499185
2014-12-26,6.1368140608045705,1.3192314300523305,3.0719535975282595
2014-12-27,6.248821270155429,1.3433096291804187,3.1280219330367585
2014-12-28,6.378513779314287,1.3711896386820073,3.1929431390787717
2014-12-29,6.614318387869715,1.4218805750335517,3.3109817187698476
2014-12-30,6.519996568491428,1.40160420566165,3.2637662989292555
2014-12-31,6.570978863101715,1.4125638737825474,3.289286909752159
2015-01-01,6.582640087563429,1.415070688176851,3.2951242611989864
2015-01-02,6.705247855412572,1.4414276902486953,3.3564990021960606
2015-01-03,6.757821314269714,1.4527294110803368,3.38281611470273
2015-01-04,6.78127275864,1.4577707700309042,3.3945553898684317
2015-01-05,6.805077828459429,1.4628881478737428,3.406471682124746
2015-01-06,6.897679668473144,1.4827947731383107,3.4528261182783107
2015-01-07,6.855176390050285,1.4736578398338094,3.4315499157138936
2015-01-08,6.666947508322286,1.4331942614430009,3.337326694241995
2015-01-09,6.618372277165714,1.422752039953337,3.3130110062280367
2015-01-10,6.478718536429715,1.3927306636695072,3.2431034276357025
2015-01-11,6.3633524262994285,1.3679304013609574,3.185353700572747
2015-01-12,6.420674372256,1.38025290486007,3.214047800858967
2015-01-13,6.157185513469714,1.3236106829293774,3.0821510968628503
2015-01-14,6.250541670288,1.343679463740284,3.1288831273509543
2015-01-15,6.343998330548571,1.363769849784554,3.1756654676428155
2015-01-16,6.399927865028571,1.3757930264725142,3.2036625574929505
2015-01-17,6.443814057593143,1.385227244945303,3.225631016337356
2015-01-18,6.530103115302857,1.4037768108719149,3.2688254130768146
2015-01-19,6.470977457149714,1.3910665632115957,3.2392284142969685
2015-01-20,6.5695203309394286,1.4122503330020766,3.2885568007609707
2015-01-21,6.477547058208001,1.3924788308985618,3.2425170115080566
2015-01-22,6.549811768203429,1.4080135816283386,3.278691129486089
2015-01-23,6.385573815531429,1.3727073352559425,3.1964772372999413
2015-01-24,6.280461551067428,1.350111343004761,3.143860358938436
2015-01-25,6.129362650237715,1.3176295997018224,3.0682235859504745
2015-01-26,5.945416104774858,1.2780865954947933,2.9761440074446464
2015-01-27,6.109654027392,1.3133928354062938,3.0583578845859973
2015-01-28,6.183907076571429,1.3293550195761499,3.0955273212503833
2015-01-29,6.246752053350856,1.342864809471505,3.1269861287995946
2015-01-30,6.2892488399245705,1.3520003472226552,3.148259081687693
2015-01-31,6.4501152086674285,1.386581803916838,3.228785233414724
2015-02-01,6.670628627225143,1.4339855918803082,3.3391693810733893
2015-02-02,6.7427473006697145,1.449488949120577,3.3752703963790363
2015-02-03,6.622618968370285,1.4236649515154745,3.315136806063948
2015-02-04,6.641117913270857,1.427641671242329,3.3243969693628075
2015-02-05,6.499292709106286,1.397153495284304,3.2534024041312812
2015-02-06,6.721279987803429,1.444874119084769,3.364524333628
2015-02-07,6.826107302166856,1.4674088555890847,3.4169985722618064
2015-02-08,6.567122253888001,1.4117348181784912,3.2873563763465596
2015-02-09,6.690152653138286,1.4381826733578589,3.3489426772899367
2015-02-10,6.853969777700572,1.4733984542764402,3.430945912217649
2015-02-11,6.857462753197715,1.4741493395101426,3.4326944186149766
2015-02-12,6.854298998605715,1.4734692269218537,3.431110712932469
2015-02-13,6.705045676388571,1.4413842278070579,3.3563977958414326
2015-02-14,6.7137689784548575,1.443259476779189,3.3607644882162284
2015-02-15,6.8144814823268565,1.4649096521292613,3.4111789435867577
2015-02-16,6.834406830747428,1.4691930059396774,3.4211531329879845
2015-02-17,6.8676158249279995,1.476331946186091,3.43777682210949
2015-02-18,6.940675576059427,1.4920376069751267,3.474348920123046
2015-02-19,7.126645835273142,1.5320156490958208,3.5674415250422067
2015-02-20,7.299332448726857,1.5691381047805166,3.6538846302410897
2015-02-21,7.146571123583999,1.5362989899844461,3.5774156843538383
2015-02-22,7.259481691776,1.5605713842378945,3.6339362213490394
2015-02-23,7.165627045097142,1.54039544302012,3.5869546578450513
2015-02-24,7.0986725174262855,1.526002222627172,3.553438699872173
2015-02-25,7.117413824694857,1.5300310430124724,3.5628201844202843
2015-02-26,7.0325320556160005,1.5117840020401094,3.520330245291809
2015-02-27,7.032014000043428,1.511672635590503,3.520070918112573
2015-02-28,7.057045578527999,1.5170536761032962,3.5326011735212584
2015-03-01,7.1003559500845705,1.52636411028601,3.554281389085106
2015-03-02,7.191028448598857,1.5458559848476674,3.5996700394903485
2015-03-03,7.30262543920457,1.569845999217927,3.6555330285540264
2015-03-04,7.309600209791999,1.5713453662323373,3.6590244446839093
2015-03-05,7.1003559500845705,1.52636411028601,3.554281389085106
2015-03-06,7.1003559500845705,1.5263641102860095,3.554281389085106
2015-03-07,7.142204904212571,1.5353603834423186,3.575230051357179
2015-03-08,7.184053768176,1.5443566372159423,3.5961786684948587
2015-03-09,7.073163637755428,1.5205185766385878,3.5406695180300347
2015-03-10,7.069005247721143,1.5196246471863848,3.538587919809984
2015-03-11,7.150210105577143,1.5370812622467607,3.5792372783787534
2015-03-12,7.297498922111999,1.5687439514113268,3.6529668073080708
2015-03-13,7.1804112096548565,1.5435735961071055,3.5943552841390085
2015-03-14,7.146465991693714,1.5362763897732303,3.577363057651224
2015-03-15,7.100014587017142,1.5262907274389577,3.5541105102719857
2015-03-16,7.092928703622857,1.5247674744951978,3.5505634735247305
2015-03-17,7.036241967072,1.5125815220149654,3.5221873450394705
2015-03-18,6.85909590408,1.474500418091403,3.433511937881233
2015-03-19,6.929954347309715,1.489732863537365,3.468982109771407
2015-03-20,6.944126053988572,1.4927793565030947,3.476076153176321
2015-03-21,7.007898643878858,1.506488555466192,3.5079993033640378
2015-03-22,6.908696877456,1.4851631434714565,3.4583410897984304
2015-03-23,7.0574995872,1.51715127438535,3.5328284402364365
2015-03-24,7.209844923065142,1.5499009639317243,3.6090891510776935
2015-03-25,7.369382205915429,1.5841967069208238,3.6889499917575503
2015-03-26,7.396091777129143,1.5899384656704336,3.702320213270771
2015-03-27,7.5975075580319995,1.633236832875769,3.803144505258913
2015-03-28,7.6311968588845716,1.6404790246874879,3.82000862529365
2015-03-29,7.742724302550857,1.664454088546383,3.875836800695278
2015-03-30,7.656802905908571,1.6459835587500746,3.8328264469669926
2015-03-31,7.531167141257143,1.6189756279533098,3.769935957638957
2015-04-01,7.363652728278857,1.5829650406358335,3.686081941778647
2015-04-02,7.3496931788365725,1.5799641551289294,3.6790940996012225
2015-04-03,7.203118105049143,1.5484548993022567,3.6057218545294485
2015-04-04,7.2310371438239995,1.5544566573942744,3.619697508794702
2015-04-05,7.292599649794285,1.5676907544329155,3.6505143397780873
2015-04-06,7.254455828399999,1.5594909739691336,3.63142038513083
2015-04-07,7.389077454349713,1.5884305961180127,3.6988089981870176
2015-04-08,7.277058974427428,1.5643499741542457,3.642735020879353
2015-04-09,7.307440768306285,1.5708811509161997,3.6579434759638265
2015-04-10,7.302516099634285,1.5698224944813908,3.6554782955797234
2015-04-11,7.2397147925622845,1.556322092266681,3.6240413481216787
2015-04-12,7.1289028348251415,1.5325008364775972,3.5685713291758643
2015-04-13,7.217552340905143,1.5515578281870734,3.6129473142429203
2015-04-14,7.210164947183999,1.5499697595432236,3.609249348084394
2015-04-15,7.239714822617143,1.5563220987275757,3.624041363166476
2015-04-16,7.202777523408,1.5483816844384781,3.60555136688107
2015-04-17,7.143677832651428,1.5356770189915636,3.5759673668065015
2015-04-18,7.114127957218286,1.529324679807211,3.561175351724419
2015-04-19,7.114127957218286,1.5293246798072115,3.5611753517244193
2015-04-20,7.298814573483428,1.5690267770962805,3.6536253933306404
2015-04-21,7.262591708283429,1.5612399447456642,3.6354930269331267
2015-04-22,7.371119106164571,1.5845700885121234,3.689819445665724
2015-04-23,7.333268560066285,1.576433353463163,3.6708722981551483
2015-04-24,7.196930651499429,1.5471247818970528,3.60262455192206
2015-04-25,7.309828446377142,1.571394430270065,3.659138694878208
2015-04-26,7.364997983684572,1.5832542303025043,3.6867553469270242
2015-04-27,7.120298489883429,1.5306511597284482,3.56426418411066
2015-04-28,7.106072113419429,1.5275929143944509,3.557142774218595
2015-04-29,7.006487538281143,1.506185209978259,3.5072929350637367
2015-04-30,6.97092164220343,1.4985396063346081,3.489489432900772
2015-05-01,7.1629775892205725,1.5398258892695458,3.585628398742057
2015-05-02,7.113185316678858,1.5291220402918972,3.560703486687026
2015-05-03,7.034940201044571,1.5123016812635686,3.521535709713473
2015-05-04,6.992908663659429,1.5032661581692561,3.5004956502949214
2015-05-05,6.972324482715429,1.498841175076376,3.4901916638816846
2015-05-06,7.0726105682742855,1.5203996832461375,3.5403926636613923
2015-05-07,7.272569500086858,1.5633848714811305,3.640487689167021
2015-05-08,7.280408708475429,1.5650700667616892,3.6444118237704877
2015-05-09,7.131649848767999,1.5330913622938114,3.5699464236924348
2015-05-10,7.068264064889143,1.5194653150512247,3.5382169000520727
2015-05-11,7.189271591924571,1.5454783132219911,3.5987905958364528
2015-05-12,7.217743940619428,1.5515990163936204,3.6130432248287314
2015-05-13,7.352987551837714,1.5806723467675161,3.6807431899748577
2015-05-14,7.203507646052571,1.548538638964225,3.605916850153401
2015-05-15,7.324515112978285,1.5745516242132014,3.6664905158481855
2015-05-16,7.3387513774902855,1.5776119951817016,3.673616875478718
2015-05-17,7.682035341003428,1.6514077774251188,3.845457246759203
2015-05-18,7.6204451545097145,1.6381677299020496,3.8146265595170683
2015-05-19,7.487500228930285,1.6095885481714962,3.7480772656391124
2015-05-20,7.369834922228571,1.5842940273843862,3.6891766115464244
2015-05-21,7.488979739382858,1.609906598656778,3.7488178758991473
2015-05-22,7.34996015613257,1.5800215472604988,3.6792277425398514
2015-05-23,7.313885671762285,1.5722666123492115,3.661169652308949
2015-05-24,7.080541323757714,1.5221045584133066,3.544362624718879
2015-05-25,7.131585381099428,1.533077503673726,3.5699141526012084
2015-05-26,7.124293321385143,1.5315099289892744,3.566263908541223
2015-05-27,7.146169410363428,1.5362126336599442,3.577214595586787
2015-05-28,6.993037208283428,1.5032937914177895,3.5005599968950025
2015-05-29,7.1024173526262855,1.5268072501621854,3.5553132816748487
2015-05-30,7.131585411154285,1.5330775101346212,3.5699141676460067
2015-05-31,7.175337468891429,1.5424828936323796,3.591815481557945
2015-06-01,7.124293411549715,1.5315099483719599,3.566263953675616
2015-06-02,7.177939648477715,1.5430422843948917,3.593118075194041
2015-06-03,7.130225639252572,1.5327851998555952,3.569233495860304
2015-06-04,7.177307775161142,1.5429064505353725,3.592801773365634
2015-06-05,7.042089710571429,1.5138386119223493,3.5251145962976156
2015-06-06,7.282598775860571,1.5655408657299787,3.645508123139502
2015-06-07,7.3980520150217135,1.5903598581735527,3.7033014650712057
2015-06-08,7.401564015243427,1.5911148331538814,3.705059494825524
2015-06-09,7.515324835343999,1.6155700061309695,3.7620056491497595
2015-06-10,7.629085625389713,1.6400251726471624,3.818951788429198
2015-06-11,7.721516212827427,1.659894983731197,3.8652204993250447
2015-06-12,7.678855837666285,1.650724279327775,3.8438656576026617
2015-06-13,7.657525755277715,1.6461389497391967,3.8331882893982625
2015-06-14,7.546658586767999,1.6223058252857327,3.777690633158937
2015-06-15,7.657773737904,1.6461922585850346,3.833312424024698
2015-06-16,7.419123986297143,1.5948897015946293,3.71384962855232
2015-06-17,7.3499745223542865,1.580024635568378,3.6792349339531873
2015-06-18,7.391245972402286,1.588896762624484,3.6998945104360277
2015-06-19,7.619577801387428,1.6379812749290725,3.8141923816981
2015-06-20,7.491034680130285,1.6103483494404978,3.7498465338573688
2015-06-21,7.320277588505142,1.573640683224083,3.6643693046755956
2015-06-22,7.305429166662856,1.5704487167432784,3.656936512603996
2015-06-23,7.4539135954697135,1.602368426777591,3.731264538633573
2015-06-24,7.520731553869713,1.616732288863002,3.764712133045365
2015-06-25,7.5652767592868555,1.6263081753836257,3.7870104791705663
2015-06-26,7.468761957202285,1.6055603803366052,3.7386973006155766
2015-06-27,7.424216601510857,1.595984461511506,3.716398879266386
2015-06-28,7.609822054868571,1.635884081286935,3.8093088704301628
2015-06-29,7.522212266516571,1.6170505977840899,3.765453345097311
2015-06-30,7.516008553289142,1.6157169850346134,3.7623479032543274
2015-07-01,7.465172866272,1.6047888331602311,3.7369006809549674
2015-07-02,7.310615012043429,1.571563518356894,3.6595324322807588
2015-07-03,7.407526057364571,1.5923964938455002,3.7080439614496052
2015-07-04,7.60125563915657,1.6340425581874582,3.805020711899749
2015-07-05,7.580116795823999,1.6294983392746851,3.794439073743587
2015-07-06,7.823684363595428,1.6818580796158062,3.9163636193861757
2015-07-07,7.860588542352,1.6897913739984547,3.9348370363044345
2015-07-08,7.9270160280479995,1.7040712961341475,3.968089168703543
2015-07-09,7.912254434688,1.7008979951794156,3.9606998410527146
2015-07-10,7.867969444224,1.691378047088954,3.9385317527866417
2015-07-11,7.794161146820571,1.675511471245447,3.90158494903972
2015-07-12,7.7770165038377135,1.6718258859147022,3.893002719373367
2015-07-13,7.62876797560457,1.6399568874463797,3.8187927799615218
2015-07-14,7.597111855782856,1.6331517687302957,3.802946425451417
2015-07-15,7.635635510461713,1.641433201986914,3.822230516252946
2015-07-16,7.65489472302857,1.6455733565173458,3.831871252756303
2015-07-17,7.602346931019428,1.6342771532901579,3.805566988506933
2015-07-18,7.7530840615337135,1.6666811267982413,3.881022667264086
2015-07-19,7.791238973170286,1.6748832913323308,3.900122173441722
2015-07-20,7.783607984832,1.6732428571333338,3.8963022691972347
2015-07-21,7.791238913060572,1.6748832784105407,3.900122143352126
2015-07-22,7.737822054802286,1.6634002519393523,3.873382843730315
2015-07-23,7.837024873145142,1.6847258900654176,3.9230415838638444
2015-07-24,8.020168533154285,1.7240962979195549,4.014719255641929
2015-07-25,7.994226382662857,1.7185195116665668,4.001733187995076
2015-07-26,7.980852632441143,1.7156445554669253,3.9950385839710703
2015-07-27,8.092627367472,1.73967277957107,4.0509905479687855
2015-07-28,8.133388906813714,1.748435291080153,4.071394874412587
2015-07-29,8.175407370336,1.7574680036850776,4.092428389344107
2015-07-30,8.108437123974857,1.7430714042439688,4.058904562941993
2015-07-31,7.912099261460571,1.7008646375777843,3.9606221647618054
2015-08-01,7.998015458612571,1.7193340496392329,4.003629915740076
2015-08-02,8.146416244752,1.7512357790023583,4.077916072097446
2015-08-03,8.083931836093713,1.7378035004660521,4.046637756987134
2015-08-04,8.099552968313143,1.741161576561024,4.05445735080951
2015-08-05,7.919910007899428,1.702543714390641,3.96453205194178
2015-08-06,7.943341676173715,1.7075808220722035,3.976261427630547
2015-08-07,7.966773404557713,1.7126179426755554,3.9879908334089085
2015-08-08,7.921987159186285,1.7029902397758725,3.9655718280055567
2015-08-09,7.758656923309713,1.667879125358633,3.8838123188017875
2015-08-10,7.988374010715428,1.7172614267813302,3.9988036198380743
2015-08-11,8.194281490018286,1.7615253747660218,4.101876356853583
2015-08-12,8.178596250788571,1.758153517581707,4.094024672477555
2015-08-13,8.258275223547427,1.775282112995593,4.133910206663323
2015-08-14,8.204229918226286,1.763663989206931,4.106856320320052
2015-08-15,8.023138524082285,1.7247347571168459,4.016205967513186
2015-08-16,8.117621016726856,1.7450456664341907,4.063501816842679
2015-08-17,7.873541193970285,1.6925758065962253,3.941320847666826
2015-08-18,7.684576178626285,1.651953981500641,3.8467291339630414
2015-08-19,7.912908849147428,1.7010386747102937,3.961027426479452
2015-08-20,7.9601500954697135,1.7111941293689659,3.9846753511441984
2015-08-21,8.117620896507429,1.7450456405906098,4.063501756663489
2015-08-22,8.302804379670857,1.7848545493982095,4.156200518866514
2015-08-23,8.255933709737143,1.7747787575766696,4.132738096558325
2015-08-24,8.394806294681143,1.8046322087347966,4.202254645811706
2015-08-25,8.371788842448,1.799684145110117,4.190732617525866
2015-08-26,8.431460837794285,1.8125118389223742,4.220603100639652
2015-08-27,8.418875486585142,1.8098063649241656,4.214303151750861
2015-08-28,8.414163666411428,1.8087934645487707,4.211944518624596
2015-08-29,8.511437233419429,1.8297043713546108,4.260637518144195
2015-08-30,8.568180202608,1.841902412169659,4.289041795446091
2015-08-31,8.584392453757713,1.8453875611503339,4.297157290351092
2015-09-01,8.697878301970286,1.8697836233977443,4.35396579982049
2015-09-02,8.68977226656,1.7432926820034351,4.232785975847588
2015-09-03,8.705984517709714,1.6244596094318617,4.126060950152022
2015-09-04,8.791641221225143,1.5136153572159878,4.047582867782644
2015-09-05,8.739090123181715,1.3739109491444512,3.900719411963862
2015-09-06,8.924845189618285,1.2786321850557347,3.866759599590529
2015-09-07,8.793285913172571,1.1346990876212104,3.6923223030238157
2015-09-08,8.743998562230857,1.0059008506004754,3.556673332678865
2015-09-09,8.695518214258286,1.000323719850059,3.5369536632889553
2015-09-10,8.909627032923428,1.0249545842404781,3.6240436965521132
2015-09-11,9.088330117844572,1.0455124084267218,3.6967322373933547
2015-09-12,8.96068509582857,1.0308282527390231,3.6448118667960285
2015-09-13,8.799001325136,1.0122283134423202,3.579046033069436
2015-09-14,8.994723784395429,1.0347440294330656,3.658657305475311
2015-09-15,8.342914621855849,1.0582386826823604,3.505968173214229
2015-09-16,7.6284757189975165,1.0660702291554842,3.318146760827521
2015-09-17,6.649702995844846,1.038659799212147,3.0172875673483763
2015-09-18,5.666249320263312,1.0161551437021956,2.7207403993726738
2015-09-19,4.95692682077304,1.0176336869234637,2.527074504756015
2015-09-20,4.172839015644004,1.0029587350494173,2.2943741777269855
2015-09-21,3.2677940568943025,0.9819215622799401,2.021097010704452
2015-09-22,3.2797805457243547,0.9855233167459,2.028510530749312
2015-09-23,3.303438548510755,0.9926321806008404,2.0431427621195697
2015-09-24,3.3361901822000726,1.0024735398663014,2.063399310663537
2015-09-25,3.397280142326985,1.020830127840651,2.1011828226128495
2015-09-26,3.465157883472234,1.041226339006027,2.1431645073009036
2015-09-27,3.5466111636414515,1.0657017896384933,2.19354252323332
2015-09-28,3.5703683741929235,1.0728404638921227,2.208236113585795
2015-09-29,3.6144888817739966,1.0860979938889075,2.2355241936882537
2015-09-30,3.631458288294429,1.0911970380365497,2.2460195970688663
2015-10-01,3.675021198068105,1.1042870185180862,2.2729628086630638
2015-10-02,3.560013877261641,1.0697290977453067,2.201831963743178
2015-10-03,3.5728627211324118,1.0735899765606223,2.2097788415102864
2015-10-04,3.6093842268817533,1.0845641240613042,2.2323670171453727
2015-10-05,3.6524399596815442,1.0975017057080676,2.258996544998193
2015-10-06,3.5835819464025067,1.0768109379310113,2.2164085720787563
2015-10-07,3.5271160438665703,1.0598438077299337,2.1814849921850556
2015-10-08,3.467982922961961,1.0420752196701566,2.144911765166118
2015-10-09,3.495810275329583,1.0504369085756378,2.162122696365213
2015-10-10,3.485375026821488,1.0473012778291928,2.1556686025029728
2015-10-11,3.4818965991457724,1.046256064122897,2.1535172307656656
2015-10-12,3.4540692237654462,1.0378943683024546,2.1363062853334496
2015-10-13,3.40189295821227,1.022216207655269,2.1040358017891263
2015-10-14,3.4610260791168797,1.039984795715046,2.140609028808064
2015-10-15,3.552123200918566,1.0673580715706643,2.196951661590789
2015-10-16,3.6292743367006355,1.0905407943677061,2.24466884547287
2015-10-17,3.5671918156562303,1.0718859571922765,2.2062714448058593
2015-10-18,3.5434203717476023,1.0647430060350076,2.191569051268392
2015-10-19,3.6345296097377164,1.0921199226178147,2.2479191777890297
2015-10-20,3.6106935461574765,1.0849575542488734,2.2331768176493667
2015-10-21,3.586930168201449,1.0778170267855829,2.218479412820614
2015-10-22,4.447402074002049,1.0715384769233547,2.4482928213510644
2015-10-23,5.3084448420791555,1.0704920461838487,2.6842372605478997
2015-10-24,6.116622823486482,1.0788634506101273,2.9163751258924604
2015-10-25,7.028551397767016,1.091420546877103,3.1818659161203207
2015-10-26,7.83309464487338,1.0767706029610384,3.3867179506718665
2015-10-27,8.82803126740743,1.1092097553518399,3.6977704130426896
2015-10-28,9.560166068797713,1.09979194438842,3.8886543119695043
2015-10-29,9.50859626184,1.0938594053658117,3.867677986793725
2015-10-30,9.633130726361141,1.1081857256298595,3.918333119661083
2015-10-31,9.782497355389712,1.1253687132666772,3.979088882882814
2015-11-01,9.851430664799997,1.133298732247927,4.007127915776972
2015-11-02,9.817439312633143,1.129388401086004,3.9933017314594497
2015-11-03,9.849782847147427,1.133109168952993,4.006457656162872
2015-11-04,10.054341193968,1.1566413566128848,4.089662978297323
2015-11-05,10.063642270608,1.1577113431684738,4.093446246445786
2015-11-06,9.812516206813713,1.1288220519156429,3.991299228936456
2015-11-07,9.914826787549714,1.1405917588129315,4.032914665119898
2015-11-08,9.738108495339429,1.1202622631953525,3.961033450498504
2015-11-09,9.756710378125714,1.122402205189204,3.9685998767705044
2015-11-10,9.617195971707428,1.1063526073892507,3.911851563593079
2015-11-11,9.916865558784,1.1408262970169525,4.0337439474246475
2015-11-12,9.967364150523427,1.1466356045120647,4.054284549450048
2015-11-13,10.336071667968,1.1890513486113707,4.2042585213715125
2015-11-14,10.315384609248,1.1866715300632806,4.195843937407742
2015-11-15,10.439753952383999,1.200978854928303,4.246431906171284
2015-11-16,10.803993454655998,1.2428806030301713,4.394588486392466
2015-11-17,11.057867434038856,1.272086011744396,4.497853234883196
2015-11-18,10.693862960749712,1.2302113011416864,4.349792254096276
2015-11-19,10.63483522132114,1.2234208090255632,4.325782370606502
2015-11-20,10.556131468566857,1.2143668080124626,4.293769151870165
2015-11-21,10.81191849971657,1.2437922922888947,4.397812045525808
2015-11-22,11.097219340470858,1.2766130157084272,4.513859856476356
2015-11-23,10.939811925126858,1.2585050240546687,4.449833455678656
2015-11-24,11.00738606373257,1.2662786853857315,4.477319637777977
2015-11-25,11.303287432930286,1.3003188829968673,4.597679276613527
2015-11-26,11.686109252276571,1.3443583222726445,4.753394324637182
2015-11-27,11.740764310539431,1.3506457855201452,4.775625594100007
2015-11-28,11.575902899910858,1.3316802937028451,4.708567236462209
2015-11-29,11.569908759202287,1.3309907337498716,4.706129084138788
2015-11-30,11.625591002317716,1.3373963633156278,4.728778167139306
2015-12-01,12.060192501689144,1.3873924852018173,4.905554907455039
2015-12-02,11.984137182946286,1.3786431573889577,4.874618954977926
2015-12-03,11.788566440605715,1.3561448947608408,4.795069394329616
2015-12-04,11.755971226717715,1.3523951739503792,4.78181109754659
2015-12-05,11.995002134022856,1.3798930504958555,4.879038338338968
2015-12-06,12.157977902914286,1.3986416199733565,4.945329700004185
2015-12-07,12.312766127622856,1.4164483025556058,5.008290729459481
2015-12-08,12.105768378322285,1.3926354884738177,4.924093165882337
2015-12-09,12.600424441316571,1.4495402273046172,5.125297456525637
2015-12-10,13.352220725348571,1.5360261200233742,5.431095058846089
2015-12-11,13.834105397567997,1.591461650830825,5.627104510461582
2015-12-12,13.982413795076571,1.6085229005718136,5.687429831729304
2015-12-13,13.874534890847999,1.5961126193082633,5.6435494469033385
2015-12-14,14.169989163990858,1.6301013834363443,5.763727226763942
2015-12-15,14.57180700552,1.6763261061080155,5.927169019599355
2015-12-16,14.465443467188573,1.664090151021906,5.883905018849538
2015-12-17,14.02817126315657,1.613786793942269,5.706041953555811
2015-12-18,13.850898699270857,1.5933935354654203,5.633935285639448
2015-12-19,14.041305416057142,1.6152977337577978,5.711384348232151
2015-12-20,14.639901093154284,1.6841595818553758,5.954866694053247
2015-12-21,14.709982858765713,1.692221718089549,5.983372868326179
2015-12-22,14.39765521778057,1.656291858598259,5.856331745910103
2015-12-23,14.715859515037712,1.6928977627504236,5.985763233157462
2015-12-24,14.917042220523427,1.7160416200067945,6.067595493136089
2015-12-25,14.896983488646857,1.7137340835504455,6.059436484846573
2015-12-26,15.329791885186285,1.763523928679945,6.23548386993884
2015-12-27,15.692792466137144,1.8052831525119508,6.38313651155655
2015-12-28,15.79052334785143,1.8165260154134804,6.422889127970946
2015-12-29,15.944100482036573,1.834193375353005,6.485357539164988
2015-12-30,16.055792926868573,1.8470423625140333,6.530789104274295
2015-12-31,16.210413144925713,1.8648297177791093,6.5936817960265826
2016-01-01,16.434776079750858,1.8906402054384588,6.684942751921635
2016-01-02,15.964178028253713,1.836503076192279,6.493524200299241
2016-01-03,15.554167022283426,1.789335820076463,6.3267497891804805
2016-01-04,16.022371174354284,1.8431975575265425,6.517194607997454
2016-01-05,16.429988491282284,1.8900894460486228,6.682995371885738
2016-01-06,16.12537049219657,1.8550464960518016,6.559090192088254
2016-01-07,16.12537049219657,1.8550464960518014,6.559090192088254
2016-01-08,15.069971473271334,1.9264630904765545,6.349963872322667
2016-01-09,13.888463825347504,1.9657422322773361,6.069412890846732
2016-01-10,12.58607476646483,2.003235962156357,5.753531534379033
2016-01-11,10.88016354526901,1.9943089060050367,5.273515142477625
2016-01-12,9.39614396237675,2.0175193059351693,4.8913029503417365
2016-01-13,8.277415707091802,2.072784541987687,4.6462942379237235
2016-01-14,6.898369313233859,2.0728532628742964,4.266570461592354
2016-01-15,6.6560495258846055,2.000039915391971,4.116698165688991
2016-01-16,6.61253716351431,1.986965123623197,4.08978621714384
2016-01-17,6.503665098516578,1.9542507523103312,4.02244996483262
2016-01-18,6.628205650395823,1.9916732615441894,4.09947701510942
2016-01-19,6.548519745860452,1.9677288799489105,4.050192102826795
2016-01-20,6.50313395381193,1.9540911515432369,4.022121457296304
2016-01-21,6.516101313106063,1.9579876424098743,4.0301416356336786
2016-01-22,6.788415927320979,2.0398139713541465,4.198565423417899
2016-01-23,7.047763285798929,2.1177438405491076,4.358969096913789
2016-01-24,7.222822762839604,2.170346505281002,4.467241582750504
2016-01-25,7.209855392039119,2.1664500109568836,4.459221397296569
2016-01-26,7.3697636272299745,2.2144999618981815,4.558122995899275
2016-01-27,7.480465731453365,2.2477642316881865,4.626591108647245
2016-01-28,7.627777825271308,2.2920292370055404,4.717702123378394
2016-01-29,7.725141409811106,2.321285487973618,4.777920498905973
2016-01-30,7.779793416532935,2.3377075705429937,4.811722202896912
2016-01-31,7.932464639719151,2.3835829113313522,4.906147784016767
2016-02-01,8.019153033797126,2.4096314327077217,4.959763664051839
2016-02-02,8.019153033797126,2.4096314327077217,4.959763664051839
2016-02-03,8.156467304576351,2.4508922468653345,5.04469112807407
2016-02-04,8.410498670998862,2.5272247426844756,5.201806915165518
2016-02-05,8.479155748856716,2.5478551324758785,5.244270611593833
2016-02-06,8.57527578442758,2.5767377162161305,5.303719864875636
2016-02-07,8.846580601210034,2.658260616653218,5.471519103334949
2016-02-08,8.96537482347716,2.69395644273267,5.54499210785508
2016-02-09,9.232503363854619,2.7742244367158295,5.710208362316304
2016-02-10,9.430974814867872,2.8338620374501042,5.832960913232654
2016-02-11,9.743517706058979,2.9277763413060605,6.0262654765268335
2016-02-12,9.818362727310376,2.9502661123615517,6.072556352293061
2016-02-13,9.768225410305826,2.9352006242112916,6.041546937452842
2016-02-14,9.75173899440783,2.9302467112739676,6.031350258804024
2016-02-15,9.644577003412065,2.8980461907443495,5.965071669672701
2016-02-16,9.47971238417804,2.848506923071889,5.863104598522109
2016-02-17,9.240658766833162,2.7766750091491863,5.715252395169673
2016-02-18,9.141739926254635,2.7469514278008256,5.654072109779959
2016-02-19,9.130919353038037,2.743700012940335,5.647379696549072
2016-02-20,9.347235889967806,2.8086997859342717,5.781169249545016
2016-02-21,9.041738683163896,2.7169026012419946,5.592222369570346
2016-02-22,9.037430589992875,2.715608085889042,5.5895578582583765
2016-02-23,9.071636557509434,2.7258864499714712,5.610713897314791
2016-02-24,9.067814101421762,2.7247378610494013,5.608349747543467
2016-02-25,8.939994642006715,2.6863300908247743,5.529294726683575
2016-02-26,9.042860621500834,2.7172397263561874,5.5929162768911596
2016-02-27,8.790371221280743,2.6413705675271077,5.436754180034795
2016-02-28,9.00545473755346,2.7059998368880684,5.569781122437563
2016-02-29,9.052211948658279,2.7200496555047082,5.5986999765475565
2016-03-01,8.986751784073423,2.7003798886965287,5.558213538094206
2016-03-02,9.304701279840259,2.7959187935889034,5.754862030704559
2016-03-03,9.19248374306166,2.762199159759355,5.6854566385093745
2016-03-04,9.211186742567104,2.7678191217808177,5.697024251318973
2016-03-05,9.473027585008158,2.8464982443332256,5.858970118997338
2016-03-06,9.339247720306075,2.806299464525566,5.776228648777883
2016-03-07,9.481376708925316,2.8490070269118304,5.864133966258572
2016-03-08,9.498668523422706,2.854202949668991,5.874828775656549
2016-03-09,9.525683366265534,2.862320492031555,5.891537178072269
2016-03-10,9.740885973279205,2.9269855463178738,6.024637776873315
2016-03-11,9.796534487597189,2.943707064004214,6.059055810562108
2016-03-12,9.623610589447415,2.891746107692254,5.952104158302225
2016-03-13,9.551116315865256,2.8699626999459915,5.907267195788944
2016-03-14,9.514869121542416,2.8590709787854562,5.884848678949502
2016-03-15,9.677981208336394,2.9080836375708463,5.985731826812985
2016-03-16,9.723289999878787,2.9216982285156026,6.013754848322483
2016-03-17,9.487683754566167,2.850902196558757,5.868034809111321
2016-03-18,9.316942381222562,2.799597055188033,5.7624330259939684
2016-03-19,9.280914843155259,2.7887713373342677,5.740150364289126
2016-03-20,9.5232106512674,2.8615774794267925,5.890007829280991
2016-03-21,9.34761709540237,2.808814332270223,5.781405021185106
2016-03-22,9.380683128647803,2.818750163738627,5.801856022620522
2016-03-23,9.26956951125925,2.7853622406084786,5.733133393212845
2016-03-24,9.475618125048552,2.847276661540467,5.860572341365269
2016-03-25,9.541881248886224,2.867187705182573,5.901555401857011
2016-03-26,9.655474945338051,2.9013208537051396,5.971811934654508
2016-03-27,9.67440715137101,2.9070096887423627,5.983521309343689
2016-03-28,9.825865674117424,2.952520631808681,6.077196847715717
2016-03-29,10.02465493056692,3.01225372816019,6.2001459580253435
2016-03-30,10.100384099889311,3.035009172033504,6.246983670278874
2016-03-31,9.854264109736732,2.961053922396803,6.094760988031651
2016-04-01,9.789150355378652,2.9414882465029053,6.054488800740285
2016-04-02,9.829171633086267,2.9535140213366016,6.079241549331887
2016-04-03,9.783765152617239,2.93987007638061,6.05115810822612
2016-04-04,10.004728069460441,3.0062660146603974,6.187821399404504
2016-04-05,9.817484171326347,2.950002119879355,6.072012974454023
2016-04-06,9.791629744060822,2.94223326444648,6.05602227713649
2016-04-07,10.001731746418075,3.005365665938406,6.1859682044238555
2016-04-08,10.03990636972806,3.0168365496928167,6.209578816265748
2016-04-09,10.154430124594498,3.051249166381242,6.280410580625828
2016-04-10,10.412108199087552,3.1286774415620755,6.439781819147801
2016-04-11,10.288040730861857,3.091397086647644,6.363047366244446
2016-04-12,10.31667152574907,3.1000001976012412,6.380755218377464
2016-04-13,10.33575895246758,3.105735674053254,6.392560595464013
2016-04-14,10.628706181381927,3.1937617845341997,6.573745443206726
2016-04-15,10.76496923186227,3.2347067232540683,6.65802273828726
2016-04-16,10.6803757992534,3.2092877053907247,6.605702570371443
2016-04-17,10.583459984393233,3.1801660022845097,6.545761135784825
2016-04-18,10.522085909428098,3.1617240421964476,6.50780190173056
2016-04-19,10.604469662240588,3.1864790854640783,6.558755405421728
2016-04-20,10.792436734584234,3.242960282907798,6.675011106182034
2016-04-21,10.649355135100889,3.1999664756934822,6.586516608680732
2016-04-22,10.628915021666787,3.193824537809101,6.57387460877472
2016-04-23,10.63913507838384,3.196895506751292,6.580195608727727
2016-04-24,10.424512736690575,3.1324048132172218,6.447453898058574
2016-04-25,10.342751707636577,3.107836888805663,6.396885542606514
2016-04-26,10.352971764353628,3.110907857747854,6.403206542559519
2016-04-27,9.985047881523487,3.0003524226320843,6.1756494056016615
2016-04-28,9.831598023512125,2.9542431141240226,6.080742246851719
2016-04-29,9.984727544689852,3.0002561663690948,6.175451280565135
2016-04-30,10.005008640342316,3.0063503218700514,6.18799492960891
2016-05-01,10.239902297289024,3.0769322320464743,6.333274240245645
2016-05-02,10.546334625302327,3.169010406196123,6.5227994830693925
2016-05-03,10.546170084471834,3.168960964221957,6.522697716258247
2016-05-04,10.944571301523299,3.288674366795802,6.769104770933228
2016-05-05,11.14895172443112,3.350087522174331,6.895511960184956
2016-05-06,11.189827809012684,3.3623701532500365,6.920793398035302
2016-05-07,11.230704008657767,3.37465281890055,6.946074907051249
2016-05-08,11.312456177820895,3.3992180810519605,6.99663778275194
2016-05-09,11.475960516147154,3.448348605354784,7.097763534153323
2016-05-10,11.547493779228407,3.4698432443120764,7.14200612155703
2016-05-11,11.308469457055171,3.398020133135263,6.994172036966915
2016-05-12,11.258739925157803,3.3830771781013955,6.9634148330208925
2016-05-13,11.292139987795494,3.3931133802348366,6.984072428199497
2016-05-14,11.35927966551198,3.4132878147574948,7.025597628248801
2016-05-15,11.238016870533361,3.376850220766335,6.95059783689907
2016-05-16,11.036785966235543,3.3163834470079823,6.826138592510761
2016-05-17,10.988840379118594,3.3019765397835252,6.796484740061247
2016-05-18,11.222172739191885,3.3720893044022917,6.940798404641733
2016-05-19,11.02217358985242,3.311992653954036,6.817100988024974
2016-05-20,10.98884037911859,3.3019765397835252,6.796484740061247
2016-05-21,10.95550728344828,3.2919604601878225,6.775868563263122
2016-05-22,11.455504984201658,3.442202034446251,7.085111998056616
2016-05-23,11.899947372086498,3.575750096612098,7.359995043299098
2016-05-24,12.009135861758262,3.6085595486445134,7.427527001016368
2016-05-25,11.882677948949679,3.570560902112401,7.349314082727309
2016-05-26,12.100084482583837,3.6358882022540775,7.483777787472895
2016-05-27,12.0291818826438,3.6145830678145474,7.439925258734846
2016-05-28,11.97876576673555,3.5994338049066625,7.408743409640496
2016-05-29,11.610178657788646,3.4886790806027195,7.180776074151557
2016-05-30,11.252124118073214,3.381089230417074,6.9593230243912005
2016-05-31,11.024117587986135,3.3125767953201355,6.818303330874143
2016-06-01,11.081119249273785,3.329704912738072,6.853558272044808
2016-06-02,11.092519512493203,3.029871212723209,6.6055531977899005
2016-06-03,11.12672041721498,2.728098633829068,6.364257162526607
2016-06-04,10.967115811634967,2.418633714329307,6.045603749313389
2016-06-05,11.240723739790278,2.1250708247179104,5.898779755282013
2016-06-06,11.525731931165009,1.8371310786679305,5.760854946923392
2016-06-07,11.69673679996444,1.5764659746618765,5.604170756236575
2016-06-08,11.669962670000908,1.257137249927832,5.325806456290546
2016-06-09,11.94709280750047,1.28699086889646,5.452279995003908
2016-06-10,11.943119434102814,1.286562840474492,5.450466671491839
2016-06-11,12.335926262917456,1.328877637058916,5.629731439009374
2016-06-12,12.023772056289573,1.295251078691052,5.48727400910768
2016-06-13,11.89123418719893,1.2809735443945438,5.426787865418425
2016-06-14,11.763902366972442,1.267256827483416,5.368677599822056
2016-06-15,11.87604626309963,1.2793374376070399,5.419856571247824
2016-06-16,11.696615868207203,1.260008444056068,5.337970143450641
2016-06-17,11.752687701207279,1.266048736722756,5.363559576652129
2016-06-18,11.786331008121655,1.269672934633992,5.378913331093535
2016-06-19,12.13397724720487,1.3071228433704,5.53756821602937
2016-06-20,12.16762032399221,1.3107470164913881,5.552921865447985
2016-06-21,12.461182567409352,1.3423707707233319,5.686894504052323
2016-06-22,12.279634773661842,1.3228136821005119,5.604041761553729
2016-06-23,12.28594324609031,1.323493257168936,5.606920751327642
2016-06-24,12.172447928946227,1.3112670663139319,5.555125033560818
2016-06-25,12.378102220059928,1.333421007785496,5.648979228501198
2016-06-26,12.154270194399668,1.309308884624412,5.5468292832875425
2016-06-27,12.076225371780977,1.300901569498188,5.511212063941059
2016-06-28,12.076225371780977,1.300901569498188,5.51121206394106
2016-06-29,12.279891825560671,1.322841372807528,5.6041590720114485
2016-06-30,12.399695730196745,1.33574715112608,5.6588338320635785
2016-07-01,12.723166088612514,1.370592732753972,5.806455600186097
2016-07-02,12.519499634832817,1.3486529294446323,5.713508592115708
2016-07-03,12.603362414103474,1.3576869792256683,5.751780945156757
2016-07-04,12.685363465655668,1.366520475900384,5.789203663817368
2016-07-05,12.670167141919565,1.3648834642688281,5.7822685363148905
2016-07-06,12.629881678375016,1.3605437454295681,5.763883509052399
2016-07-07,12.517262339792158,1.3484119186535761,5.712487560540105
2016-07-08,12.406222938372606,1.336450289325228,5.661812646000482
2016-07-09,12.439850941839113,1.3400728386849718,5.677159416426276
2016-07-10,12.499019479294512,1.346446721323872,5.704162088816932
2016-07-11,12.401370824889295,1.3359275993412718,5.65959829296039
2016-07-12,12.376958718819749,1.333297825043184,5.648457370251952
2016-07-13,12.254898073408501,1.3201489411576202,5.592752704198367
2016-07-14,12.30372251567463,1.325408514544044,5.615034654638035
2016-07-15,12.181661870263385,1.31225963065848,5.55932998858445
2016-07-16,12.279310409605085,1.322778740245956,5.603893731929596
2016-07-17,12.193867923298157,1.313574517807524,5.564900449938668
2016-07-18,12.2679019768759,1.32154977609648,5.598687279569518
2016-07-19,12.085495924348907,1.301900232243744,5.5154428545713134
2016-07-20,12.330420243462319,1.3282845055852681,5.6272186637082156
2016-07-21,11.680667799185652,1.3165271850858122,5.390514570672609
2016-07-22,11.083770979596753,1.3087122081453002,5.17613295194731
2016-07-23,10.23463415562499,1.2746006285753162,4.847536469005841
2016-07-24,9.442412370734093,1.2444308223885723,4.542665259079263
2016-07-25,8.698273104440121,1.222067886731244,4.2624361731384335
2016-07-26,8.186133798036517,1.223383344055992,4.0867352360661915
2016-07-27,7.397196400929905,1.1944430845895522,3.784262504836847
2016-07-28,7.429783185785951,1.1997049510739157,3.800933273246946
2016-07-29,7.5764236792566,1.223383344055992,3.875951711457129
2016-07-30,7.478663324688464,1.2075977446029,3.825939406226833
2016-07-31,7.70677066515456,1.2444307852032002,3.9426347065564804
2016-08-01,7.877851228076466,1.2720555749497682,4.030156211256608
2016-08-02,8.02105941258158,1.295179744752432,4.103418746632893
2016-08-03,8.27256714292858,1.3357913025577681,4.23208523350745
2016-08-04,8.335193482340683,1.3459037281268043,4.26412365660821
2016-08-05,8.43961810312115,1.36276542266508,4.317545271444833
2016-08-06,8.756742019276125,1.4139721837241281,4.479779728967339
2016-08-07,8.642354237604065,1.395501713646768,4.421261153857095
2016-08-08,8.5438172706457,1.379590712724168,4.37085154875941
2016-08-09,8.312695059009666,1.3422708536287682,4.252613898692521
2016-08-10,8.189429853882745,1.32236692464618,4.189553805566672
2016-08-11,8.166317632719142,1.31863493873664,4.1777300405599815
2016-08-12,8.012236260645933,1.293755049199872,4.098904992876085
2016-08-13,7.989123962719219,1.290023050895208,4.087081188598874
2016-08-14,8.11238916784614,1.3099269798777962,4.150141281724722
2016-08-15,8.175532276518995,1.3201228494216,4.182444073977133
2016-08-16,8.340624549180765,1.346780695544928,4.266902085284459
2016-08-17,8.189873621425289,1.3224385808580241,4.189780828452247
2016-08-18,8.311671576455655,1.3421055894404763,4.252090304827552
2016-08-19,8.441173554031817,1.363016585062692,4.318341010024737
2016-08-20,8.471704315732788,1.36794646054584,4.333959956783344
2016-08-21,8.560299078128761,1.382252069798208,4.379283322459814
2016-08-22,8.66813228807358,1.39966415742258,4.434448705539149
2016-08-23,8.759375838364901,1.4143974728236919,4.481127139835181
2016-08-24,9.008221807850857,1.454579229704328,4.608431921372019
2016-08-25,8.809145124377826,1.422433839073968,4.506588143267175
2016-08-26,8.6266581773214,1.392967233061992,4.413231353216154
2016-08-27,8.527119835584884,1.376894537746812,4.362309464163731
2016-08-28,8.43587628529356,1.3621612223457,4.315631029867699
2016-08-29,8.372147781139052,1.3518708275862719,4.283028760617294
2016-08-30,8.542739286283144,1.379416647997836,4.37030007282408
2016-08-31,8.41084598428468,1.358119519472772,4.302826012336898
2016-09-01,8.52027770924523,1.37578972315932,4.3588091647587754
2016-09-02,8.71420596765151,1.407103785218124,4.458019108248035
2016-09-03,8.58115154684168,1.3856191680474361,4.389951041850591
2016-09-04,8.82820287156425,1.425511139324076,4.516337717862109
2016-09-05,8.752388169167494,1.4132691570810962,4.477552383521204
2016-09-06,8.50809624798269,1.373822753326884,4.352577364950926
2016-09-07,8.651301745778932,1.3969464893002084,4.425838525858954
2016-09-08,8.676573313244518,1.4010271500478684,4.438766970639256
2016-09-09,8.592334703850494,1.3874249392922522,4.395672128524569
2016-09-10,8.836626625035297,1.4268713430464641,4.520647147094848
2016-09-11,8.71026871094426,1.4064680269130403,4.456004883922817
2016-09-12,8.935595921832723,1.442852153307432,4.571277923770384
2016-09-13,9.220471348160192,1.4888516731935844,4.71701467807164
2016-09-14,9.2843890733824,1.499172621933672,4.749713749157877
2016-09-15,9.398462433353325,1.5175923215831282,4.808071472211501
2016-09-16,9.400313499003023,1.5178912176032642,4.809018441570224
2016-09-17,9.499282872563558,1.533872040259356,4.859649257516283
2016-09-18,9.367320867581084,1.512563818098312,4.792140049912237
2016-09-19,9.1087931507671,1.470818726203176,4.659882273834094
2016-09-20,8.99676445301088,1.452729183076584,4.60257056039476
2016-09-21,9.082940409790947,1.4666442219717122,4.646656511934489
2016-09-22,8.970911712034725,1.44855467884512,4.589344798495154
2016-09-23,8.936441313970077,1.442988660808044,4.571710410025159
2016-09-24,8.970911635271616,1.448554666449996,4.589344759224632
2016-09-25,9.433495581781994,1.523249208274248,4.8259937528756085
2016-09-26,9.695724815790486,1.565591993048664,4.9601451535070264
2016-09-27,9.932882603762803,1.6038864311636882,5.081470487608046
2016-09-28,9.864706214689145,1.5928778257343281,5.046592766522502
2016-09-29,9.96594455227364,1.609225023465612,5.09838434054707
2016-09-30,10.101065743074033,1.631043366954876,5.167509726469033
2016-10-01,10.107116979084882,1.6320204745797962,5.170605421689577
2016-10-02,9.692890875272301,1.5651343898608323,4.958695364389278
2016-10-03,9.683685903624385,1.5636480409614961,4.953986279057853
2016-10-04,9.582430678155552,1.547298116302932,4.902186065518527
2016-10-05,9.757326214149476,1.575538918922052,4.991659236602906
2016-10-06,9.923016624969266,1.6022933478515882,5.076423243814816
2016-10-07,9.941426645028205,1.6052660580453841,5.085841453748188
2016-10-08,10.163424179230043,1.641112533541152,5.199411095449284
2016-10-09,10.443916969282396,1.686404378612772,5.342905777858792
2016-10-10,10.277879205387011,1.6595938617471362,5.257964071536479
2016-10-11,10.19472149735375,1.646166186732564,5.215422197636946
2016-10-12,10.087908469149186,1.6289188303061521,5.16077871979015
2016-10-13,9.868620519226315,1.5935098778973362,5.048595248961751
2016-10-14,9.884738085749444,1.5961124201079961,5.0568406840369935
2016-10-15,9.618382911307776,1.5531034098137038,4.920578532138179
2016-10-16,9.322432717483698,1.505315620597824,4.769176141139495
2016-10-17,9.322432717483698,1.505315620597824,4.769176141139495
2016-10-18,9.480272795268835,1.5308024373812523,4.849924069915285
2016-10-19,9.29283762133818,1.500536829281112,4.754035862769105
2016-10-20,9.352027660102996,1.510094387124288,4.784316340968841
2016-10-21,9.628248045707094,1.5546963567794398,4.925625343955671
2016-10-22,9.669417406910076,1.561344072497748,4.946686792307772
2016-10-23,9.78057768359576,1.5792933895865282,5.003554238335842
2016-10-24,9.931385185763771,1.60364463947982,5.080704437542498
2016-10-25,9.74753101094394,1.5739572639142803,4.986648200230623
2016-10-26,9.849762125838195,1.590464767784256,5.038947659911505
2016-10-27,10.09566384621599,1.630171109683872,5.164746220591005
2016-10-28,9.948836588097182,1.606462559365104,5.089632237201682
2016-10-29,9.948836588097182,1.6064625593651043,5.089632237201682
2016-10-30,10.19078308919984,1.64553024250062,5.2134073842539035
2016-10-31,10.229494418837387,1.651781053953324,5.233211351232707
2016-11-01,10.277883657647427,1.659594580664328,5.257966349226734
2016-11-02,10.21981650966489,1.6502183386950242,5.228260320217485
2016-11-03,10.161749284919237,1.6408420843305962,5.198554251937714
2016-11-04,9.813346397023995,1.584584632514772,5.020318077882217
2016-11-05,9.819043217753075,1.585504511852184,5.023232461104368
2016-11-06,9.679763155145045,1.563014625334848,4.951979476861226
2016-11-07,9.675667382614348,1.5623532710987043,4.94988415890883
2016-11-08,9.924075188264833,1.602464276611548,5.076964784308172
2016-11-09,10.065185436956469,1.6252496876752922,5.149154056328153
2016-11-10,10.187742962966505,1.6450393460097243,5.211852114515042
2016-11-11,10.648834327553823,1.71949287704292,5.447737532143334
2016-11-12,10.833440013226708,1.74930160087242,5.542178227862022
2016-11-13,10.72656304135099,1.732043919307716,5.487502037670703
2016-11-14,10.979181380382565,1.7728348097670843,5.616736690452286
2016-11-15,10.852872210866778,1.7524393645374001,5.552119364061495
2016-11-16,11.095774489459872,1.79166137936184,5.676383468378602
2016-11-17,11.008329715224225,1.777541461462116,5.631648414386757
2016-11-18,11.016092922128312,1.778795005142484,5.63561992078082
2016-11-19,10.910756125304246,1.7617860193457158,5.5817316543356
2016-11-20,10.908528843649359,1.761426374822856,5.580592220150339
2016-11-21,10.742821084366568,1.734669144595296,5.49581933780054
2016-11-22,10.668051051142358,1.722595847594832,5.457568435988575
2016-11-23,10.577616276984616,1.707993127220184,5.411303755908497
2016-11-24,10.79629641659753,1.743303935037168,5.523176282746584
2016-11-25,10.839309627717812,1.7502493816339562,5.545181009028375
2016-11-26,10.968348954026213,1.7710856718438241,5.611195030791662
2016-11-27,11.129648207865605,1.7971310501000637,5.693712607083924
2016-11-28,11.387726937245521,1.838803642914924,5.825740689881019
2016-11-29,11.57053268150039,1.8683217258768718,5.919260570408395
2016-11-30,11.516766263553924,1.859639933124792,5.891754711644306
2016-12-01,11.323207235709765,1.828385491612428,5.792733659364115
2016-12-02,11.264462422986595,1.818899825488452,5.762680950189865
2016-12-03,11.490607698345027,1.8554160467193117,5.878372495986504
2016-12-04,11.561660170884608,1.8668890602595802,5.914721565706173
2016-12-05,11.461417911423627,1.85070270165732,5.863439565970351
2016-12-06,11.479082868730805,1.853555104777572,5.872476616220726
2016-12-07,11.867095828762833,1.9162084901578922,6.0709765365223385
2016-12-08,12.015126271877634,1.9401113216502364,6.146706046067779
2016-12-09,11.916641580597608,1.92420876180708,6.096323184195329
2016-12-10,11.47893210598153,1.8535307607540363,5.872399488916234
2016-12-11,11.916641503834496,1.9242087494119562,6.096323144924808
2016-12-12,11.960412443619791,1.9312765482777483,6.118715510525665
2016-12-13,12.266809098879978,1.9807511527334163,6.275462109002187
2016-12-14,11.872870333759867,1.917140913360792,6.073930661512385
2016-12-15,11.657931781685212,1.882434268677816,5.963972258439866
2016-12-16,11.754744725941974,1.8980668875105002,6.013499886892133
2016-12-17,12.026408299772939,1.941933057814764,6.1524777131736235
2016-12-18,11.637937831601565,1.879205797495404,5.953743740563062
2016-12-19,11.729822277103526,1.894042599786792,6.000750044444231
2016-12-20,11.415273609783918,1.843251670347696,5.83983303438156
2016-12-21,11.776031059756164,1.901504043000576,6.024389563271195
2016-12-22,12.154757679243014,1.96265794065012,6.21813877148845
2016-12-23,12.37962669112413,1.998968080549356,6.333177405592373
2016-12-24,12.284945151397084,1.9836796247296562,6.2847401624438435
2016-12-25,12.592660673660983,2.033367189810768,6.442161467752589
2016-12-26,12.47430846114051,2.014256573554428,6.3816147665524685
2016-12-27,12.687342213388026,2.0486556456304683,6.49059871090112
2016-12-28,12.79367032902275,2.065824702058572,6.5449941168627435
2016-12-29,12.730280350186115,2.055588969795984,6.51256503061275
2016-12-30,12.834595660297044,2.072433013677684,6.565930724226564
2016-12-31,13.007334766987194,2.1003256124733958,6.654300707817152
2017-01-01,12.921999366268505,2.086546300186068,6.610644768489334
2017-01-02,13.181035101348629,2.128373423011836,6.743162436879662
2017-01-03,13.322868765594828,2.151275645724156,6.8157217942955395
2017-01-04,13.201641544291984,2.131700794888644,6.753704294248597
2017-01-05,13.080414399752252,2.112125956448256,6.691686833472176
2017-01-06,13.128905272920766,2.1199558943034362,6.7164938256368485
2017-01-07,13.019800635574608,2.102338506240252,6.660678004907662
2017-01-08,13.153150440834137,2.1238708198480922,6.72889718427236
2017-01-09,12.862205201823043,2.0768911927170124,6.580055231284326
2017-01-10,12.931009513141646,2.088001190260692,6.615254185236848
2017-01-11,13.031050422963446,2.1041550364527,6.66643317839442
2017-01-12,13.55792554722924,2.1892308292953,6.935972294219391
2017-01-13,13.547395721054986,2.187530552950848,6.930585438955054
2017-01-14,14.07353798790361,2.27248800954462,7.199749639109968
2017-01-15,14.195964939862469,2.292256583773128,7.262380898139556
2017-01-16,14.71990771330225,2.376858882878928,7.530419880038041
2017-01-17,14.694196062923433,2.3727071608853763,7.517266297357202
2017-01-18,14.668484259018394,2.368555414101576,7.50411263613532
2017-01-19,14.681340084207804,2.3706312750983516,7.510689427475739
2017-01-20,15.169861134352917,2.449513943395344,7.760607341329598
2017-01-21,15.28556348429449,2.468196679971204,7.819798424122852
2017-01-22,15.747797544546623,2.542834724820264,8.056268422736212
2017-01-23,15.6594898761844,2.528575473331656,8.01109192881066
2017-01-24,15.862547648100849,2.561363699882904,8.114972354708575
2017-01-25,16.170591332662685,2.611104254119116,8.272561541497316
2017-01-26,16.28791729915716,2.6300491599627,8.332583235093688
2017-01-27,16.407342890253553,2.6493330972379323,8.39367905599784
2017-01-28,16.359702168535247,2.6416404353810523,8.369306984860282
2017-01-29,16.25473613753552,2.624691318033204,8.315608395034564
2017-01-30,16.359702168535247,2.6416404353810523,8.369306984860282
2017-01-31,16.29972162325718,2.6319552325509243,8.338622098828742
2017-02-01,16.929517655729338,2.733649911847764,8.660813559242012
2017-02-02,16.929517655729338,2.730275160348114,8.396746391543845
2017-02-03,16.614619562730148,2.676225018789532,7.985039115987711
2017-02-04,16.671259838012325,2.6820223924535314,7.752004665417869
2017-02-05,16.7285082306569,2.6875946599274663,7.493983746300345
2017-02-06,16.552925895112182,2.6563563480698065,7.17828808913754
2017-02-07,16.811190007404267,2.694571850164884,7.037558682950226
2017-02-08,16.284134106012942,2.6060953061975636,6.5041095978953365
2017-02-09,16.652430614606242,2.6650370832724364,6.651212344705098
2017-02-10,16.80238527861517,2.6890356664007706,6.711106322676545
2017-02-11,16.70572724231566,2.6735666182422064,6.6724997589184385
2017-02-12,16.41575321018024,2.6271594860516005,6.556680098304369
2017-02-13,17.02792082458588,2.725130132579229,6.801188355879219
2017-02-14,17.31789501024752,2.7715372893400065,6.9170080778137955
2017-02-15,17.205127314025276,2.753490068535863,6.871967091872712
2017-02-16,16.931262788286368,2.7096610844206657,6.762581792121112
2017-02-17,16.979591691291457,2.717395590072319,6.781885028009785
2017-02-18,17.296955185114705,2.768186102249803,6.908644420480962
2017-02-19,17.279343040827637,2.765367473622711,6.901609885150359
2017-02-20,17.14279505408999,2.743514480703898,6.847070720505082
2017-02-21,16.741391383513694,2.679274269037188,6.6867445128339185
2017-02-22,16.840097613130997,2.69507110785118,6.726169153483918
2017-02-23,16.914395860277285,2.7069617194051068,6.755844906534399
2017-02-24,17.273920341166612,2.7644996306019216,6.89944398350142
2017-02-25,17.526217042764653,2.804876923341177,7.00021479438385
2017-02-26,18.266287659152063,2.9233170287263195,7.295809289481274
2017-02-27,18.199008630841654,2.9125497654046204,7.268937110038264
2017-02-28,18.45130533243969,2.952927058143876,7.369707920920694
2017-03-01,18.53540430973548,2.9663861680087136,7.40329822187509
2017-03-02,18.65314280118648,2.9852289095344005,7.450324612550992
2017-03-03,18.516025769509742,2.9632848472756317,7.395558163444297
2017-03-04,18.06318544139456,2.890812768264554,7.214687439509366
2017-03-05,17.65390088606558,2.8253113082791472,7.051213496881826
2017-03-06,17.728576040085052,2.8372622396036364,7.0810397917784655
2017-03-07,17.84528145359321,2.8559396484465878,7.127653556758728
2017-03-08,17.919956607612683,2.8678905797710774,7.157479851655367
2017-03-09,17.881470117126167,2.8617312432318447,7.1421078121884225
2017-03-10,17.969383069573542,2.8758007375774155,7.177221467852872
2017-03-11,18.233121696626323,2.9180091837588713,7.282562342865461
2017-03-12,18.373782190252786,2.940520337856527,7.338744099947819
2017-03-13,18.426529961721208,2.9489620344638703,7.359812293346489
2017-03-14,18.479277733189633,2.9574037310712122,7.380880486745158
2017-03-15,18.479277733189633,2.9574037310712122,7.38088048674516
2017-03-16,18.567190455347674,2.9714731885615255,7.415994050428848
2017-03-17,18.619795908008992,2.979892108620065,7.437005399716973
2017-03-18,18.849936856801857,3.0167236185123523,7.528926894846378
2017-03-19,19.137954964878467,3.062817726720487,7.6439653321936225
2017-03-20,19.057223585245946,3.0498975635633037,7.611720096573431
2017-03-21,18.891999126507674,3.023455218911533,7.545727150255835
2017-03-22,19.317828281544212,3.0916044588378364,7.715809236064381
2017-03-23,19.314266473211042,3.091034430863478,7.714386600288061
2017-03-24,19.713621720180218,3.1549468150195032,7.873894639086571
2017-03-25,19.277961590328594,3.0852242364585405,7.6998859252341125
2017-03-26,19.277961590328594,3.0852242364585405,7.6998859252341125
2017-03-27,19.205351517511247,3.0736037985083224,7.6708844524852
2017-03-28,19.44133390873362,3.1113701665636446,7.765139100948024
2017-03-29,19.023826258704776,3.0445526913476932,7.598380739952666
2017-03-30,18.010514767376012,3.1150019818654497,7.450736858147738
2017-03-31,16.19305179326484,3.01562196574139,6.936443222033645
2017-04-01,15.125538162970859,3.032007812987076,6.716986968772624
2017-04-02,13.72426477639324,3.0318576646702096,6.3692745911544515
2017-04-03,14.683694118291514,3.1854037045315526,6.630898806726914
2017-04-04,14.253265931771,3.1165184405535284,6.37262667866215
2017-04-05,14.83686055084914,3.209916295643662,6.493808829744802
2017-04-06,15.966256518884185,3.158045039911,6.586267184798095
2017-04-07,17.677518880887387,3.24042882430864,6.9462291648416965
2017-04-08,18.942747570598073,3.2556850824985863,7.150012535088736
2017-04-09,20.362148412224407,3.258736329222541,7.3951240930413205
2017-04-10,19.828309338562388,3.173301298100946,7.201244443628943
2017-04-11,20.629068102581638,3.3014538693535096,7.492063973505155
2017-04-12,20.247754412740388,3.240428836593726,7.353578485743037
2017-04-13,19.96904866790347,3.1958250689815695,7.252358146573171
2017-04-14,19.64284114257848,3.143619167515684,7.133886113022233
2017-04-15,20.03175913968482,3.205861185430553,7.275133332735639
2017-04-16,19.901863981456017,3.1850729040301395,7.227958015340815
2017-04-17,19.82270240743586,3.1724039708745857,7.199208118648769
2017-04-18,19.540281711860068,3.12720566654219,7.096638583846038
2017-04-19,19.6748824487704,3.1487470236932116,7.145522873082882
2017-04-20,19.913365858900164,3.186913652124235,7.232135266644578
2017-04-21,20.46982702126442,3.275969097988148,7.434230805157164
2017-04-22,20.350585354581092,3.2568857899151786,7.390924622315728
2017-04-23,20.489700837079937,3.279149682093871,7.441448576640932
2017-04-24,20.211470255897808,3.2346219591619154,7.340400807384639
2017-04-25,20.251217657239504,3.2409830905181045,7.354836266715705
2017-04-26,20.44995381955379,3.2727886121631093,7.42701325670398
2017-04-27,20.61548218344704,3.299279593468986,7.4871298400392545
2017-04-28,20.00545011877909,3.20165071802426,7.265578423772915
2017-04-29,20.569607320325638,3.291937829720614,7.470469009430123
2017-04-30,20.5365771517426,3.286651717069689,7.458473114373244
2017-05-01,21.05996377644588,3.370413949503168,7.648556643869333
2017-05-02,21.26572844593242,3.4033443058757653,7.723286246758541
2017-05-03,20.854254376398988,3.3374924383922417,7.573847113732593
2017-05-04,21.272534416846977,3.404433526140046,7.725758038951968
2017-05-05,21.133107736697642,3.3821198302241107,7.6751210638788425
2017-05-06,21.0335171960459,3.366181467223382,7.6389517760560235
2017-05-07,21.352206926131476,3.4171842288257146,7.754693497089046
2017-05-08,21.949750170041934,3.512814406830088,7.971709224025964
2017-05-09,21.88999584565089,3.503251389029651,7.950007651332272
2017-05-10,22.423272092185776,3.588596345903228,8.143682893215354
2017-05-11,21.961712395860513,3.5147288285828524,7.976053664630487
2017-05-12,22.682951102132968,3.6301550953298567,8.237993103711842
2017-05-13,22.71285570714054,3.6349409961481967,8.248853856737863
2017-05-14,22.890886632388092,3.6634328739247572,8.313511119711853
2017-05-15,22.938189980235183,3.6710032508320696,8.3306907473358
2017-05-16,22.671461737075862,3.6283163497047224,8.233820396656206
2017-05-17,24.4735574388212,3.652254330505525,8.660141278308183
2017-05-18,26.137054921150792,3.676192335876498,9.055262405750383
2017-05-19,28.09920759009689,3.710389468856337,9.526464513867328
2017-05-20,30.007917454336365,3.734327449657139,9.976785255972542
2017-05-21,31.211889668353585,3.676192311306327,10.197655880002472
2017-05-22,32.255624628063416,3.5941192167248834,10.361803572226831
2017-05-23,35.1614566945611,3.754113513769876,11.153965920551611
2017-05-24,35.446103701553376,3.784504665788589,11.244262037773337
2017-05-25,36.453905127173144,3.8921054681097553,11.563958199786587
2017-05-26,36.41620111365108,3.8880798912425596,11.551997680472889
2017-05-27,36.857755062047865,3.9352236617391676,11.692068034647507
2017-05-28,37.77358092494543,4.033004429982924,11.982587581452842
2017-05-29,38.24423558763625,4.083255221492357,12.131889304461778
2017-05-30,38.61917869024448,4.123287094478272,12.250829274013297
2017-05-31,38.96003652696636,4.159679756540817,12.358956668380802
2017-06-01,39.1986368400764,4.185154601556969,12.434645789687142
2017-06-02,38.96003652696636,4.159679756540816,12.3589566683808
2017-06-03,39.77809498990832,4.247022108635668,12.61846230536099
2017-06-04,40.40460376281552,4.31391311008926,12.817204284757265
2017-06-05,41.62478505722959,4.444189256677852,13.204271882468436
2017-06-06,41.385853361188204,4.4186790306150145,13.128477639410315
2017-06-07,42.201744027454275,4.505789931696139,13.387295604930939
2017-06-08,42.813120221814245,4.571065260109907,13.581237206832279
2017-06-09,43.69901898423275,4.665650775855669,13.862263237434794
2017-06-10,42.62873208512914,4.551378533199771,13.522745347106289
2017-06-11,42.04637260869517,4.4892012576863,13.338008468595238
2017-06-12,41.38636481852495,4.418733637820749,13.128639884614017
2017-06-13,40.99812497579644,4.3772821003366245,13.005481904772305
2017-06-14,40.02752508131639,4.273653225913603,12.697586863916497
2017-06-15,39.56163750016922,4.223911405502826,12.549797361107654
2017-06-16,39.445165604882426,4.211475950400131,12.512849985405444
2017-06-17,39.87363395471415,4.2572225995307065,12.648769307906022
2017-06-18,40.10798209552284,4.282243449206505,12.72310954923422
2017-06-19,40.54775428534605,4.329196985151757,12.862614691489979
2017-06-20,40.69126725795774,4.344519558234064,12.9081400751387
2017-06-21,40.9550204560651,4.372679922974244,12.991808229410053
2017-06-22,40.67335301886701,4.342606893248549,12.902457295439145
2017-06-23,41.44067249766969,4.4245319525478575,13.145867441699224
2017-06-24,41.481380819642254,4.428878293001487,13.158780991894517
2017-06-25,40.54509861935457,4.328913445374856,12.861772257451404
2017-06-26,40.178727173506964,4.289796749844758,12.745551400712
2017-06-27,39.89377179628692,4.2593726737964905,12.655157461860144
2017-06-28,40.58580636600954,4.3332597244030575,12.874685625143655
2017-06-29,39.81235572765937,4.2506800543146595,12.629330543972596
2017-06-30,39.568108097094296,4.2246022572945945,12.551849972812992
2017-07-01,40.300850413471906,4.302835586929363,12.78429150378876
2017-07-02,42.95490839229369,4.586203679758258,13.475709256837566
2017-07-03,44.06519252082968,4.704746341038442,13.691819106235895
2017-07-04,44.93418269930328,4.797526563447306,13.844994954552678
2017-07-05,44.58263028391683,4.759992064098624,13.614190849940613
2017-07-06,45.45353166742155,4.852976341780205,13.776779193467641
2017-07-07,45.18356849125697,4.824152950967263,13.572657512853663
2017-07-08,45.195607587127384,4.8254383394792715,13.444383372153785
2017-07-09,43.16889834489296,4.609050929229244,12.841496111838524
2017-07-10,44.263320967496284,4.725900091451985,13.167055122878967
2017-07-11,45.074004434263024,4.812455030981825,13.408209958548948
2017-07-12,46.20896105760942,4.933631921753429,13.745826660030799
2017-07-13,46.816973945343264,4.998548157113523,13.92669287235344
2017-07-14,47.21435443392808,5.040975621802022,14.04490205059822
2017-07-15,46.3704429244828,4.950872995236937,13.79386283526556
2017-07-16,48.27758621343602,5.154494604431028,14.36118268980869
2017-07-17,47.10294993596646,5.029081201871542,14.011762441243684
2017-07-18,45.156036729182674,5.091057984787136,13.662051450677156
2017-07-19,42.555787091692345,5.057112696063209,13.095743155756574
2017-07-20,41.165320777068864,5.173593858545176,12.907387365085148
2017-07-21,39.4966819722003,5.247291780258094,12.625159003617838
2017-07-22,38.56445369345747,5.409427208026514,12.57033467712009
2017-07-23,36.3439937995035,5.453645961054266,12.14898527440308
2017-07-24,34.997997065048395,5.601041804480103,11.99610656396356
2017-07-25,34.47609734179799,5.517517534155748,11.817217335412037
2017-07-26,34.41469721631507,5.5076911241188835,11.796171489646497
2017-07-27,34.496400033112586,5.520766755035022,11.824176397900455
2017-07-28,34.69240120255829,5.5521345713632515,11.891358840111705
2017-07-29,34.933979701308594,5.590796534447856,11.974163619173336
2017-07-30,34.47890495256923,5.517966861163553,11.818179687570055
2017-07-31,33.77397932846268,5.405151322539113,11.576555491455819
2017-08-01,34.121355049174596,5.460744959225024,11.695623910018421
2017-08-02,34.59790734863673,5.537011876624538,11.800835051636014
2017-08-03,34.072701822027106,5.452958549086481,11.568032655352713
2017-08-04,35.024636551145385,5.605305159180139,11.825861972749879
2017-08-05,35.68114345940741,5.7103718186027095,11.983193746565151
2017-08-06,35.451366137469584,5.673598503161167,11.850889020950458
2017-08-07,35.7139689007744,5.715625166930195,11.88238317828417
2017-08-08,36.206348986017034,5.794425146140767,11.988429972812197
2017-08-09,38.504323760517984,5.773981596528899,12.40707495365838
2017-08-10,41.05062398390356,5.804532208959405,12.91786415951751
2017-08-11,42.77915956788886,5.676077572020773,13.133079545145014
2017-08-12,44.09807866698962,5.5073863311438,13.234985606007896
2017-08-13,47.318032396440586,5.6063641949889655,13.934110245013908
2017-08-14,49.16072295577697,5.535562297942761,14.221844608328087
2017-08-15,51.80409835793563,5.531012762172409,14.720135890266322
2017-08-16,51.38163920032249,5.485907701640129,14.600094109687777
2017-08-17,53.757974119337334,5.739623897479559,15.27532973847901
2017-08-18,54.022011524333735,5.767814606381305,15.350355973947982
2017-08-19,54.86693099019518,5.8580248502967205,15.59043986205809
2017-08-20,53.91639702258925,5.756538371960948,15.320345610541597
2017-08-21,53.12428538291763,5.671966306681138,15.095267067611188
2017-08-22,49.797416841487404,5.316763669361195,14.149937285389369
2017-08-23,51.328832294640804,5.480269621285208,14.58508902607049
2017-08-24,47.00730200600924,5.01886907700039,13.357126082617123
2017-08-25,44.269994996720904,4.72661266327519,12.579320225024572
2017-08-26,41.630280836031645,4.4447760292239575,11.829245377889356
2017-08-27,42.63962261696458,4.552541291986778,12.116049871085991
2017-08-28,43.12022452077167,4.603854129151025,12.252612914501597
2017-08-29,45.98985940823061,4.910238907352251,13.068019742103953
2017-08-30,46.12821178206769,4.925010494342963,13.10733257271344
2017-08-31,49.27793578045066,5.261299787749964,14.002326728439886
2017-09-01,52.98648128674301,5.657253258123568,15.056110030113688
2017-09-02,55.98379905322133,5.977270464178042,15.709040541700755
2017-09-03,55.93299735946484,5.9718464760108185,15.507967180591935
2017-09-04,58.26988907988564,6.221351405913387,15.959906321250278
2017-09-05,60.7083853384546,6.48170443500126,16.41405380838575
2017-09-06,60.723745167449536,6.483344371085249,16.21444672944946
2017-09-07,61.732011679808366,6.59099482972263,16.279346938031118
2017-09-08,62.12867819926505,6.633346065454646,16.171720079462848
2017-09-09,62.716694198235466,6.69612727577888,16.324777096177357
2017-09-10,62.17660100380548,6.638462680778799,16.184194096340608
2017-09-11,62.469686769195285,6.6697548209793975,16.260482552727165
2017-09-12,62.38402543207745,6.660608943262351,16.238185423516416
2017-09-13,63.86181955996996,6.8183898609951825,16.622846318678263
2017-09-14,63.75626258998439,6.807119769117653,16.595370476273114
2017-09-15,64.02015443963073,6.835294937386046,16.664059932534283
2017-09-16,64.02015443963073,6.835294937386047,16.664059932534283
2017-09-17,66.02573226681594,7.049426191655664,17.18609974021846
2017-09-18,64.85761663890172,6.924708984900208,16.882046290143638
2017-09-19,64.78087387505077,6.916515324172226,16.862070611743697
2017-09-20,62.13717679069187,6.634253441881071,16.173932211534666
2017-09-21,64.06158593581286,6.8397184896030145,16.67484430101194
2017-09-22,63.334152650147864,6.762051993820336,16.485497805750473
2017-09-23,64.89132564708477,6.9283080235934875,16.890820541589072
2017-09-24,64.7536826398351,6.913612174155834,16.854992897276443
2017-09-25,64.627456810142,6.900135312342225,16.822137075395794
2017-09-26,63.49142721949185,6.7788438631468955,16.526435427228456
2017-09-27,65.38480948703037,6.980996237522161,17.019271407672893
2017-09-28,65.44792182655932,6.987734607003537,17.035699168861516
2017-09-29,67.34130409409785,7.189886981378801,17.52853514930595
2017-09-30,65.57414765625245,7.001211468817145,17.068554990742165
2017-10-01,64.6274562348244,6.900135250916798,16.8221369256441
2017-10-02,66.38083726831535,7.087339993023925,17.278531429568865
2017-10-03,69.43509651786151,7.413436719416135,18.073536684233286
2017-10-04,68.77146652815004,7.342582365054185,17.900797801948848
2017-10-05,65.63590569817659,7.007805242840369,17.084630236435455
2017-10-06,65.19087453027102,6.960290217055288,16.968791308542567
2017-10-07,66.63805428329248,7.114802503473512,17.345483466638505
2017-10-08,70.13293316547065,7.487943245466817,18.255179353181283
2017-10-09,70.8400479598399,7.563440379399234,18.43923706775087
2017-10-10,69.36153583559611,7.40558280273192,18.054389282470854
2017-10-11,69.68295138971051,7.4398996538714615,18.138051811933533
2017-10-12,71.48288021870383,7.632074204529171,18.606562426179625
2017-10-13,70.00436751914248,7.4742165664364295,18.22171449114791
2017-10-14,68.91155405983598,7.357539211136563,17.937261741223104
2017-10-15,70.56066625942344,7.533611392900061,18.366515696792874
2017-10-16,72.12217830161767,7.700330693253237,18.772967859932155
2017-10-17,73.06342779397002,7.800825888027565,19.0179694237259
2017-10-18,74.46471388758796,7.9504382066071475,19.38271573918029
2017-10-19,76.8143097710122,8.201299532816806,19.994301371257116
2017-10-20,80.3251744277223,8.576147041760063,20.90815825845976
2017-10-21,81.734803777018,8.726650151900438,21.275076273027707
2017-10-22,80.84489447568558,8.631636439494198,21.043438251193397
2017-10-23,80.6395314103355,8.60971026432014,20.989983484348844
2017-10-24,80.84489447568558,8.631636439494198,21.043438251193397
2017-10-25,83.17235098764444,8.880133992373114,21.649261138456545
2017-10-26,85.94544620288298,9.176211436289366,22.371081091404875
2017-10-27,82.33448031288516,8.790676332804878,21.43116845714214
2017-10-28,78.92443258454371,8.426592831635622,20.543553608110972
2017-10-29,79.26310709101476,8.462752384197879,20.631708538739538
2017-10-30,79.77308125901797,8.517201235177094,20.76445173772171
2017-10-31,79.8089741727694,8.521033444796092,20.773794446609916
2017-11-01,76.20278111749111,8.136007926664545,19.835124152427586
2017-11-02,73.70977927052675,7.8698354525022385,19.058915782708883
2017-11-03,74.95628076932653,8.00292175100882,19.28238521275096
2017-11-04,78.69578411509065,8.40218052367771,20.145433020780157
2017-11-05,77.61548266271282,8.28683904859189,19.74457974742924
2017-11-06,76.45208233775921,8.162625284646548,19.32888540158438
2017-11-07,77.94788390619189,8.322328818284275,19.585846697299434
2017-11-08,80.85638701984628,8.632863473849346,20.220709287382135
2017-11-09,81.10568708947919,8.659480708980492,20.28305469284941
2017-11-10,80.58190472401898,8.603557586297333,20.15206626593357
2017-11-11,76.02231261954083,8.116739691197223,19.011795350896694
2017-11-12,70.54861910910678,7.532325144432058,17.642924328060243
2017-11-13,70.42229087288281,7.518837348892218,17.611331937729396
2017-11-14,67.44814747421273,7.201294420513945,16.86755285904347
2017-11-15,67.3442313099914,7.190199513957846,16.841565319599447
2017-11-16,66.49241378623614,7.099252779157455,16.628541276000696
2017-11-17,70.16042299051506,7.490878275280482,17.5458435512676
2017-11-18,74.53081615262771,7.95749580403925,18.6387992577964
2017-11-19,80.77423512002223,8.624092291244756,20.200164593945107
2017-11-20,83.50573027102504,8.915728185293558,20.88326176664916
2017-11-21,87.01765408741676,9.29068877845026,21.76152993009381
2017-11-22,84.754414524758,9.049047531875,21.19553494898006
2017-11-23,85.14462828213489,9.090709820003523,21.29312030047391
2017-11-24,83.5913904575077,8.924873940159747,20.904683818662733
2017-11-25,84.9968015782398,9.074926679060036,21.256151535054787
2017-11-26,84.29804844971115,9.000322302302115,21.081406108052736
2017-11-27,83.73844163329261,8.940574279625922,20.941458638630696
2017-11-28,82.2562704891819,8.782326037234803,20.570794638867103
2017-11-29,85.9860245030804,9.180543894596203,21.503538166103567
2017-11-30,86.60004715835043,9.246101779980023,21.657094045431126
2017-12-01,89.21962117619658,9.525788094063756,22.312201781801352
2017-12-02,89.60485268325145,9.566918437983448,22.33103940553775
2017-12-03,91.37691830608502,9.756118093724547,22.689478307465603
2017-12-04,92.22442785173278,9.846604874918041,22.8142956919497
2017-12-05,93.91944694302833,10.027578437305028,23.15250390961216
2017-12-06,97.69782219702049,10.430987480460505,23.99052153411744
2017-12-07,98.5715961412478,10.524278455305446,24.12318720533714
2017-12-08,98.66761319497019,10.534529990731377,24.05850735378068
2017-12-09,102.09659002262966,10.90063451134162,24.89460809193448
2017-12-10,127.51687400222139,11.046192628804432,27.232856396848256
2017-12-11,154.21572730035828,11.2186291623194,29.718103608463206
2017-12-12,177.58043571516632,11.270011041665024,31.74342934615009
2017-12-13,204.6825663334371,11.250579967387353,33.97395350778881
2017-12-14,234.91389046783706,11.58090786155518,36.99101816639744
2017-12-15,260.8872631353535,11.707209721509187,39.346442794126865
2017-12-16,285.6980667846857,11.678063232943535,41.37131952662306
2017-12-17,290.6894632505143,11.882089267157365,42.094112860144214
2017-12-18,300.9776616185142,12.302624948223482,43.5839246283022
2017-12-19,303.0775043225143,12.388457156164279,43.88799831154592
2017-12-20,296.92738792182854,12.1370678169732,42.99741324878297
2017-12-21,289.8955611936,11.849638090550712,41.97914961926868
2017-12-22,293.1032199209143,11.980752878511494,42.44364374635037
2017-12-23,291.3579283556571,11.909413140415344,42.19091184716048
2017-12-24,289.9230734098286,11.850762667291505,41.983133603834226
2017-12-25,276.77019032228566,11.313131446609853,40.0784930333359
2017-12-26,277.3298868994286,11.336009347369545,40.159541484911124
2017-12-27,282.9268556763428,11.56478847781734,40.97002643588128
2017-12-28,287.6842810902857,11.759250818551019,41.658938927097545
2017-12-29,290.482763976,11.873640322349488,42.06418118497367
2017-12-30,292.72155329005716,11.965152048239117,42.388375426492466
2017-12-31,295.7998859670857,12.09098056384286,42.834142127765155
2018-01-01,303.02923021097143,12.386483925706488,43.881007841795885
2018-01-02,312.62741414125713,12.778814892873212,44.328736968986775
2018-01-03,314.2684574290286,12.845893426159318,43.7013459556378
2018-01-04,321.04214599474284,13.122771615364195,43.7565951950591
2018-01-05,316.12529459108566,12.921792650945196,42.256705765540595
2018-01-06,323.45867973394286,13.22154874090977,42.39300345653713
2018-01-07,324.58337757051424,13.267521374190954,41.663292920419266
2018-01-08,327.4685627081143,13.385454879498969,41.16647585634831
2018-01-09,325.44893040685713,13.302901315217587,40.912585395288964
2018-01-10,328.04559793234284,13.40904150685006,41.23901566423101
2018-01-11,335.2585622790857,13.70387533154553,42.145766285351115
2018-01-12,345.35671176342856,14.116642661549017,43.4152170793546
2018-01-13,346.47998199428577,14.16255694067334,43.55642476187633
2018-01-14,351.3314520617143,14.360863407559105,44.16630903213103
2018-01-15,353.36460904868574,14.44396980069493,44.421899698069026
2018-01-16,358.9704379974857,14.673111095467808,45.126615351282105
2018-01-17,332.35704965469404,14.987508550515157,43.89524424843594
2018-01-18,298.71823279871245,15.06511736782069,41.856658101652265
2018-01-19,268.3877623004272,15.210783839738971,40.13268787994517
2018-01-20,241.4757876814146,15.605339144514263,39.0030418314018
2018-01-21,213.713588305659,16.040710540718205,37.880453536679106
2018-01-22,185.06704297589587,16.272001602629732,36.39349176789495
2018-01-23,154.69915555364415,16.516897905499953,34.81673848097341
2018-01-24,155.84601894981543,16.63934605693506,35.07485264323237
2018-01-25,157.32565984716908,16.797324150292642,35.4078620251165
2018-01-26,159.37805932102907,17.016454451616703,35.86977699474988
2018-01-27,160.07165990522938,17.090508702239024,36.02587939921309
2018-01-28,159.76728928532853,17.05801170226288,35.95737745919632
2018-01-29,160.5225869277885,17.138653215813033,36.12736546203132
2018-01-30,162.8325376761449,17.385281715760506,36.64724516545715
2018-01-31,157.82532547461003,16.850672380448092,35.52031724451497
2018-02-01,158.12310985875038,16.882466182121384,35.58733688007294
2018-02-02,160.05870375312188,16.93899801584235,35.77799715771584
2018-02-03,160.20759594519205,16.81370369322649,35.58112199997662
2018-02-04,163.18543288278443,16.97257743861448,35.99176916456967
2018-02-05,168.69443018175863,17.39544245165418,36.96187474490882
2018-02-06,171.78204001662976,17.557335037410077,37.38302926413705
2018-02-07,177.54586618726856,18.033580234981937,38.45319339000755
2018-02-08,175.2630750316604,17.66057384954946,37.728480915701574
2018-02-09,172.44685631121004,17.37679451565376,37.12223995918657
2018-02-10,172.43497024981838,17.375596803785758,37.11968127396268
2018-02-11,162.4961907680101,17.206883376629698,35.92998837630789
2018-02-12,153.1605947308777,17.181676701360796,34.96449290568281
2018-02-13,143.19805090688746,17.08226476119646,33.85145560166234
2018-02-14,139.64930842837202,17.711872788010574,34.21345413737845
2018-02-15,132.47946913649946,17.711872788010577,33.49402255675368
2018-02-16,127.50399567435635,18.0763827714998,33.410509750899394
2018-02-17,120.33554868609346,18.175794711664135,32.80459976809597
2018-02-18,121.54219416311282,18.358049587463746,33.1335426479665
2018-02-19,121.10341315223548,18.291774960687526,33.01392682699891
2018-02-20,119.29446128029115,18.018546158170416,32.520789571991415
2018-02-21,119.05334067349577,17.98212667367297,32.455057831968375
2018-02-22,121.78240282415398,18.394331329299128,33.19902578301947
2018-02-23,121.54463215950639,18.358417828789282,33.13420726866089
2018-02-24,121.84014403596878,18.403052712330226,33.214766579188115
2018-02-25,123.69335905276375,18.68296713553783,33.719970382835285
2018-02-26,122.1037976862581,18.442875646408833,33.28664103831158
2018-02-27,124.28422313841841,18.77221278605935,33.88104547709364
2018-02-28,122.6775942618956,18.5295433757616,33.443063369182354
2018-03-01,133.96135989730007,18.80687987780046,34.8916014655984
2018-03-02,143.81172592688182,18.945548012874884,36.11997551625992
2018-03-03,158.13479138977632,19.552221654564253,38.343506522366056
2018-03-04,163.96955728015342,19.153550563321524,38.55190450403897
2018-03-05,166.49795144805532,19.535445804152086,39.41184516600915
2018-03-06,167.724886950476,19.72076533823776,39.9250143483071
2018-03-07,169.6511865896382,20.011718653171304,40.62998224565282
2018-03-08,161.61010814863215,20.22416607120476,40.25099904838866
2018-03-09,153.10811993300993,20.28916043327174,39.557445676479524
2018-03-10,139.72431100388232,19.82435454492489,37.75033217271541
2018-03-11,133.477430071998,20.160778706861937,37.60484637648521
2018-03-12,134.98423005841056,20.38836970157303,38.02935995888315
2018-03-13,135.23536364535636,20.426301572673207,38.10011229470486
2018-03-14,133.6029960978398,20.179744526467026,37.640222328129916
2018-03-15,131.34279535058982,19.838357918455383,37.003451738266854
2018-03-16,132.59846328531881,20.028017273956298,37.357213417375384
2018-03-17,133.72856365894378,20.198710577962117,37.675598712306915
2018-03-18,134.46813324250812,20.310417094221265,37.883959036293206
2018-03-19,134.73167942444255,20.350223795999625,37.95820839574976
2018-03-20,131.67235166661598,19.88813496282362,37.0962982564376
2018-03-21,133.67414936034362,20.190491700568575,37.660268470044684
2018-03-22,134.48679742522637,20.313236180993638,37.889217331448286
2018-03-23,132.4713681383133,20.008820491907734,37.3214066635612
2018-03-24,134.37384204319864,20.296175105877182,37.85739420010498
2018-03-25,132.25979825858548,19.97686442619738,37.26180068507655
2018-03-26,131.5991611111561,19.877080070687448,37.075678144162474
2018-03-27,134.90235298935193,20.376002775797133,38.00629257886208
2018-03-28,132.65618146820046,20.036735178637343,37.37347446914439
2018-03-29,133.84533109704535,20.216347435957232,37.70849582134787
2018-03-30,137.6770339213945,20.795097810986867,38.78800863480458
2018-03-31,126.1155816758873,20.236304585327222,37.257619268585564
2018-04-01,119.89334307163371,20.820443156477854,37.72077272253925
2018-04-02,111.25900360285308,20.983808736373526,37.2746319653545
2018-04-03,102.86229108378664,21.248916287188557,36.98457284978958
2018-04-04,95.5645900276127,21.52950666975632,36.80040412240946
2018-04-05,86.6659950857554,21.652958414692016,36.27981417584615
2018-04-06,75.15556904284085,21.212583297662405,34.79418493385335
2018-04-07,79.01065702298813,22.300677978338378,36.44547798958361
2018-04-08,78.9389594166495,22.28044140151419,36.259217470246554
2018-04-09,78.29368178118136,22.098312441986472,35.962820579712044
2018-04-10,78.36537938752,22.11854901881066,35.995753609480104
2018-04-11,79.36914423310171,22.401860630569335,36.45681527147688
2018-04-12,79.22574902042446,22.361387476920953,36.39094921194074
2018-04-13,81.16158192682883,22.907774355504106,37.280139883544294
2018-04-14,78.99692021249652,22.296800777480104,36.28584073861615
2018-04-15,80.23292835071928,22.645662823534114,36.85357925721336
2018-04-16,80.74788703402355,22.791009390708926,37.09011643763866
2018-04-17,81.6904023007201,23.05703337081773,37.52304418683533
2018-04-18,82.69120863825276,23.339509946673854,37.98274691038737
2018-04-19,85.60510984587604,24.161955613376655,39.32119598996495
2018-04-20,84.51591058346409,23.854530223935516,38.82089153680164
2018-04-21,86.24072570554384,24.34135754646338,39.613154914348385
2018-04-22,86.00552390485375,24.27497207626549,39.50511911930322
2018-04-23,86.94633192919373,24.540514188947053,39.93726267686196
2018-04-24,86.71113012850363,24.47412871874917,39.829226881816794
2018-04-25,83.81030600297335,23.655374045231845,38.496784529044206
2018-04-26,80.9094810558635,22.836619139824524,37.16434179889354
2018-04-27,81.83138371260644,23.096825231635876,37.58780150958984
2018-04-28,79.87861805116427,22.54565910008088,36.690833075879674
2018-04-29,80.3114228848807,22.66781782635714,36.889634335788216
2018-04-30,81.04663555009014,22.875330857006425,37.227341294579034
2018-05-01,81.55784043631691,23.019617918755312,37.462154234583906
2018-05-02,83.41308706696226,22.161102928012035,37.93478350071826
2018-05-03,84.76057780243612,21.050676344566508,38.144362627074834
2018-05-04,84.4320486699401,19.5955378838756,37.619335108844496
2018-05-05,87.14241668316572,18.77105649264997,38.42781743761552
2018-05-06,85.41763771058724,16.931700491617057,37.264158248130784
2018-05-07,85.00697608957236,15.33490965009783,36.668872143997945
2018-05-08,83.4464612724521,13.522172011684367,35.57524273305212
2018-05-09,85.08910857809126,13.788356569815118,36.27554297025581
2018-05-10,85.33550604364794,13.828284313444916,36.38058816345302
2018-05-11,84.74797641491695,13.733077439713963,36.13011008641723
2018-05-12,85.48696013037498,13.852826854630806,36.44515670016586
2018-05-13,86.75858127842908,14.058888078024582,36.987279521393766
2018-05-14,85.60856294482916,13.872532114135884,36.49699891822116
2018-05-15,86.54668029606148,14.024550354299379,36.89694101250858
2018-05-16,88.55247645432198,14.34958176076991,37.752060380244984
2018-05-17,87.07392898822606,14.109988938508565,37.12171986973533
2018-05-18,88.85094727649225,14.397947787756697,37.87930570359996
2018-05-19,87.92012801662338,14.247112174696484,37.48247496200245
2018-05-20,87.58164873389627,14.192262933474817,37.338173065199285
2018-05-21,89.69714712646912,14.535071157078368,38.24006114612629
2018-05-22,90.1202466406678,14.603632775172331,38.42043869225984
2018-05-23,88.68170763512869,14.370523167145864,37.807154755198376
2018-05-24,90.08871523816435,14.598523234972307,38.4069960934885
2018-05-25,93.04415140119453,15.07744008245329,39.66696994113384
2018-05-26,94.26056979603439,15.274555916035458,40.18555849481843
2018-05-27,96.49908740624848,15.637298921729485,41.13989264070351
2018-05-28,96.93394618890206,15.707766083190467,41.32528344711518
2018-05-29,96.38137559266082,15.618224183665486,41.08970925033473
2018-05-30,97.97623325758968,15.87666461781294,41.76963560897641
2018-05-31,100.35088167388014,16.261467087117342,42.78200560678098
2018-06-01,99.47138238215473,16.118947673765156,42.40705380763251
2018-06-02,98.59188226884973,15.97642812727922,42.0321016582248
2018-06-03,98.50393217536127,15.962176159317254,41.994606408258115
2018-06-04,100.87858059165173,16.346978628621653,43.00697640606268
2018-06-05,106.30955514276484,17.227046769935104,45.32233208426279
2018-06-06,105.83731941893271,17.150522821641225,45.12100658469853
2018-06-07,105.31331760924797,17.06561038201294,44.897611951926386
2018-06-08,105.34289940342026,17.07040399582367,44.910223385558346
2018-06-09,106.40199681178903,17.24202658010957,45.361742201409
2018-06-10,104.8793798172978,16.995292463485963,44.7126137861052
2018-06-11,102.90935359056745,16.676057434232884,43.872744004478555
2018-06-12,99.88260842833755,16.185585242900814,42.58236940745575
2018-06-13,99.4790419685311,16.120188879718537,42.410319274381116
2018-06-14,100.48795647488804,16.28367952140673,42.84044390654924
2018-06-15,101.29508775134174,16.414471981503777,43.18454347218005
2018-06-16,103.61559325206954,16.790500803534368,44.173831036840724
2018-06-17,106.64233841429943,17.28097299486644,45.46420563386353
2018-06-18,109.06373552997887,17.67335090769259,46.496505731792844
2018-06-19,110.50562740176294,17.90700383455374,47.11121907674889
2018-06-20,112.14930250345024,18.17335494300603,47.811957488242236
2018-06-21,114.33933623821329,18.528241326697817,48.74562178652074
2018-06-22,114.5593568915192,18.56389481127653,48.83942190732018
2018-06-23,114.40095142000928,18.538225825429958,48.77188982731011
2018-06-24,116.29110368047203,18.84451759148582,49.57770740714542
2018-06-25,116.02342648234698,18.80114155059135,49.46359014977833
2018-06-26,115.09026161279189,18.649925840674232,49.0657594180953
2018-06-27,111.56497457032249,18.078666891499715,47.56284437140375
2018-06-28,110.21707140190206,17.860244465664714,46.988200681713366
2018-06-29,109.34593373323413,17.860244465664714,46.73230036059584
2018-06-30,106.56247416434641,17.541011566551635,45.65348288694752
2018-07-01,103.22597499575639,17.13776993970683,44.34348013591581
2018-07-02,101.53171446350851,17.002466908152034,43.59724235075
2018-07-03,98.39212469586411,16.608265062947744,42.23906933273986
2018-07-04,99.70647979445161,16.953583523411854,42.77666527850524
2018-07-05,97.59848088591093,16.747285588210172,41.85471979361343
2018-07-06,99.36272444689234,17.05001868912242,42.46421406155509
2018-07-07,101.6923866622457,17.449774075583743,43.32308705061853
2018-07-08,103.64142446803953,17.784216706857936,44.01476230650086
2018-07-09,103.12425227353968,17.695473210433075,43.7951280113406
2018-07-10,106.53759310208912,18.28118103238615,45.244716204582865
2018-07-11,106.6410269202962,18.298929625164124,45.288642800017115
2018-07-12,107.054765296589,18.36992452881101,45.46435049974313
2018-07-13,105.29637797321072,18.068196321445487,44.717593105404866
2018-07-14,102.91738308539325,17.65997575860963,43.7072741614776
2018-07-15,100.33151900942941,17.21625774395033,42.60910136768735
2018-07-16,98.67656550425819,16.93227812936278,41.90627056878335
2018-07-17,99.14364157401504,17.01242544580288,42.1046298859668
2018-07-18,102.55680395335295,17.598102646993404,43.5541422948432
2018-07-19,105.04975961112622,18.02587816133033,44.612858452795805
2018-07-20,105.63810976504759,18.126835348001162,44.86272082501578
2018-07-21,106.36918807593352,18.113958917946555,45.05056253045136
2018-07-22,111.85905739296746,18.87222592011839,47.21910085230838
2018-07-23,117.00156045637411,19.587041793960626,49.25444092457173
2018-07-24,117.93712865554778,19.587041793960626,49.509432838779
2018-07-25,119.27821093599253,19.63845139161139,49.92052712012027
2018-07-26,119.64988220539753,19.53563219630986,49.93067065757676
2018-07-27,121.93079066362267,19.758406764439833,50.749844696482896
2018-07-28,122.77679744239948,19.895498847330202,51.10196832662928
2018-07-29,124.18348627256007,20.123447259261557,51.68745817114176
2018-07-30,122.90853937038698,19.916847110446856,51.15680174769538
2018-07-31,123.95322216511488,20.086133863084992,51.5916180012518
2018-08-01,123.45885966017269,20.006024356629958,51.38585520570991
2018-08-02,124.59797809755295,20.19061403505437,51.631689572762085
2018-08-03,127.10497065965929,20.59686235451434,52.42746137838897
2018-08-04,133.15338526550562,21.57698423686957,54.68231761689186
2018-08-05,131.93848104182226,21.380113768789073,53.93791978804744
2018-08-06,131.5740086245058,21.321052441977674,53.59075759438609
2018-08-07,132.0599696567155,21.399800522702872,53.56771995084484
2018-08-08,132.91040146308248,21.53760966397197,53.68742931142608
2018-08-09,131.41722546934264,21.45886158324677,53.24028135969615
2018-08-10,131.44239761691867,21.655731785059768,53.43471906087501
2018-08-11,123.17840018396089,21.677345783141874,52.60861432906939
2018-08-12,116.07027054844245,21.80452659086273,52.098517062600926
2018-08-13,112.08760810895258,22.396918259612278,52.77474592746311
2018-08-14,104.56143285832322,22.29957272531765,51.80635470681883
2018-08-15,98.29507671448263,22.61267028868519,51.727679846148
2018-08-16,93.76920623783133,23.01983616595174,52.150350993717566
2018-08-17,85.66830990450289,22.768596536952895,51.00926931083104
2018-08-18,85.27808486244385,22.664884014187333,50.77691858178772
2018-08-19,84.48258100114195,22.453458033194348,50.30325369048558
2018-08-20,84.48258100114195,22.453458033194348,50.30325369048559
2018-08-21,85.4371864361831,22.707169423399932,50.87165203727074
2018-08-22,85.35763665116208,22.686026985061137,50.82428590605746
2018-08-23,84.64168257488122,22.495743442406944,50.3979871459686
2018-08-24,84.37473700773378,22.424795668107638,50.23904040894141
2018-08-25,82.95393935623477,22.04718148937933,49.39305838685765
2018-08-26,85.90918737087013,22.832616030890307,51.15269438325905
2018-08-27,89.47177504679867,23.779466990260914,53.27395712799465
2018-08-28,90.51321971733263,24.056258181138624,53.89406194540981
2018-08-29,89.42745326438073,23.767687316040686,53.24756671900663
2018-08-30,90.47310569906833,24.04559683042032,53.87017695499661
2018-08-31,91.63080989131767,24.353287033388575,54.55950589110558
2018-09-01,92.97093167996027,24.70945948910758,55.35745128424319
2018-09-02,90.54196175204756,24.06389712945924,53.6549250761929
2018-09-03,87.10790023219076,23.151205361454778,51.353939674157346
2018-09-04,84.84644540262731,22.55016452548788,49.78318790180234
2018-09-05,84.26014155655632,22.394338926335355,49.19919002026446
2018-09-06,83.92511135985784,22.305295878972476,48.73277604849994
2018-09-07,84.13551359341832,22.361215781813485,48.57775975115765
2018-09-08,84.59704120275735,22.483878828854074,48.574053059963845
2018-09-09,86.78097799627679,23.064317216973105,49.82802908772785
2018-09-10,86.51791559433397,22.994401495505567,49.676983532370585
2018-09-11,88.28684762232413,23.46454150050273,50.692671515844204
2018-09-12,91.91284029295574,24.42824399744227,52.77464929986815
2018-09-13,92.28333993777186,24.526713979391328,52.9873833287435
2018-09-14,90.62636348987712,24.08632910130275,52.035978164273914
2018-09-15,89.75243491954099,23.854059700373977,51.534184577375484
2018-09-16,87.65500675147372,23.296613244651926,50.32988019891643
2018-09-17,87.65500675147372,23.296613244651926,50.329880198916435
2018-09-18,87.74239900739818,23.3198400249843,50.38005921246053
2018-09-19,86.69368492336454,23.041116797123273,49.777907023231
2018-09-20,87.24130038174039,23.18665994421065,50.092337669426435
2018-09-21,88.52924589487834,23.52896518850584,50.83185211111432
2018-09-22,90.09764389809676,23.9458080255415,51.732397174444394
2018-09-23,91.30816454711126,24.26753558486636,52.4274556942156
2018-09-24,92.69014757799053,24.63483376182445,53.22096473561351
2018-09-25,95.33051858252591,25.336581493011757,54.737016827375214
2018-09-26,94.07576531561962,25.00309795727421,54.016560758258194
2018-09-27,93.32875493433937,24.80456038837335,53.58764124309827
2018-09-28,94.21929615829336,25.041245036994702,54.09897350779
2018-09-29,93.95213419184661,24.970239748915297,53.94557405847964
2018-09-30,95.10983838409595,25.277929951883557,54.61030634772464
2018-10-01,96.00038060989854,25.514614866772412,55.12163918765928
2018-10-02,93.15064729065774,24.287132568738834,53.13764941822431
2018-10-03,93.68497222539985,23.93160177600785,53.07641801384835
2018-10-04,94.70359678834079,23.67240059924497,53.26930682720085
2018-10-05,93.05564799825274,22.76948821642195,51.97917941750867
2018-10-06,91.12171551191943,21.808449955817277,50.538072597120596
2018-10-07,89.78610003831561,20.94563198614116,49.395536026762116
2018-10-08,88.24602629894255,20.05350840626657,48.15412131617652
2018-10-09,88.1119979903157,20.023051082277597,48.080984703638805
2018-10-10,88.56499385690901,20.125992334135884,48.32817564050618
2018-10-11,89.56974982956942,20.354318562398397,48.87645121766066
2018-10-12,89.75538736738876,20.396503849162116,48.977749971745155
2018-10-13,91.240481658852,20.73398477727857,49.78813672428654
2018-10-14,88.64156614786704,20.143393039242,48.36995963399456
2018-10-15,91.14766238901801,20.712892020063943,49.73748707389975
2018-10-16,91.61175473079352,20.818354895474915,49.99073313907734
2018-10-17,91.05484412103263,20.691799490514857,49.686837970202056
2018-10-18,89.05822596729676,20.2380770895264,48.597322704422545
2018-10-19,89.50531393264869,20.33967579767846,48.84128981575316
2018-10-20,89.2064675021253,20.27176430457189,48.67821519501524
2018-10-21,90.96656623093872,20.671738741206003,49.63866646143951
2018-10-22,89.79169836833714,20.404755359097432,48.997564170957425
2018-10-23,91.03349673089338,20.686948393127658,49.67518911916973
2018-10-24,88.33019360419787,20.07263504385309,48.20004975962154
2018-10-25,87.82065139847184,19.956843893424857,47.9220025973944
2018-10-26,87.91008241631357,19.977166685773543,47.970803345294264
2018-10-27,87.28406929881591,19.83490804999491,47.62920029675154
2018-10-28,87.46292933080215,19.875553179361198,47.72680069917311
2018-10-29,86.65805618131824,19.692649414216284,47.28759724820882
2018-10-30,86.65805618131824,19.692649414216284,47.287597248208826
2018-10-31,91.12957601609779,20.70878197401874,49.727617695840515
2018-11-01,92.65020187029236,21.054337288278173,50.557393323485705
2018-11-02,92.65296597060183,21.054965417510914,50.49795123785197
2018-11-03,94.89183813069236,21.56373894042103,51.65103727306782
2018-11-04,93.46334928742975,21.239121343141544,50.81868690526005
2018-11-05,93.19782233791123,21.178781550659316,50.61284366930489
2018-11-06,90.8751064696658,20.650954926133032,49.29082629000718
2018-11-07,87.9264165560184,19.980878544784286,47.62637473158528
2018-11-08,84.97724375134196,19.310692428643886,45.96549570773595
2018-11-09,83.54604791314053,18.9854596790676,45.1913399072692
2018-11-10,80.8625563426682,18.375648415903033,43.73979812009111
2018-11-11,82.8304504949641,18.822843418112228,44.80426227799348
2018-11-12,82.56210133791687,18.761862291795772,44.65910809927567
2018-11-13,81.84650291789184,18.599245803174856,44.27202992808465
2018-11-14,82.29375117902103,18.70088093781377,44.51395337864257
2018-11-15,82.8304494931155,18.822843190446687,44.804261736078196
2018-11-16,82.72777503852463,18.79951088728697,44.748723547341434
2018-11-17,83.02125757160074,18.866203459077088,44.907472754998494
2018-11-18,80.15057559796665,18.21385402755737,43.35467680502079
2018-11-19,78.06510349118727,17.739939969572912,42.226612926492635
2018-11-20,78.26564953814227,17.785513147279882,42.3350913620546
2018-11-21,74.88784482317051,17.017922377617943,40.50798493598682
2018-11-22,73.63387099448121,16.732962524245373,39.82969124116078
2018-11-23,72.73108317314305,16.527808094934855,39.34135944908543
2018-11-24,72.37564378846363,16.49015927177811,39.154981592243544
2018-11-25,72.13006899317257,16.565456690426053,39.16195601812802
2018-11-26,69.80565622907537,16.283090858248798,38.267841953254404
2018-11-27,68.4460366597433,16.2642665605032,37.961040170904546
2018-11-28,68.37284164871092,16.508983569523714,38.30754864828234
2018-11-29,65.8045043664243,16.18896891418971,37.276745022660485
2018-11-30,62.295902337286165,15.737183605472655,35.88587794026198
2018-12-01,59.04499743294533,15.379520354647456,34.74397150493023
2018-12-02,56.82882037917126,15.134803573292485,33.87635648426245
2018-12-03,55.605189742864084,15.043136546782028,33.404033498220535
2018-12-04,53.632827841681646,14.781766030967054,32.51848168263614
2018-12-05,52.169919498762866,14.637308146044429,31.915677253542356
2018-12-06,52.06937454098166,14.817445091847,32.09954770949313
2018-12-07,51.50367565268727,14.73739333366757,31.79044811203841
2018-12-08,50.095155269734505,14.432062650516771,30.96746092463991
2018-12-09,49.41955192767995,14.330951146626429,30.696823783167304
2018-12-10,49.36136554668728,14.314077942583113,30.66068146673097
2018-12-11,48.645184889663575,14.1063959704158,30.21582774855599
2018-12-12,48.094277295870704,13.946640782337514,29.873632955850955
2018-12-13,47.87391347326058,13.882738479440656,29.73675455111051
2018-12-14,49.63681895103722,14.393955422789487,30.831778619254273
2018-12-15,50.84881722756749,14.745417291892801,31.58460813852221
2018-12-16,50.13263696309026,14.537735433558256,31.13975466417645
2018-12-17,51.810862821628795,15.11285456597117,32.3124554459788
2018-12-18,51.70158363305382,15.151614396977056,32.348329957573675
2018-12-19,52.257308124811956,15.38726508108437,32.80323352362793
2018-12-20,51.76642638485987,15.244916517416314,32.49832363104666
2018-12-21,50.698294041321525,14.935173676044942,31.834856055001456
2018-12-22,51.59384840216269,15.083175402807685,32.21556380592097
2018-12-23,54.41451354757843,15.788792993550173,33.79104580844711
2018-12-24,53.812575339019695,15.428765663727942,33.13438884365214
2018-12-25,55.796069534342315,15.690256386949544,33.864453166922274
2018-12-26,57.27981789741147,15.805838312743886,34.28314703469389
2018-12-27,60.314737809351335,16.36930051403143,35.69589317751999
2018-12-28,62.707864807535124,16.759389712794682,36.728995403732036
2018-12-29,61.34520971620553,16.22482282220657,35.683498054851384
2018-12-30,62.06223008069173,16.22482282220657,35.82762397944469
2018-12-31,63.72798390288723,16.33047761967017,36.26168750012459
2019-01-01,64.81904816175387,16.401916790363313,36.562624250653506
2019-01-02,66.15254506451043,16.53404522014697,36.94716285074115
2019-01-03,65.95881078947217,16.48414935677777,36.783812357829014
2019-01-04,65.78741452372478,16.44000660167657,36.635283954802695
2019-01-05,68.10697502184182,17.0374046287824,37.90872348587887
2019-01-06,66.93691150954307,16.73605718196943,37.190910616804956
2019-01-07,66.06667480801087,16.67580094274143,36.93462277989946
2019-01-08,66.64637843758324,16.993738149996858,37.5077524389057
2019-01-09,66.78522548653807,17.200397220880113,37.88564643378631
2019-01-10,66.84694981723634,17.216294195075655,37.920661156760744
2019-01-11,66.78522637051152,17.200397448545658,37.885646935243116
2019-01-12,65.24212959471004,16.80297605330914,37.01028537982072
2019-01-13,64.844580994665,16.7393888395236,36.808675737692305
2019-01-14,65.56683129596895,16.969434853296857,37.24552468278772
2019-01-15,63.515882565464835,16.48036760444537,36.10619658814148
2019-01-16,61.36585914900944,16.0874325863964,35.11588585993082
2019-01-17,59.349955672128786,15.72178578797983,34.191311714695125
2019-01-18,58.487238556279,15.666438928518,33.93988078937081
2019-01-19,57.94203536234989,15.686822052235541,33.85994583810018
2019-01-20,59.04789068889405,16.1226476649,34.73409213709424
2019-01-21,58.61433150699576,16.14830579924554,34.71967121019813
2019-01-22,57.69709965780891,16.115010396599313,34.53210966903834
2019-01-23,58.106104677759454,16.331431082963658,34.93559488706147
2019-01-24,59.79332149640278,16.91410188143314,36.118449829373624
2019-01-25,59.443330009791374,16.914101881433144,36.06079030070645
2019-01-26,60.08197001533262,17.19711337308994,36.60552303496401
2019-01-27,58.53561399548853,16.864158663631027,35.8336858429526
2019-01-28,57.80118061852239,16.76150153837023,35.553263701447655
2019-01-29,58.33432120278791,16.99922784923177,36.00200251456239
2019-01-30,57.401228133264674,16.806074353681886,35.54059275643289
2019-01-31,56.59020720366435,16.659137418663082,35.16999042472563
2019-02-01,57.32130650744723,16.961100928435027,35.75042209603606
2019-02-02,56.59673168883558,16.832969394921772,35.42389056326878
2019-02-03,56.28985663417562,16.822548687694113,35.3493197570155
2019-02-04,56.083596840055826,16.846428981815485,35.34408393851258
2019-02-05,56.13836589987819,16.86288054927343,35.37859959650641
2019-02-06,57.67190184867452,17.323525121092455,36.34503945327167
2019-02-07,58.7125155011462,17.636105358124457,37.00083791044646
2019-02-08,58.98636155818141,17.718363423079715,37.17341667806162
2019-02-09,59.31497591711559,17.81707282782737,37.38051062602459
2019-02-10,59.52914763416499,17.881405873931314,37.51548241048836
2019-02-11,59.756760364567064,17.94977634077228,37.65892476978902
2019-02-12,59.013770341641,17.726596492106054,37.19068979173175
2019-02-13,58.767062489416055,17.65249021957834,37.03521361815116
2019-02-14,57.287531613667554,17.208067728350056,36.10280795217348
2019-02-15,55.61114074896191,16.70451229968223,35.04634041488467
2019-02-16,55.95991814377185,16.809278290866512,35.266141180395024
2019-02-17,57.2656018583757,17.201480453533026,36.08898774171164
2019-02-18,57.83654554612564,17.372980906967314,36.44879850209399
2019-02-19,59.435186355978715,17.85318172125223,37.4562676758725
2019-02-20,58.122016632077234,17.458730906018918,36.628703404639126
2019-02-21,57.109496607826976,17.08143013612903,35.88428441223432
2019-02-22,59.43935995755761,17.681681040152398,37.20782736990871
2019-02-23,59.33237588446514,17.56163095041394,37.01263662943078
2019-02-24,58.36012307175275,17.185323940618627,36.27745960475303
2019-02-25,57.982075181122795,16.983701742205543,35.9112258006372
2019-02-26,58.613284674381426,17.0741559943692,36.16491940981251
2019-02-27,59.54411215329198,17.266926328810456,36.62533357625182
2019-02-28,61.39259708371315,17.8029600684912,37.76232890188633
2019-03-01,61.40892073691767,17.807693690458287,37.77236951248875
2019-03-02,60.77166940246592,17.62290007364211,37.34243501597613
2019-03-03,61.69732581222596,17.780522718580453,37.697295292683464
2019-03-04,61.70042426837303,17.677447371717427,37.49791707377655
2019-03-05,60.989523361628294,17.471296450325827,37.01779174611945
2019-03-06,60.219380123835094,17.24796611473577,36.50726641747503
2019-03-07,60.11708040185887,17.110532167141372,36.23571209511472
2019-03-08,59.169211741106245,16.83566404428703,35.610691712148956
2019-03-09,59.88582823683752,16.9387396188156,35.88669009875448
2019-03-10,58.91047230118007,16.76670483435223,35.46214961327708
2019-03-11,58.844038824288745,16.851413946541886,35.581750673207935
2019-03-12,58.48446624023388,16.747143127913315,35.362324727414666
2019-03-13,58.89526692621486,16.866269350878856,35.61301216314015
2019-03-14,59.28930798401503,17.088304041864514,36.01945825370421
2019-03-15,60.09981765386676,17.207279777906226,36.335307398190096
2019-03-16,61.64138400111825,17.63539845661389,37.246904252884214
2019-03-17,62.61234593589652,17.806212953767545,37.66884636989818
2019-03-18,64.15854692491307,18.132459953337257,38.42429776044212
2019-03-19,66.44930888169742,18.66475747379417,39.61892229684413
2019-03-20,68.4100004936929,19.111200724380858,40.62731287408566
2019-03-21,68.07351428919968,18.905149975828117,40.25490153223063
2019-03-22,68.56814516466082,19.042517217418457,40.54739880366427
2019-03-23,67.4552267195936,18.73344120842211,39.889280548901375
2019-03-24,68.16103688432365,18.929456459845714,40.30665754167643
2019-03-25,67.82524340221077,18.83620101084274,40.108087896804086
2019-03-26,65.77580433319191,18.26703760903097,38.89616327705885
2019-03-27,65.50500189505297,18.19183125660017,38.7360257317037
2019-03-28,66.15214558983574,18.371553851114744,39.11871062733009
2019-03-29,65.75136106374893,18.2602493055396,38.881708882940565
2019-03-30,65.81991075656923,18.279286698233314,38.92224537005099
2019-03-31,65.12082111781072,18.085137848930056,38.50884252366832
2019-04-01,64.34093104945238,17.868549373060628,38.04765878377271
2019-04-02,65.83572014219514,17.937336204764847,38.69036003559494
2019-04-03,65.38078447393018,17.49774185970742,38.20315002142239
2019-04-04,65.52856936247245,17.080608384940938,37.8266531070213
2019-04-05,67.04760577937225,16.930600967749115,38.16330376432186
2019-04-06,67.75549581859966,16.624070363236218,38.08780143607097
2019-04-07,68.62440427517416,16.353941169485726,38.09934937795132
2019-04-08,70.17990599874634,16.24909971729245,38.49197476050477
2019-04-09,69.90691733537508,15.857533902584775,37.785647128817665
2019-04-10,72.26979915403317,15.957649223007325,38.33717543835072
2019-04-11,75.13001816878042,16.232345551972646,39.338623325401336
2019-04-12,76.07641620323614,16.126603743268184,39.35017298583467
2019-04-13,77.08034138450799,16.067741942842098,39.44581335138382
2019-04-14,76.88849181920575,15.766074840958868,38.93804485985338
2019-04-15,78.0357433417885,15.71844303552487,39.07805189530639
2019-04-16,79.64667742674351,15.924846726379853,39.75117440744187
2019-04-17,79.03942731053107,15.76607444127936,39.44183364383252
2019-04-18,78.40265433898348,15.639056693134867,39.12407459031617
2019-04-19,78.48225020904047,15.654933761773114,39.16379409705285
2019-04-20,78.16386372326669,15.591424887700867,39.004914570294666
2019-04-21,81.27652319303961,16.21231021772722,40.5581773047822
2019-04-22,80.33423749033103,16.024351536353056,40.08796291690237
2019-04-23,77.96817564021187,15.552390788015503,38.907263346335206
2019-04-24,79.87692766363172,15.933131483073273,39.85975860517957
2019-04-25,79.32814304793034,15.82366486118868,39.585907031916655
2019-04-26,79.17335843984294,15.792789818991293,39.508667241972034
2019-04-27,79.58272079401202,15.874445741470717,39.71294506156894
2019-04-28,79.65235929075409,15.888336602791115,39.747695692958466
2019-04-29,81.94622091724052,16.34589549955656,40.89236629284013
2019-04-30,83.84458877983843,16.72456485556116,41.83967970311087
2019-05-01,84.47737739947199,16.85078784100286,42.15545050657635
2019-05-02,87.7204234581817,17.49768151569048,43.6596056367305
2019-05-03,87.79952241132914,17.513459463810598,43.604760824034095
2019-05-04,87.7343992462633,17.500469280262767,43.48776546449215
2019-05-05,85.60580356800116,17.075876149204046,42.341121233211545
2019-05-06,85.31301231046454,17.01747278117429,42.09616907230822
2019-05-07,84.83679559683505,16.92248135205163,41.775395385865416
2019-05-08,83.9946616939224,16.754500051394142,41.25565858126585
2019-05-09,81.957352457124,16.34811591906643,40.25499338894571
2019-05-10,80.36506036460479,16.030499806233415,39.472907270544496
2019-05-11,80.44159959455875,16.04576716378133,39.510501044665055
2019-05-12,82.86152383138983,16.528471896828552,40.699095249271004
2019-05-13,84.19665441026736,16.794791742653228,41.35487134518884
2019-05-14,86.2827957519169,17.210916464284338,42.379521402795824
2019-05-15,86.03245883099291,17.160981505682194,42.25656341556611
2019-05-16,85.69867693765995,17.09440169410584,42.09261976064514
2019-05-17,87.86826325171843,17.52717126871116,43.15825548594337
2019-05-18,89.79057930344199,17.910617594202204,44.10243947473289
2019-05-19,90.21280539373777,17.99483945912666,44.3098242665048
2019-05-20,89.71706765998138,17.895954152391734,44.0663327602918
2019-05-21,89.80520428942158,17.913534854935268,44.10962282920044
2019-05-22,91.31234626320106,18.21416598753228,44.84988576317498
2019-05-23,99.44692427823536,18.414872047152823,45.54653588363244
2019-05-24,106.6285932239126,18.44909780251032,46.01806233313443
2019-05-25,111.95948368215072,18.23295751914703,45.840193122089936
2019-05-26,119.68633261531987,18.26625961516022,46.33981774453663
2019-05-27,127.83872303461752,18.366166302879293,47.00850914766393
2019-05-28,137.52037664691298,18.549328430471093,48.0914372770275
2019-05-29,147.40247983199552,18.665886166196763,49.04889273222859
2019-05-30,149.12948546404823,18.716065129138887,49.59042183501417
2019-05-31,147.17015702063418,18.33602127530431,48.76895354126786
2019-06-01,152.0708755971891,18.802335351544766,50.2101897478954
2019-06-02,150.69264465711302,18.48184634240414,49.52497192749785
2019-06-03,147.22786331922424,17.905739705639846,48.15749169423558
2019-06-04,148.23318423652069,18.028006063786442,48.439776992155394
2019-06-05,148.78336978725613,18.094919208072945,48.57111960566626
2019-06-06,149.3238640309498,18.322492323778924,48.90816505261291
2019-06-07,154.23022689236453,19.082069840555384,50.6765490408016
2019-06-08,149.06631434957123,18.581860344071263,49.11112635856945
2019-06-09,150.2576562062646,18.878280853045478,49.691250966048536
2019-06-10,154.71550430292487,19.582279536879263,51.34805006197815
2019-06-11,144.53807498460478,19.37849054936935,50.197432389988805
2019-06-12,132.3321385193988,18.84122836436361,48.20478810501198
2019-06-13,123.77143232205829,18.73007049863849,47.496316466170654
2019-06-14,116.63724342735767,18.91362990766181,47.50679804863287
2019-06-15,112.26794762217806,19.30297630205839,48.11570668295979
2019-06-16,103.11398361683977,18.97179566622372,46.89620930721013
2019-06-17,92.79822900951879,18.51055652054335,45.33042507415989
2019-06-18,94.55372724952426,18.860727528548278,46.18795740301742
2019-06-19,98.71526410465393,19.69083349060603,48.220800449897766
2019-06-20,97.97497612753334,19.543167499689723,47.85918181731887
2019-06-21,101.28078297149325,18.879842800564973,46.42054192776436
2019-06-22,107.95888415852755,18.78783577833281,46.58438363977278
2019-06-23,121.82839185486992,19.726307445068795,49.382159569887044
2019-06-24,136.33971011780892,20.535969200743853,52.108759718453236
2019-06-25,143.39309173298696,20.223145245218603,51.956235211779365
2019-06-26,152.02972369328072,20.002328311925517,52.108871693130865
2019-06-27,161.56082911576286,20.12729950114637,53.048597181555074
2019-06-28,169.0712008139933,20.89199611306862,55.46904032571655
2019-06-29,177.11776989732564,21.7262478507489,57.905936236226424
2019-06-30,175.88427708844716,21.390910747864844,57.26922439247013
2019-07-01,172.27394423628647,20.951824838145814,56.09367325359303
2019-07-02,175.78447653117095,21.37877308070879,57.10190933307285
2019-07-03,178.68867324085605,21.73197925490182,57.90077203750402
2019-07-04,182.93252774634826,22.248113581725455,59.14010368362615
2019-07-05,187.1453232575926,22.760470537513584,60.35054998955062
2019-07-06,187.79344520154885,22.839294630754903,60.40969831758326
2019-07-07,187.95547548214307,22.859000629085266,60.331903752794915
2019-07-08,193.6265451618941,23.54871176968639,62.026561097066825
2019-07-09,195.03110445779672,23.719533192931785,62.47649931658581
2019-07-10,191.03902301301943,23.23401931245857,61.19767112992416
2019-07-11,187.85709461437222,22.847035623476916,60.17836834754913
2019-07-12,187.58879630208853,22.814405388717635,60.092421342477145
2019-07-13,184.8456653385768,22.480787906919204,59.213683459903976
2019-07-14,186.89367589855257,22.72986537890436,59.869745633711624
2019-07-15,185.0760181766161,22.508803242232766,59.287474965973466
2019-07-16,188.05592180096505,22.87121683326475,60.24206088839702
2019-07-17,188.79629973696163,22.961261029430315,60.47923444971639
2019-07-18,187.3155438649685,22.781172637099182,60.00488732707766
2019-07-19,178.80120253048548,21.745664980714444,57.27739295101974
2019-07-20,185.4646023112954,22.55606254636478,59.41195447652241
2019-07-21,184.67045730498165,22.6461069423701,59.396111624861796
2019-07-22,185.26437636248437,22.91623943094692,59.83933221397225
2019-07-23,180.18936707135612,22.477520626856514,58.4417629092737
2019-07-24,171.17129686297716,22.595197665045937,58.06852677040836
2019-07-25,165.6088513413974,23.229252434879722,59.00134757366819
2019-07-26,162.39731323161286,24.289015341681257,60.976829108079514
2019-07-27,146.69403405453588,23.7072238634268,58.69731922118053
2019-07-28,140.28913106819743,24.270617794142083,59.57416196549156
2019-07-29,131.5254826514568,24.474710837838135,59.5543058997555
2019-07-30,122.55136340247704,24.445444305822996,59.021277743944935
2019-07-31,126.14261296523185,25.16179448534992,60.750839390640465
2019-08-01,125.24480132592957,24.982707090347997,60.31844934083761
2019-08-02,125.58148106636115,25.049864938413627,60.391695377004105
2019-08-03,127.93823774660923,25.519969575113375,61.43571523424463
2019-08-04,127.04042610730698,25.34088218011146,60.915476845075425
2019-08-05,125.79520643175442,25.092496953035152,60.233235880394446
2019-08-06,129.87504103012878,25.90630568337127,62.10428149235996
2019-08-07,129.70572009966358,25.872531066259075,61.933576945869596
2019-08-08,131.42341859168923,26.215162120334803,62.6780793892846
2019-08-09,130.7326154237879,26.077366914321807,62.34862352621191
2019-08-10,130.09019853810716,25.949223368921544,62.04224390990613
2019-08-11,130.3697844291417,26.00499264915006,62.17558321017827
2019-08-12,129.29590591177234,25.790785016050467,61.66343215150552
2019-08-13,128.79861330897634,25.69158955801689,61.426264791443245
2019-08-14,128.6742904087395,25.666790743468443,61.36697307087736
2019-08-15,130.53913391229221,26.038772961695255,62.256348879365575
2019-08-16,130.53913391229221,26.038772961695255,62.25634887936558
2019-08-17,127.67970420129889,25.468399627561542,60.892637872954026
2019-08-18,124.37232393330217,24.808673143132584,59.315291573265235
2019-08-19,128.504126923595,25.63284806112289,61.28581919019663
2019-08-20,128.3842792810901,25.608941930756828,61.22866179669676
2019-08-21,126.7306179502392,25.27908443393528,60.44000238356675
2019-08-22,125.08929087852572,24.95168726424863,59.65722538988455
2019-08-23,126.21267223838927,25.17576927936711,60.19298520204351
2019-08-24,130.5857198725642,26.048065510269538,62.27856652175871
2019-08-25,134.5241245047958,26.8336630623329,64.15685914914094
2019-08-26,131.22758574151055,26.176099143804944,62.584683348745855
2019-08-27,128.94536609677337,25.720862484904178,61.49625370957296
2019-08-28,130.84721538328412,26.10022628405492,62.403278209800895
2019-08-29,133.89017374077696,26.707208262776227,63.8545171712662
2019-08-30,134.777702906891,26.884244602460033,64.2777950324732
2019-08-31,135.53844312241958,27.035990222040205,64.64060507146374
2019-09-01,134.9108876589899,26.91081109955502,64.34131312198076
2019-09-02,137.52412710044774,27.43207661182958,65.3134802520642
2019-09-03,142.40270553852227,28.405211583065068,67.3384292075133
2019-09-04,141.497363504158,28.22462209255006,66.65644206178197
2019-09-05,142.7063593395911,28.465781713630665,66.92946442806733
2019-09-06,143.61048412789665,28.646128398844212,67.06996723888452
2019-09-07,142.68093242192006,28.460709780666892,66.35067677590261
2019-09-08,147.39479041833735,29.400987798941863,68.2731502201883
2019-09-09,146.9924379988785,29.320730155223174,68.08678089806229
2019-09-10,149.4065460036158,29.802274718576886,69.20499381445777
2019-09-11,155.84416968722874,31.08639402047955,72.18689600764185
2019-09-12,154.90534887793095,30.89912648489558,71.7520349520977
2019-09-13,154.1805915579316,30.754558409850205,71.41632793530925
2019-09-14,157.00988716556915,31.318920863934636,72.7268554206384
2019-09-15,155.03366314302207,30.924721461025108,71.81147001809354
2019-09-16,159.5837815075693,31.83233816945901,73.91908124194129
2019-09-17,157.08501729545603,31.333907146868153,72.7616556373168
2019-09-18,158.16717058140316,31.54976535641827,73.26290818255974
2019-09-19,158.88721921294493,31.6933941846185,73.59643413858278
2019-09-20,160.77615667459574,32.07018244901601,74.47138847523063
2019-09-21,162.4046430527005,32.39501827257198,75.22570207619523
2019-09-22,165.2174847997246,32.9560986584519,76.52860814631575
2019-09-23,157.96331342479874,31.509101763376457,73.16848170902689
2019-09-24,159.29571196252226,31.7748766461912,73.78564765675797
2019-09-25,156.63091338430232,31.243326580802083,72.55131506521259
2019-09-26,160.30648904531674,31.976497372367106,74.25383880121356
2019-09-27,158.92219274600163,31.700370390600856,73.61263385140391
2019-09-28,159.6066316706206,31.836896114574753,73.92966541937474
2019-09-29,156.63713586600656,31.24456778551595,72.55419731381129
2019-09-30,159.28017657296323,31.997692576546406,74.03980919895692
2019-10-01,157.50931983856375,31.8929642551558,73.50704302674794
2019-10-02,156.63728061539808,31.976213000396765,73.40066062527161
2019-10-03,151.6568334582284,31.530845827440903,71.92800547065825
2019-10-04,151.29212675127857,32.00618506666441,72.59335763801911
2019-10-05,148.17994299807964,31.97449567746831,72.0485100794295
2019-10-06,147.08801789401923,32.386456637898995,72.43387812811535
2019-10-07,147.71711606977968,33.178688669964885,73.8119355518452
2019-10-08,147.30417012691322,33.78078536605293,74.74206149543997
2019-10-09,143.0205762768638,33.463892673130424,73.66052895552356
2019-10-10,143.6637447841197,33.98547643021368,74.54574686256122
2019-10-11,143.73182219347223,34.36686820319091,75.12610840456612
2019-10-12,139.2099193430266,33.6566420130142,73.31404482111779
2019-10-13,137.51440968072424,33.52237237994631,72.89652583342998
2019-10-14,135.2559768460081,32.97182624695394,71.69932833346478
2019-10-15,134.4730146660276,32.78096079643381,71.2842793003339
2019-10-16,135.48468541154554,33.027579340162355,71.82056697234442
2019-10-17,134.11444902842553,32.69355198702788,71.0942032979344
2019-10-18,134.64454588523662,32.82277556638018,71.37520817085257
2019-10-19,135.83726299328535,33.11352842008309,72.00746870035428
2019-10-20,135.54875781660866,33.24275209935527,72.1751483920144
2019-10-21,138.72933731792278,34.018093175789545,73.8611767603951
2019-10-22,139.90216313301013,34.5349871934391,74.85401756764199
2019-10-23,142.37332909413132,35.368092450449055,76.53464430676345
2019-10-24,140.26150646501637,35.04462133257509,75.72257755038656
2019-10-25,137.49236739608,34.568106935676504,74.57362356963343
2019-10-26,137.37583369592488,34.74110471376595,74.83544107281782
2019-10-27,134.20818137197256,33.934801664841174,73.10145667332246
2019-10-28,131.03722716779663,33.3545809270554,71.73025459390908
2019-10-29,127.35500567109787,32.417298007097784,69.71459315831456
2019-10-30,123.83327170338084,31.520866029951627,67.78678317960613
2019-10-31,124.4786752375936,31.48686299600028,67.82149971005136
2019-11-01,124.17718033113229,31.214838124870255,67.34270755545558
2019-11-02,124.16646220825153,31.010819721322427,66.908313348545
2019-11-03,128.05331377266825,31.792890901081655,68.59467110068162
2019-11-04,128.56513177389326,31.72488463333921,68.45271100224636
2019-11-05,130.8843721488006,32.098918706243154,69.2617649244054
2019-11-06,131.3961901500256,32.03091243850071,69.11980482597014
2019-11-07,132.8960874747263,32.12568374413403,69.34004007751159
2019-11-08,132.3305802062529,31.748854612506765,68.5330843988213
2019-11-09,133.40309308891958,31.741459742239176,68.6361677461436
2019-11-10,137.35037640307203,32.293041444838266,70.09870902535636
2019-11-11,139.6625977927599,32.57478582217761,70.82965772457302
2019-11-12,138.10501630378948,31.943046395736978,69.58203129743929
2019-11-13,138.55735975919978,31.719344076151636,69.32504669111951
2019-11-14,142.26087726278135,32.474944482058184,71.11163044237414
2019-11-15,146.77166026450257,33.422656838952214,73.30737961757335
2019-11-16,147.3206509057688,33.54901831334363,73.58255076044752
2019-11-17,145.26041379529906,33.16993359040975,72.61839224325838
2019-11-18,143.75068822947992,32.82243923607372,71.86167094758267
2019-11-19,145.3976627579527,33.201524258767236,72.68718568174867
2019-11-20,146.02230871059479,33.422656938872095,73.05598239268416
2019-11-21,140.26618267694673,32.437548868518206,70.6557276891264
2019-11-22,135.6339897530849,31.699213418343422,68.80467950879232
2019-11-23,138.1865554775702,32.59777438831186,70.61562806007387
2019-11-24,134.36453269810676,31.95358134806366,69.10239471633238
2019-11-25,130.97198354833336,31.558337782437984,68.04105755655418
2019-11-26,126.2389697108664,30.84530384371356,66.29249921582354
2019-11-27,124.34400940650916,30.837950739954614,66.05338084812142
2019-11-28,126.40259081106841,31.73602779795806,67.7458435695396
2019-11-29,125.57503767322184,31.86490525485593,67.82309114743268
2019-11-30,118.10658416475064,30.35059723462333,64.37974552632903
2019-12-01,117.77778988556993,30.608351848659446,64.72985888703805
2019-12-02,118.48815793057739,31.2527383337898,65.62803616151412
2019-12-03,121.06048182520382,32.41263344747313,67.58072572327863
2019-12-04,122.50714947678289,33.31477404704021,68.95559987456105
2019-12-05,119.09956783239134,32.72860208137181,67.35147500467882
2019-12-06,118.89048516406595,32.98386339471358,67.52153365503078
2019-12-07,121.03507275485832,33.88111721284924,69.01818378261798
2019-12-08,120.7989094683317,34.13566010227435,69.1791264804858
2019-12-09,121.01557964292041,34.19688730595204,69.30320916863582
2019-12-10,119.75002459925544,33.83926357407066,68.5784510328294
2019-12-11,115.64758961902892,32.6799871642666,66.229068330418
2019-12-12,114.18873281319281,32.26773973354814,65.3936101302402
2019-12-13,114.98092510578738,32.491599426939985,65.84728285830926
2019-12-14,114.52824521011492,32.36368000182416,65.58804210940077
2019-12-15,111.81216053214926,31.596161952331027,64.03259457849444
2019-12-16,112.83069206538926,31.88398115844103,64.61588727602367
2019-12-17,112.03850154077168,31.66012196464857,64.16221556043976
2019-12-18,112.2648414886079,31.724081677206488,64.29183593489401
2019-12-19,115.00299759108486,32.49783672543087,65.85992333046961
2019-12-20,115.55405055421078,32.653554659726865,66.17550037335282
2019-12-21,118.49429066766676,33.48441511677692,67.85931725205646
2019-12-22,123.69352021772751,34.95362649869839,70.83681233233301
2019-12-23,122.19931448032465,34.531390077861964,69.98111050397539
2019-12-24,120.46741555416584,34.04198571705232,68.98928652649512
2019-12-25,119.86911093131074,33.87291528973397,68.64664940037768
2019-12-26,121.08405233023767,34.21623649040113,69.34242211117997
2019-12-27,119.83224401471634,33.86249734358343,68.62553645244415
2019-12-28,116.75962132159371,32.994227883729856,66.86590671033903
2019-12-29,115.16641134895863,32.544014596732566,65.95350713080651
2019-12-30,117.7838287681028,33.28365100370775,67.4524498902084
2019-12-31,120.05984453013319,33.92681327050335,68.7558787288136
2020-01-01,125.42170603865091,35.44198160087816,71.82650988849171
2020-01-02,123.51644211943697,34.90358732366438,70.73540323673373
2020-01-03,127.51043469616697,36.03221980594689,73.02268313722125
2020-01-04,130.92795292249428,36.99795071428609,74.97982767328548
2020-01-05,133.0563001759631,37.59938444198929,76.19868970184305
2020-01-06,129.50047956679396,36.88753075685367,74.67199614908908
2020-01-07,132.99180666742768,38.25605058042111,77.33584737594359
2020-01-08,130.28418529522426,37.490924113187404,75.78524661147203
2020-01-09,132.22454992203816,38.03923723676538,76.89645473849414
2020-01-10,129.7990941385208,37.353845832292905,75.5074445797165
2020-01-11,129.19272895505756,37.182497631455206,75.16019133128248
2020-01-12,127.73745513135175,36.771262688851834,74.32678503351885
2020-01-13,129.74435818776018,37.045419350560714,74.96644439232286
2020-01-14,127.36225099911589,35.99034568359348,72.93782128899959
2020-01-15,129.75104671934452,36.66537759504355,74.30583696060681
2020-01-16,131.3596653184764,37.1199450905271,75.22706075325519
2020-01-17,133.93846587741987,37.84866904787976,76.70388840691761
2020-01-18,131.31310599852924,37.1067882406242,75.20039715920747
2020-01-19,132.480581458918,37.43669639682345,75.8689870735748
2020-01-20,134.8779681328462,38.114155961608574,77.24192261304496
2020-01-21,137.13689816542472,38.75249009994064,78.53556679511668
2020-01-22,137.7862212997443,38.93597746673254,78.90742120533864
2020-01-23,137.78622129974434,38.93597746673254,78.90742120533864
2020-01-24,136.87716997248305,38.67909545298351,78.386825638519
2020-01-25,141.03283414257916,39.85341350133302,80.76669163647213
2020-01-26,140.12378281531792,39.596531487583995,80.2460960696525
2020-01-27,137.13690028699708,38.7524906994599,78.53556801009888
2020-01-28,136.24183188960282,38.499560017252485,78.02298018836647
2020-01-29,137.73117922628822,38.92042353897697,78.87589970751945
2020-01-30,138.28722919952614,39.07755354097674,79.19433843844344
2020-01-31,138.12121510112283,39.03064085889854,79.09926547494125
2020-02-01,137.34831073009576,38.81223159496509,78.65663855491414
2020-02-02,138.2151498391872,39.0571851737808,79.15306002618402
2020-02-03,141.57972316634195,40.007954779155774,81.07988407431937
2020-02-04,140.5477974395664,39.7163506080996,80.48892078925937
2020-02-05,141.96229823140396,39.67794040812712,80.66407085011782
2020-02-06,140.42424502005707,38.8713219121502,79.24418705710556
2020-02-07,141.10001765595248,38.679269913089,79.0761446707252
2020-02-08,140.82430645648614,38.218345215262,78.36320646632522
2020-02-09,144.47447947402566,38.60244921338439,79.51198077004497
2020-02-10,142.76713391750843,37.60377881826616,77.78339415497994
2020-02-11,147.23747068428221,38.2385742941492,79.4293901566529
2020-02-12,145.61423302664977,37.6140380916518,78.25623400153935
2020-02-13,147.33556841783687,37.872741145161754,78.90879955186111
2020-02-14,147.56407628833895,37.74613866402667,78.75954330971119
2020-02-15,148.85438708278843,37.88981045777407,79.17505581516619
2020-02-16,148.25778032126735,37.49573675406998,78.47881656868879
2020-02-17,154.71487471167362,38.87154603243463,81.49438752404659
2020-02-18,156.06039437949806,38.958180862472204,81.80981073835692
2020-02-19,156.8535636125875,38.91957032314605,81.85545615548472
2020-02-20,155.42260660530832,38.34041023485615,80.75812300241765
2020-02-21,159.3366170017548,39.07401298005006,82.42904277806927
2020-02-22,161.23849881768933,39.305677215205776,83.04572951560533
2020-02-23,161.23849881768933,39.305677215205776,83.04572951560533
2020-02-24,158.70429774999738,38.68790608799033,81.7404917594311
2020-02-25,157.69911266454577,38.442868576477814,81.22277217427221
2020-02-26,155.91643304658896,38.22960638525575,80.65081012323836
2020-02-27,158.17169528604728,39.01858742419892,82.18658794727251
2020-02-28,157.6542353893837,39.14955210741043,82.3222798588517
2020-02-29,154.4892939143947,38.78140131687265,81.30493982464984
2020-03-01,157.81787016286262,40.10647427922047,83.79959679699822
2020-03-02,157.22037586560123,40.393219146811425,84.14870134252612
2020-03-03,156.78607388776663,40.73135400625549,84.59949134198189
2020-03-04,158.96635455507075,41.92367861566491,86.68620502414198
2020-03-05,158.9400693244178,42.53907194956399,87.57705078600448
2020-03-06,156.16278186550412,42.42368577439782,86.96024073431597
2020-03-07,157.2555205917253,43.11600362475385,88.14182128313364
2020-03-08,152.9411756653903,42.38522381592897,86.37881569052786
2020-03-09,152.40002525738328,42.64342517173579,86.66468546827288
2020-03-10,149.2844851272916,42.185185820607,85.49224760098103
2020-03-11,142.76988189284606,40.65405329146109,82.30038204237003
2020-03-12,141.16022374429338,40.592274829821214,82.06239982990971
2020-03-13,137.09652660092829,39.76934471366035,80.3012916633016
2020-03-14,132.37644445683594,38.99281888724279,78.37882274994351
2020-03-15,126.22601200047468,37.80784508343514,75.58012405639
2020-03-16,119.74675150644562,36.7108287490788,72.81199520932454
2020-03-17,115.31649120138668,36.340842929997294,71.05864966485096
2020-03-18,110.61296949862253,35.55976155654104,68.33572578051428
2020-03-19,101.61385704387739,33.75094119722802,63.15007650051596
2020-03-20,96.20557394419974,33.093188629972026,60.17012823796233
2020-03-21,92.20623253144312,32.92875048815802,57.93599517079881
2020-03-22,89.61087515293204,33.257627071545656,56.60566716745461
2020-03-23,85.80235515703632,32.969860123531404,54.297379269901704
2020-03-24,83.6416998429514,33.339845942612904,53.28180622549583
2020-03-25,80.9198944402252,33.0109696589849,51.91432554383188
2020-03-26,82.40518205318538,34.232382243589015,53.15457696882782
2020-03-27,83.66742532358967,35.107009904984814,54.11928378151081
2020-03-28,82.59279020067824,34.673953660251975,53.43276958767907
2020-03-29,82.7802757544088,34.670401808379175,53.51712708817595
2020-03-30,85.05095721659453,35.145285013283406,54.77689798420237
2020-03-31,86.8978928588625,35.21260183387356,55.6430983563704
2020-04-01,92.02107621092787,36.71698850974502,58.659538444527435
2020-04-02,93.66730518557058,36.18256751735524,59.06161524637799
2020-04-03,93.55215266088365,35.21467279221935,58.5339643391204
2020-04-04,97.45359468305789,35.76881770148253,60.57493435591363
2020-04-05,102.17223088048945,36.368449026379096,63.2157865881904
2020-04-06,102.09338007608152,35.54401069556128,63.19727158934791
2020-04-07,105.0943300616015,35.63454594100662,65.08050393924181
2020-04-08,106.66828207961579,35.30148221137289,66.06666823590699
2020-04-09,108.88821538955578,35.63006236284044,67.78612371051578
2020-04-10,114.0339859686427,36.97310179308126,71.27387727138418
2020-04-11,116.03556339993989,37.34451131231098,72.82742673620506
2020-04-12,115.18853240741349,36.90665488253036,72.49001776241892
2020-04-13,120.88770012329142,38.6639160894327,76.00625458100963
2020-04-14,121.89506680306286,38.98610553251293,76.63962065746773
2020-04-15,124.98498412477714,39.97436408924123,78.58235794462735
2020-04-16,124.98498412477714,39.97436408924121,78.58235794462735
2020-04-17,121.02767521056,38.708684788177436,76.09426173233341
2020-04-18,120.91775047220573,38.67352719269379,76.02514826884965
2020-04-19,120.80782543330285,38.638369501084696,75.95603461640066
2020-04-20,119.70857294043428,38.28679191211557,75.26489676915428
2020-04-21,118.63246238701713,37.94261588678098,74.58830905512782
2020-04-22,115.67212267474285,36.99580056880525,72.72704166739594
2020-04-23,115.41131866058588,36.99576634814455,72.64835784177339
2020-04-24,118.35325160740864,38.02124852468403,74.58454619380522
2020-04-25,116.9484776433064,37.65181149971763,73.78300520348309
2020-04-26,116.32063361192274,37.531449745969475,73.47054743481196
2020-04-27,115.43183695016273,37.24718294698324,72.91173040648248
2020-04-28,116.39945548026559,37.55665960686114,73.5201054542441
2020-04-29,118.06845068682559,38.09045990709257,74.56946013991443
2020-04-30,118.06598331794036,37.82355990116503,74.20398821867823
2020-05-01,118.84510698924485,37.70917445898308,74.30940648606752
2020-05-02,121.4410623080869,36.91188573869113,75.36478665387315
2020-05-03,126.42766173776265,36.66946818555035,77.85574128048408
2020-05-04,129.43187640794562,35.97803623937037,79.21604431872233
2020-05-05,131.98759821071192,34.82650497693151,79.99375950841922
2020-05-06,135.11842498674736,33.90577705099075,81.1527989312732
2020-05-07,137.94201844352614,33.15688386701026,82.43408998530654
2020-05-08,139.65139619106722,31.88000360084072,82.41296241087987
2020-05-09,140.34142639075077,31.56113365696283,81.95825773702722
2020-05-10,143.33578379716218,31.666596228440305,82.67335591125268
2020-05-11,145.74413708001626,31.679578840844027,83.11882100549053
2020-05-12,145.494265021024,31.327852078707732,82.30548609809806
2020-05-13,140.85407206192698,30.28059800308213,79.57199609973217
2020-05-14,136.47903349720826,29.293187132821135,76.99470583086996
2020-05-15,132.90679565990845,28.93412872288554,75.72055254606019
2020-05-16,129.60264831535306,28.63491366781492,74.60140715641863
2020-05-17,117.81208612779244,26.600249245179636,68.7907807214265
2020-05-18,110.75234038197767,25.732524411896918,65.86726569214288
2020-05-19,103.36929837498083,24.80495682175072,62.29364814166832
2020-05-20,99.6820607783767,24.494876079560083,60.19953559822367
2020-05-21,97.53052718541599,24.76824326761616,59.1931110328538
2020-05-22,92.38128647177201,24.149966011187793,56.148022394775396
2020-05-23,87.20161706334405,23.72677007241925,53.26465581908126
2020-05-24,85.06649772263232,23.937315035925288,52.07745973442992
2020-05-25,79.62265339800284,23.623028623987587,49.29526203030884
2020-05-26,75.98129690208714,23.669596495217856,47.97680530343035
2020-05-27,75.53831790612529,24.30031427569693,48.22410806179772
2020-05-28,72.760696171891,24.300314275696934,47.31581269368195
2020-05-29,71.96486923662357,24.750320265881562,47.612378803021834
2020-05-30,73.32752946646214,25.790958725745035,49.21813687724146
2020-05-31,74.85323385111245,26.74722104376134,50.8193370003129
2020-06-01,75.55294009739387,27.00034931980246,51.29947297140159
2020-06-02,75.94166567497959,27.14097609829742,51.51833336966441
2020-06-03,75.10180266552858,27.169101229745852,51.43511825478077
2020-06-04,76.14413742021429,27.546180040909157,52.09676423731384
2020-06-05,78.89463500277859,28.541210048187,53.923875034318804
2020-06-06,80.58946314799286,29.154337241011156,55.02086510766743
2020-06-07,80.14130540530714,28.99221006635266,54.659804033637606
2020-06-08,81.14864661358715,29.356629484918972,55.29649110575637
2020-06-09,83.36876429114115,29.810648663120244,56.24016713205949
2020-06-10,85.11766162389722,30.085468994803275,56.848514115595144
2020-06-11,88.12411563054295,30.744000796454277,58.29012217095788
2020-06-12,88.04076654271579,30.335781580816622,57.69846023888569
2020-06-13,86.37379145459435,29.366261195959076,56.044087288499846
2020-06-14,88.23952092845006,29.646911743193925,56.75760109732647
2020-06-15,87.43167920338149,29.034583106612907,55.75428845150798
2020-06-16,87.17148855725463,28.92816074273986,55.634815667558094
2020-06-17,86.82019976818285,28.7910252464589,55.458320175444705
2020-06-18,83.49877532423066,27.707525777117244,53.29505875095133
2020-06-19,82.46942691641496,27.713211500558426,53.12850388288145
2020-06-20,81.41943277530781,27.69983121716214,52.931473623376974
2020-06-21,80.17578944163782,27.644228814132287,52.641863134609345
2020-06-22,81.15094047031211,28.31708387278317,53.759184057889286
2020-06-23,81.97038675140925,28.974963254805775,54.82890755454149
2020-06-24,81.03443800106069,29.004290145003722,54.711641305404704
2020-06-25,81.26187249479915,29.502847353118913,55.501147472450974
2020-06-26,82.70691888865372,30.14803901222382,56.63413408817047
2020-06-27,82.5032212821355,30.177365977171945,56.62011894205881
2020-06-28,82.16421605206149,30.29467346321353,56.69412405802908
2020-06-29,81.68518717734035,30.353327243609414,56.66254692241174
2020-06-30,80.02549517770862,30.030697365346978,55.70333465896523
2020-07-01,81.04338588008243,30.705057294753917,56.58620629535202
2020-07-02,82.34177868992005,31.379415131155636,57.560910606457334
2020-07-03,81.74726379833078,31.34992857455918,57.223621456765436
2020-07-04,82.62590204580908,31.906985801936482,57.91524475332414
2020-07-05,83.36048019696197,32.28807570811121,58.336799720856895
2020-07-06,83.80293572837863,32.55186709826674,58.55698391737849
2020-07-07,84.73532675184363,32.962319998979524,59.24383193731814
2020-07-08,83.78001294810394,32.639735045579215,58.61297088371976
2020-07-09,83.64851874475185,32.639735045579215,58.53330993925636
2020-07-10,83.36774951632981,32.58108328343837,58.34909595190652
2020-07-11,83.29271081875834,32.55175729024267,58.29657636021661
2020-07-12,82.46728763197056,32.22917233684236,57.71886259192814
2020-07-13,82.49143095802673,32.238607828642714,57.73576050817059
2020-07-14,82.28490488400384,32.157895043939035,57.59121288898159
2020-07-15,82.04072601630709,32.17707624081401,57.55081337267647
2020-07-16,80.66037220916213,31.750566103023452,56.71331359364831
2020-07-17,78.05905078101571,30.831938635191197,55.00423654131333
2020-07-18,76.79697724887345,30.44667079158862,54.24384716505639
2020-07-19,75.91539566852433,30.210934118205767,53.75070980668912
2020-07-20,75.66297175040238,30.22938455725682,53.707376564270135
2020-07-21,73.83054210320776,29.617062423942038,52.543066578781534
2020-07-22,74.31256969228389,29.810427402567996,52.88611170596253
2020-07-23,74.31256969228387,29.810427402567996,52.88611170596251
2020-07-24,77.76710018830902,31.19620952513679,55.34460138625425
2020-07-25,78.73115443476068,31.58293910863777,56.03069097755181
2020-07-26,80.9002772812224,32.45308098920327,57.57439312157605
2020-07-27,81.5175900293513,32.70071550028232,58.01371679306591
2020-07-28,83.21302043753636,33.21100004091815,59.07046555975294
2020-07-29,83.75153888664288,33.20286699636862,59.425764649999415
2020-07-30,84.20909786378002,33.045633716424945,59.55076135219061
2020-07-31,84.51298662683944,32.646140912317826,59.37935369352481
2020-08-01,84.9588993768886,32.35814615925233,59.34956175224605
2020-08-02,84.46550504685203,31.679717801440862,58.60878606120851
2020-08-03,86.53756201739054,31.95885383514559,59.63573640683326
2020-08-04,88.41901994169655,31.958853835145593,60.052218943151274
2020-08-05,88.48823973400512,31.364124905742266,59.21205264317462
2020-08-06,92.27534481253859,32.021456892148606,60.78211114067283
2020-08-07,94.1018045536986,31.990155401022196,61.075977425311
2020-08-08,96.54495014074429,32.146663080904816,61.79432817234932
2020-08-09,100.05156335991917,32.616185746801754,63.177200162210866
2020-08-10,100.0637757002963,31.839793830979854,62.249362127308075
2020-08-11,102.28585564805233,32.150188598704275,63.340107126661856
2020-08-12,106.2592607415609,33.05587105347665,65.49181205415165
2020-08-13,106.20979251435772,32.80153473967035,65.29041923087966
2020-08-14,108.32349180361628,33.30215953794611,66.4934048610933
2020-08-15,110.07338784812487,33.76943439098266,67.52297546331467
2020-08-16,110.0022566119843,33.6725369201331,67.4319944267942
2020-08-17,108.83115159645857,33.314052666380555,66.71410054613796
2020-08-18,107.39104155885857,32.87322390610168,65.83130509247783
2020-08-19,105.43660650783,32.27495630286605,64.63322554822483
2020-08-20,105.33374150514429,32.243468534274704,64.57016873010625
2020-08-21,104.09936220550286,31.865615535429082,63.81348736176326
2020-08-22,102.04206215178858,31.235860163602105,62.55235099939166
2020-08-23,102.55638716521715,31.393299006558852,62.86763508998456
2020-08-24,105.38068935219428,32.25783963139399,64.59894802116925
2020-08-25,104.41050766873715,32.025098721238365,64.04473408469501
2020-08-26,105.115062150432,32.31203359140847,64.52157381106576
2020-08-27,103.6326196511897,31.922987574375828,63.653657655585725
2020-08-28,104.79197892799542,32.359680930083016,64.41594188414146
2020-08-29,106.12197901418399,32.84007698236919,65.27744926499406
2020-08-30,103.08994501807543,32.03942265098993,63.49953564198206
2020-08-31,102.90094781022256,32.13212970113049,63.47904158080606
2020-09-01,105.07767463742739,32.98028755182532,64.94887091021106
2020-09-02,104.77191155234193,33.04553048641729,64.8810606917372
2020-09-03,104.31000084299582,33.04553048641729,64.70450318066632
2020-09-04,100.48664913200153,32.13212977588067,62.618934657202075
2020-09-05,99.03731796368153,31.969022850526773,62.00780155573097
2020-09-06,100.67519459656725,32.71931626195857,63.27526439238128
2020-09-07,102.28622647524868,33.49822217605524,64.56643511928128
2020-09-08,100.486701404461,33.46979333459877,64.20870473405343
2020-09-09,99.16615203398874,33.57421358947469,64.12035093008504
2020-09-10,100.16758953214715,34.458003957105895,65.52603030608451
2020-09-11,99.18118806879856,34.5015139477039,65.43193271475485
2020-09-12,100.45526895186428,35.380577786288,66.89997778467668
2020-09-13,100.13133441432856,35.70822803658095,67.32022466815779
2020-09-14,98.70577064582143,35.70815851890744,67.09360250031968
2020-09-15,98.79485545893859,35.74038616484547,67.15415641728917
2020-09-16,99.32936351113287,35.93375174147291,67.5174793573007
2020-09-17,101.11105667406856,36.57830353898077,68.7285555899202
2020-09-18,103.14218683661143,37.448448409553734,70.27856511605077
2020-09-19,100.93353537167691,36.771669040858036,68.93022875237061
2020-09-20,100.11075379413377,36.60260803889316,68.53187447092391
2020-09-21,98.44903684835177,36.13390829780019,67.5680951718637
2020-09-22,97.0222898389032,35.73559706989221,66.74574365552398
2020-09-23,96.94133932027577,35.83602080604309,66.8530347689282
2020-09-24,93.93275264350835,35.01578386928697,65.15879040110467
2020-09-25,95.45752728881692,35.76283237511969,66.4585770897114
2020-09-26,96.58946804240573,36.34370314318399,67.45911642374635
2020-09-27,97.23578423560458,36.74644630965379,68.12672147832613
2020-09-28,95.31680861132227,36.17228302533092,66.98689276434021
2020-09-29,95.93162991337947,36.60290502138441,67.48765625056902
2020-09-30,96.6817911061876,37.10529803532352,68.09005541727784
2020-10-01,95.21927230896083,36.638790492952126,66.96026336656378
2020-10-02,91.85751527219465,35.454578602239046,64.31461127605935
2020-10-03,91.29769512450665,35.490464298057326,63.788669854918815
2020-10-04,91.16629081090436,35.70168141524102,63.559699550270516
2020-10-05,91.58118433360951,36.09210874097131,63.732498444630494
2020-10-06,90.4225604434965,35.69336971774559,62.78357024721516
2020-10-07,89.79849914588658,35.50929551455878,62.184636700437416
2020-10-08,93.2749835525327,36.867945935658675,64.41849592401367
2020-10-09,93.8147315945338,37.07888572965019,64.78850022088845
2020-10-10,93.56637504014184,36.787401862126096,64.44058415675252
2020-10-11,92.42386259093625,36.14125302688215,63.47274724365978
2020-10-12,93.87267075965967,36.463942481043276,64.43263226565898
2020-10-13,97.50089235872694,37.75470164319116,67.04847727686808
2020-10-14,97.6095300795733,37.682992294209456,67.23842659643486
2020-10-15,96.8964003147814,37.2885942385685,66.86659366030258
2020-10-16,98.39295599728361,37.7547020169421,68.01262885847373
2020-10-17,100.02154727282071,38.32421920341862,69.26925557133457
2020-10-18,98.69213943442284,37.763028813975225,68.47101149346143
2020-10-19,96.86765264435998,37.06491701278521,67.20521204187422
2020-10-20,95.29508401385142,36.46319781968465,66.11418933843638
2020-10-21,93.95609444475429,35.95085406090915,65.18522001321271
2020-10-22,93.51870182593714,35.62687591353153,64.67370260074298
2020-10-23,92.44843280969143,34.93655868804625,63.570960709349094
2020-10-24,93.17092833924427,34.887202261105934,63.654266862411944
2020-10-25,93.53505134889,34.77574173465798,63.5851783412679
2020-10-26,92.69476841102143,34.21843813066573,62.69974011780263
2020-10-27,88.87988435547857,32.5465273934392,59.78081805124126
2020-10-28,87.46073960943856,31.43192011070452,58.01796926606214
2020-10-29,85.84889010715285,30.35446643645276,56.26722498680338
2020-10-30,85.453023022146,29.61139486479619,55.22457502446894
2020-10-31,83.55771921196028,28.16240585321726,53.05888041862785
2020-11-01,86.94685976104029,28.459634422079738,54.26267492229882
2020-11-02,87.81320998324883,27.902330892837686,53.878129040200555
2020-11-03,93.99423667744882,28.871057131713094,56.70252678649319
2020-11-04,100.2378061017574,30.114981863465406,59.95967134715176
2020-11-05,105.62326112019825,30.687392779164476,62.476740549545106
2020-11-06,111.36889154137907,31.335485866761154,65.7771465302083
2020-11-07,115.96312627541764,31.69093817819617,68.41082369130189
2020-11-08,117.8641984767662,31.351024262793942,69.47642262358445
2020-11-09,129.91034870106523,33.591668954042106,76.33435268234861
2020-11-10,132.9535986513531,33.52973573346096,77.94683613832184
2020-11-11,134.89795721788101,33.1554504862702,78.91362276808299
2020-11-12,138.51904065622563,33.560926370060685,81.05303281573674
2020-11-13,138.05178410218278,33.12425999917085,80.4295297194152
2020-11-14,139.3665586411871,32.99949834977418,80.6569572879889
2020-11-15,142.790188193764,33.37378389596568,82.10636481427203
2020-11-16,141.02543071516274,32.669177798566345,80.80202890755841
2020-11-17,144.376628111676,33.21706923281644,82.45641186512003
2020-11-18,149.46613424515178,34.15728291002642,85.0947204374854
2020-11-19,148.2052354168688,33.64582740771795,84.11709960825215
2020-11-20,154.20521472480945,34.802871567372215,87.28395450003525
2020-11-21,159.06212705964876,35.8990374558284,90.03308666136526
2020-11-22,163.53774349630478,36.9091479394961,92.56639594091094
2020-11-23,162.38716878238068,36.64947251886375,91.9151422776787
2020-11-24,159.34512476664534,35.96290775274436,90.19327034273546
2020-11-25,157.3170965268369,35.505198157832055,89.04535634433975
2020-11-26,159.2002658432337,35.930214263643606,90.1112766196143
2020-11-27,157.1722359474026,35.47250429498037,88.96336168386891
2020-11-28,154.9993487841825,34.98210121096732,87.733453962352
2020-11-29,152.21636135630249,34.35400342452757,86.15821444491586
2020-11-30,148.7426386099322,33.570012255238446,84.19200170249333
2020-12-01,153.01283371962705,34.53376080443988,86.60903744493578
2020-12-02,151.21891342436544,34.12888748190335,85.53768392035359
2020-12-03,154.2496010993231,34.81288921362558,87.1860728248414
2020-12-04,154.65069640405358,34.903413184567306,87.35159992921548
2020-12-05,155.0517917087841,34.99393715550904,87.51712703358953
2020-12-06,154.0770551335843,34.773946982678396,86.90731618236353
2020-12-07,159.91211213819298,36.090872223385055,90.14603700783626
2020-12-08,158.6504779227064,35.80613157019157,89.37041819799792
2020-12-09,159.91211280060205,36.09087237288543,90.08111783235799
2020-12-10,155.6540960813177,35.12987238804423,87.68250712611162
2020-12-11,154.70786959169143,34.916316711273645,87.14948221376861
2020-12-12,152.8154182684615,34.489205731483416,86.08343332194735
2020-12-13,155.95346522802035,35.197437586682405,87.85114668009659
2020-12-14,154.58364802227703,34.888280906298164,87.0795061648267
2020-12-15,153.3915783493488,34.61924040854121,86.40799375222211
2020-12-16,153.4491178491921,34.63222660895389,86.44040669689919
2020-12-17,152.7742611380736,34.47991689954912,86.06024883487389
2020-12-18,156.77254508405608,35.014125087896765,87.51733277811948
2020-12-19,161.88113803838345,35.796576029591584,89.59480699582288
2020-12-20,162.07226532638074,35.48561002094138,88.9376475704223
2020-12-21,163.70299805376825,35.17341997798607,88.50755680555791
2020-12-22,167.33320754179778,35.277483674472045,89.134385235005
2020-12-23,173.4075743318294,35.65904914133374,90.62477981091386
2020-12-24,176.53316857541944,35.55498589334888,90.80524524852238
2020-12-25,178.16170918102202,35.10404418032875,90.20186756581442
2020-12-26,178.29470669641017,34.37560047268234,88.87367311726777
2020-12-27,183.33230206223521,34.27153737419787,89.31983287211948
2020-12-28,192.10907213804222,35.08319545629174,92.0606293369093
2020-12-29,198.01943881775975,35.37545425900002,93.43383333485016
2020-12-30,205.11113255017133,35.977281466120175,95.54177477255395
2020-12-31,218.4922034030996,37.34302605367664,99.81756498808123
2021-01-01,223.71466964024836,37.496927717804816,100.72911216084893
2021-01-02,230.70634814616224,37.96275757498476,102.46636318681226
2021-01-03,237.4806488136053,38.288917680308394,104.10858360227428
2021-01-04,244.8498014738963,38.73802352874633,105.97544090928197
2021-01-05,250.14915624329745,38.91080709000245,107.03844176719664
2021-01-06,255.99344282013382,39.08359065125858,108.17768347414439
2021-01-07,258.5646817209829,39.15270430001159,108.80068543596146
2021-01-08,260.22530547603617,39.11814766251056,109.08955206534522
2021-01-09,260.6889209028303,38.9011779204687,108.87307311638631
2021-01-10,264.8952599267854,39.5288668233879,110.62979163944958
2021-01-11,264.3451047821883,39.44677018848024,110.40002705614609
2021-01-12,265.96071089366427,39.68785822771974,111.07476229879788
2021-01-13,263.9711071829574,39.39096057793321,110.24383220204406
2021-01-14,262.78281454900855,39.213638185348465,109.7475584426088
2021-01-15,268.27860787010525,40.03374528103051,112.04279947551538
2021-01-16,272.48106873809877,40.66085546800527,113.79789834111065
2021-01-17,265.81015959687005,39.66539228339625,111.01188666032853
2021-01-18,263.5009987402908,39.32080887333928,110.04749800159622
2021-01-19,263.75757216879964,39.35909591890117,110.15465229701093
2021-01-20,260.93526445520286,38.937938417720424,108.97595504744926
2021-01-21,256.3169402374229,38.24877122385554,107.04717668396465
2021-01-22,252.9814856668085,37.75103963155103,105.6541708435736
2021-01-23,255.28430983094208,38.09467745174788,106.61591307154251
2021-01-24,257.19776052433343,38.38021120442089,107.415038928233
2021-01-25,256.29159096301896,38.244988490664106,107.03658991489114
2021-01-26,259.8036789570883,38.7690781200065,108.50336422829596
2021-01-27,260.44233239847307,38.86438087037574,108.77008888456102
2021-01-28,264.9376646718919,39.53519465093173,110.64750138675481
2021-01-29,267.9123886234668,39.979096391380565,111.88985314132591
2021-01-30,263.1531919682945,39.26890757629714,109.90224137930947
2021-01-31,264.4495114330224,39.46235022036694,110.44363103014977
2021-02-01,259.26422856486766,38.68857889658586,108.27807033474845
2021-02-02,256.93085052281157,38.34038168875909,107.21321468029872
2021-02-03,259.00496517284637,38.649890442522086,107.99027541587495
2021-02-04,262.89392607165166,39.230218748482436,109.51933696812061
2021-02-05,267.30141876374256,39.887924710072184,111.25960619838028
2021-02-06,274.3749132542316,40.94346349837588,114.11669207967904
2021-02-07,278.67255825569833,41.584777491552394,115.81609223945603
2021-02-08,290.793764268113,43.39355858614812,120.77922177934714
2021-02-09,289.54798556103725,43.20765786215243,120.26179602529564
2021-02-10,288.82073614262544,43.099134420035234,119.95973790167554
2021-02-11,281.7646688086726,42.04619619072237,117.02904809282617
2021-02-12,275.84452998654984,41.162766343241,114.57015850294341
2021-02-13,275.40966507513986,41.09787383752367,114.3895403053303
2021-02-14,273.5415755820972,40.81910908799564,113.61364197837771
2021-02-15,270.6060063787445,40.38105019588017,112.39437317888085
2021-02-16,264.7348714785092,39.50493293490052,109.95583703627574
2021-02-17,283.3049400971489,39.30581525666622,109.80062909491244
2021-02-18,305.5071918195184,39.62440354184111,111.47410617703714
2021-02-19,330.9151397417305,40.06838376998585,113.58932771938551
2021-02-20,353.7846722517364,39.70891909278623,113.88664349747067
2021-02-21,376.5710759698568,39.46623326830877,114.46454876988867
2021-02-22,395.2748036222905,38.821005729114304,113.85092783193565
2021-02-23,419.322921383732,39.12831256663147,115.83520268980621
2021-02-24,433.125580468425,40.050198395096366,119.41551324283031
2021-02-25,445.70138493282604,40.890822174486686,122.35524486265093
2021-02-26,444.0606957184715,40.40219702366124,121.35136619716684
2021-02-27,448.9404758191313,40.8461765043041,122.68489557201663
2021-02-28,444.5042993941198,40.44255763939861,121.47259267050495
2021-03-01,443.173447288196,40.32147205467715,121.10890202456987
2021-03-02,450.27131970925933,40.967261341523695,123.04858397276755
2021-03-03,447.1660036059675,40.684728808841534,122.19997396237513
2021-03-04,434.74472686910667,39.55459755686008,118.80553055302916
2021-03-05,439.18089507832235,39.958215674263705,120.01783120935669
2021-03-06,436.18544470367834,39.685679110280795,119.19924492409507
2021-03-07,438.45927253837965,40.21627873337171,120.35055798773665
2021-03-08,444.8992365245922,41.14588326610198,122.67304513390702
2021-03-09,439.367970509333,40.953044603539674,121.66963130835528
2021-03-10,433.56667243636946,40.755592733213106,120.6250909090048
2021-03-11,431.38074483324687,40.84938665106641,120.50684232734034
2021-03-12,430.9793908872355,40.812870063673465,120.39716171352627
2021-03-13,426.9586708216379,40.44705087311342,119.29839328443305
2021-03-14,435.3344860680648,40.885393068435995,121.05737773162193
2021-03-15,436.0459245201154,40.60644817095834,120.68920103101995
2021-03-16,443.39955262195673,40.965091717358455,122.19062364466059
2021-03-17,441.3368676439963,40.44705087311342,121.08612204100973
2021-03-18,453.3133659694914,41.244037362337984,123.8799038199719
2021-03-19,452.66746886302377,41.18527138191206,123.703395299744
2021-03-20,458.79752876070114,41.74300569647932,125.3785967995075
2021-03-21,459.68883168617856,41.82409955763414,125.62216897048566
2021-03-22,462.2894678882271,42.06071454570921,126.33286180852167
2021-03-23,468.917170858089,42.663726169535586,128.1440574804117
2021-03-24,477.22011566006347,43.41915716129044,130.41305742770277
2021-03-25,479.40832302343154,43.61824792945758,131.01104314368197
2021-03-26,475.08130987653146,43.22456112184183,129.82857200405576
2021-03-27,477.3138373500652,43.42768428882357,130.43866936596638
2021-03-28,478.6533530126059,43.549558114262425,130.80472755859432
2021-03-29,478.6533530126059,43.549558114262425,130.80472755859435
2021-03-30,471.9557788078003,42.94018936081908,128.9744377180466
2021-03-31,474.18830628133406,43.14331252780081,129.58453507995725
2021-04-01,470.1697634016099,42.77769142523518,128.48636162466545
2021-04-02,475.38413999992594,43.252113666861135,129.91132836946682
2021-04-03,466.2843862472763,42.424186206659975,127.42457923677186
2021-04-04,464.27179562593176,42.241073664623414,126.87458545472681
2021-04-05,470.5560167150353,42.81283410419894,128.59191559000013
2021-04-06,473.40303230789,43.07186555197398,129.36993813310892
2021-04-07,477.48070016171874,43.44286605171623,130.4842690561819
2021-04-08,476.0494510317473,43.31264599419574,130.09314225985617
2021-04-09,481.9269573681137,43.84740210141096,131.69932679865343
2021-04-10,494.21137127149683,44.9650810935624,135.05636880773076
2021-04-11,493.73889728958795,44.9220937562689,134.92725275726724
2021-04-12,488.0691643198053,44.40624159748667,133.37784780319208
2021-04-13,487.1242081401918,44.32026617539781,133.11961345708087
2021-04-14,476.72971070393334,43.374538401175016,130.279041262818
2021-04-15,494.96526090518154,45.03367261226221,135.26238915110184
2021-04-16,472.7488799698541,43.012348481673385,129.1911736518407
2021-04-17,442.391446487778,40.25032288359362,120.8951995590894
2021-04-18,433.5950609931444,39.44999692978397,118.49135385136776
2021-04-19,412.2691655116175,37.50969228391432,112.66348712726123
2021-04-20,406.81643635494174,37.0135838919112,111.17338422230782
2021-04-21,391.6690542480989,35.63542202761205,107.0339601960453
2021-04-22,378.983919014977,34.48128400571132,103.56741045233392
2021-04-23,394.3936857043237,35.88331853809504,107.77853802692422
2021-04-24,420.3976676087808,38.2492518675552,114.88481597743416
2021-04-25,428.58410421124466,38.994082535352355,117.12197696820401
2021-04-26,436.7705432784473,39.73891342740007,119.35913863252911
2021-04-27,443.5123184643803,40.35230374088096,121.20150756383802
2021-04-28,463.25608090543375,42.148660382716095,126.597014460069
2021-04-29,453.1434222344321,41.228575286245686,123.83346218569774
2021-04-30,457.95897535182746,41.666711171053336,125.14943983340524
2021-05-01,453.4303958720319,41.25468515266415,123.91188534568707
2021-05-02,463.3869462080149,42.16056696618411,126.67181729906228
2021-05-03,482.9787517556415,43.94309803776156,132.0631501333852
2021-05-04,490.77037829340776,44.65200750340181,134.23061510644723
2021-05-05,488.46178487493586,44.44196359039636,133.6328623083125
2021-05-06,501.2552494829006,45.605957798147465,137.16489091088232
2021-05-07,503.81463006659766,45.83881920560385,137.9006066000185
2021-05-08,510.4817483165633,46.44541696963098,139.75865955718163
2021-05-09,510.9025942379881,46.483707005200344,139.8738779015248
2021-05-10,512.165119678569,46.59857599065558,140.21952956059843
2021-05-11,508.3775392489286,46.253968660538916,139.1825734587256
2021-05-12,514.6901787755264,46.828314709067946,140.91083512804957
2021-05-13,519.5113802524988,47.266964501408275,142.2307739076412
2021-05-14,515.662284052191,46.916760251072056,141.17697614261698
2021-05-15,506.60795954213324,46.09296610243738,138.69810150920557
2021-05-16,495.8441456553849,45.11363662434699,135.75120633519433
2021-05-17,481.97931252652137,43.85216555705022,131.95532039125195
2021-05-18,460.740539807851,41.91978764521515,126.14061219533758
2021-05-19,448.73102321765134,41.15077267580562,123.38932257124695
2021-05-20,426.16957939279484,39.41473883653214,117.4048698563109
2021-05-21,391.93644844752515,38.297910127752935,112.9300422342794
2021-05-22,365.20044008583324,37.972167875972225,110.77489506470705
2021-05-23,334.79681692152525,37.36721947481178,107.74920315985175
2021-05-24,312.2021633602835,37.59989251179801,107.17309090727079
2021-05-25,299.4126617748116,38.67018661317996,109.14784660665302
2021-05-26,277.0820611492785,38.530583164739156,107.92928565904825
2021-05-27,259.76465945842824,38.76325545422352,108.20489421091538
2021-05-28,262.57124315812246,39.18206654704778,109.37397584408532
2021-05-29,262.57124315812246,39.18206654704778,109.37397584408534
2021-05-30,263.4967333698423,39.320172375500626,109.75948852568396
2021-05-31,261.154443884418,38.97064536185475,108.78380851397617
2021-06-01,260.0097341695387,38.799826609252655,108.30698001136555
2021-06-02,265.4662049327714,39.614065815288846,110.36384292872422
2021-06-03,267.5028304078949,39.917980265088836,111.02089643148422
2021-06-04,264.72288085344434,39.50314363968457,109.6924289885794
2021-06-05,262.8784625383872,39.22791121022298,108.75365681446371
2021-06-06,264.1520776090363,39.41796580208643,109.0889744186525
2021-06-07,262.0556317535292,39.10512468500608,108.04261750148558
2021-06-08,263.89002156402023,39.37886061573251,108.61282704031218
2021-06-09,253.4077962938791,37.814655628332275,104.29851415528624
2021-06-10,245.80818451336896,36.68060724232392,101.17063794762213
2021-06-11,238.99473736143696,35.66387389212599,98.36633427340549
2021-06-12,239.25679090183152,35.70297870472897,98.47419123476189
2021-06-13,234.19274924759546,34.947299542354706,96.38991431873214
2021-06-14,232.84284490822003,34.745860721326984,95.83431571873741
2021-06-15,226.30735564333457,33.77060550215567,93.14441497545143
2021-06-16,223.81375045062813,33.39849847540161,92.11808776574091
2021-06-17,225.15381112650567,33.59846838051301,92.66963487445678
2021-06-18,228.41154829320308,34.084602630871345,94.01046633648863
2021-06-19,219.3821297375865,32.73719202157526,90.29410499003339
2021-06-20,211.19609990026407,31.51563568515296,86.92486867863981
2021-06-21,203.75087799948983,30.40462605414779,83.86053682632928
2021-06-22,193.8239168009223,28.92328007880806,79.77476157304129
2021-06-23,188.36408834207987,28.108539822271275,77.5275852662018
2021-06-24,182.1597360902022,27.182698363433385,74.97397511437998
2021-06-25,178.6853015742159,26.664227556115186,73.54395455918382
2021-06-26,175.21086705822967,26.145756748796995,72.11393400398765
2021-06-27,163.7948622809861,24.442208966856523,67.41529271011318
2021-06-28,159.32773204588253,23.7756036218045,65.57669479452603
2021-06-29,159.07955811610321,23.738569987371044,65.47455045442828
2021-06-30,156.10147095875126,23.294166374169574,64.24881837325533
2021-07-01,153.61973166095797,22.923830029835013,63.22737497227787
2021-07-02,148.6562505607499,22.177517325123905,61.125864973409826
2021-07-03,151.29089800418777,22.564429098607956,62.14535716953508
2021-07-04,157.21378690073945,23.443076726382497,64.52914630198862
2021-07-05,159.22786677478848,23.737666620362493,65.29615446629336
2021-07-06,162.28569907763998,24.18755843475961,66.48806059776861
2021-07-07,162.19398334404772,24.16831837698222,66.39258180642913
2021-07-08,163.47446358228314,24.35312114974764,66.8543668801137
2021-07-09,164.56519369416338,24.515609418399627,67.3004308675335
2021-07-10,168.63427444957946,25.121788600354098,68.96451840589371
2021-07-11,170.42254816679568,25.388191349321403,69.6958491871852
2021-07-12,169.34958483812972,25.22834983426369,69.25705108715388
2021-07-13,168.27662100853942,25.06850824458227,68.81825278226503
2021-07-14,176.681512188144,26.320601866191428,72.25550937999589
2021-07-15,174.7144109990213,26.027558827402654,71.45104547960376
2021-07-16,178.11213296524446,26.533724334010607,72.84057474251622
2021-07-17,174.86745088775788,26.050357488853955,71.51363253231328
2021-07-18,177.0273122573785,26.37211640121493,72.39692745954893
2021-07-19,183.4343560150052,27.32658665560228,75.01714620566348
2021-07-20,179.8820292725198,26.797389363086374,73.56438991507244
2021-07-21,174.16488751997153,25.94569520438367,71.22631286098814
2021-07-22,177.3203479659755,26.415770522820733,72.51676707450908
2021-07-23,173.47744304952855,25.843285212599262,70.94517620007126
2021-07-24,174.14651261465224,25.942957857610658,71.2187982765406
2021-07-25,175.67859360583066,26.17119505852745,71.8453567152703
2021-07-26,172.27397140731992,25.664001610373276,70.45300553968227
2021-07-27,180.44506869114008,26.881266482932933,73.7946499999539
2021-07-28,197.15707995463498,27.18558270107285,75.18496937035967
2021-07-29,213.2982396922168,27.36310055717422,76.23780429436177
2021-07-30,234.08555556925435,28.14925084955542,78.9826681226853
2021-07-31,254.06977847944762,28.440168903700275,80.67477448329056
2021-08-01,273.6121309285244,28.700849805408232,82.27203589790915
2021-08-02,290.4089107869488,28.741844487389784,83.03095690540962
2021-08-03,311.4976982031268,28.9747271632347,84.43417427005527
2021-08-04,310.3614522783438,28.649989794907537,83.60253559858482
2021-08-05,315.538791582176,28.89447944193925,84.43142350458483
2021-08-06,318.83811092755377,28.959923163247684,84.74306636822787
2021-08-07,322.07432355345054,29.253866910164437,85.41139272909939
2021-08-08,323.25842100781546,29.361417952906613,85.53918876570117
2021-08-09,325.92263925316223,29.603407705796908,86.24418220930966
2021-08-10,324.7385393340586,29.4958564391836,85.93085101694076
2021-08-11,327.9948083605367,29.791621900004248,86.79251027413639
2021-08-12,325.33059011519,29.54963214711396,86.0875168305279
2021-08-13,322.7000607403102,29.310702339276492,85.39143798422889
2021-08-14,325.36071333030213,29.552368225283974,86.09548790016213
2021-08-15,336.4035109932846,30.555380603248814,89.01758332725224
2021-08-16,342.5515347283662,31.113802852257315,90.64444570309254
2021-08-17,348.3455398246419,31.64006974647353,92.17762925974851
2021-08-18,347.71445415474983,31.582748517037277,92.0106342095471
2021-08-19,351.93486488707356,31.966086538235157,93.12742030648933
2021-08-20,358.3235892549397,32.54637151817789,94.81797580067006
2021-08-21,360.22956349485503,32.7194903068274,95.32232612751503
2021-08-22,354.51163666721123,32.20013356776034,93.80927405996665
2021-08-23,365.9474985382947,33.23884779213153,96.8353803690903
2021-08-24,360.229567602753,32.719490679945935,95.32232721452847
2021-08-25,371.03016525022673,33.70050413871362,98.18033276336863
2021-08-26,374.62736350972415,34.027236049447104,99.13220718008914
2021-08-27,376.3185850645677,34.18084894765996,99.5797306177566
2021-08-28,373.0346435948491,33.882570011183454,98.71074880315145
2021-08-29,377.052282737041,34.247490379445104,99.7738783943466
2021-08-30,363.033202150896,32.974143553329995,96.06421237283605
2021-08-31,365.9109858988289,33.235531365402174,96.82571855873479
2021-09-01,361.5058134222339,32.83541151752103,95.66004164041615
2021-09-02,362.5849351895807,32.93342766551299,95.94559398664884
2021-09-03,363.30434887956557,32.99877168955059,96.13596200006793
2021-09-04,368.34024717419885,33.45618008168488,97.46853874620966
2021-09-05,371.2179035772977,33.71755632708268,98.23001123469142
2021-09-06,384.52706957650236,34.92642192844567,101.75182285268635
2021-09-07,387.7644340569631,35.220470297797824,102.60847967398168
2021-09-08,391.85041465293034,35.591598089771914,103.68969347315132
2021-09-09,389.7723564631633,35.40284899284201,103.13980706584162
2021-09-10,387.6779611635502,35.21261600352398,102.58559760603832
2021-09-11,387.5781680004902,35.2035518351094,102.55919078827965
2021-09-12,383.8649651697616,34.86628328100017,101.57661976391844
2021-09-13,381.7866563982243,34.67751142384003,101.02666704878825
2021-09-14,389.92719956563667,35.41691332265798,103.18078095085359
2021-09-15,389.95987953638576,35.41988162980018,103.18942857765957
2021-09-16,389.5838343491779,35.385725613457694,103.08992119235242
2021-09-17,393.7203396242602,35.761442539462095,104.184504604758
2021-09-18,396.35266825840876,36.00053577321508,104.88105956294844
2021-09-19,401.24126801580456,36.44456510502298,106.17465883298179
2021-09-20,399.6900394224544,36.61534593297246,106.2700677092552
2021-09-21,380.71107298331816,35.12801876491728,101.63184324505559
2021-09-22,376.404137581388,34.99954084713422,100.91858334296951
2021-09-23,385.7104989479999,36.168330906698934,103.90626265566618
2021-09-24,384.65231074546443,36.36238351039395,104.09722316817962
2021-09-25,379.12033155504383,36.14224133982564,103.09162026507205
2021-09-26,369.8763452720965,35.57513624953875,101.08785144470484
2021-09-27,368.1133676000585,35.43519068302747,100.32116616756204
2021-09-28,359.86927808454556,36.54023851639774,102.73286690046474
2021-09-29,341.52667358561865,36.39929261911136,101.70945362724198
2021-09-30,321.52481598219623,36.61071127848167,101.4908385727874
2021-10-01,300.4185463467597,36.32881963315631,100.01900732159775
2021-10-02,292.13117729086446,37.879224876425084,103.52370647052712
2021-10-03,276.6874119337883,38.26682600068301,103.90634348048022
2021-10-04,257.13139656976665,38.305383696307054,103.63698690950922
2021-10-05,261.7980800198547,39.00058895917867,105.51789689591912
2021-10-06,263.4950337336788,39.253387582723136,106.20185526184319
2021-10-07,257.97101332805164,38.43046310128447,103.97539502360269
2021-10-08,270.89139478297255,37.92502651903393,103.21000873192354
2021-10-09,283.96697515227675,36.83515699815853,101.01393610135037
2021-10-10,309.4833372895349,37.41634992472869,103.38415739118503
2021-10-11,328.57111776438336,37.303137181433954,103.81040494774074
2021-10-12,342.3859328872389,36.19621950186961,101.84286711362576
2021-10-13,378.59204597586796,37.59831572680916,106.93190157374215
2021-10-14,399.3221536133096,37.45072645412156,107.58286984603733
2021-10-15,410.5652193678435,38.2255693894944,110.15809044880265
2021-10-16,407.0497995997574,37.59831572680916,108.72801976444224
2021-10-17,411.04985873783056,37.635212671862526,109.25667111582229
2021-10-18,415.23580226899173,37.71568239868247,109.8778295143188
2021-10-19,424.36606537915355,38.544980117707674,112.2938386540831
2021-10-20,416.81788519311107,37.859382283828246,110.29647317862715
2021-10-21,421.858822235277,38.317248343149686,111.63038325546755
2021-10-22,429.37578650537273,39.0000108493305,113.61948851571137
2021-10-23,434.8113446489339,39.49372016698062,115.05782145268314
2021-10-24,432.55956345806345,39.28919188747744,114.46196524654188
2021-10-25,447.0017000146897,40.60096469837601,118.28357843528978
2021-10-26,444.9512345749443,40.414721838602524,117.74099349732866
2021-10-27,448.2319784569574,40.7127103396164,118.60912918066376
2021-10-28,450.28244389670283,40.89895319938988,119.15171411862487
2021-10-29,455.6136532184615,41.38318456017724,120.56243473992107
2021-10-30,459.71458409795247,41.75567027972421,121.6476046158433
2021-10-31,454.5528912898741,41.286836028136875,120.28174069160511
2021-11-01,445.3754284331366,40.4532511772184,117.85324176729186
2021-11-02,453.7438859904101,41.21335443823855,120.06766534963087
2021-11-03,460.56857498703766,41.83323789062893,121.87358384211655
2021-11-04,461.0723470428507,41.878995281380284,122.00688973664738
2021-11-05,459.5019757355709,41.73635915715948,121.59134514768708
2021-11-06,464.05079072029514,42.14952598987658,122.7950321001429
2021-11-07,474.139196362247,43.06585136697989,125.46458060521039
2021-11-08,468.38937581550715,42.543597735656995,123.94308896523049
2021-11-09,465.73561627814837,42.30255794254045,123.24086305786759
2021-11-10,460.428088987635,41.82047761007031,121.83640906911486
2021-11-11,467.06249604682773,42.423077839098724,123.59197601154905
2021-11-12,461.31266728429216,41.90082346153877,122.07048219754226
2021-11-13,460.8703781359636,41.86065053580454,121.95344563332857
2021-11-14,465.1262835706598,42.247212524960396,123.0796241786932
2021-11-15,475.3321216891439,43.17420424143999,125.78024713727685
2021-11-16,477.55594452708203,43.376193076237705,126.3687051298724
2021-11-17,480.64363774849306,43.65664687200137,127.18575661609022
2021-11-18,477.43559955095697,43.365262195824684,126.33685998381966
2021-11-19,478.06314667762007,43.42226202096043,126.50291868063461
2021-11-20,477.52959236221847,43.373799520876936,126.36173193858592
2021-11-21,466.7209161227852,42.39205228721096,123.50158866909355
2021-11-22,462.0907483285585,41.97149621515401,122.27637450225937
2021-11-23,453.75644794210973,41.214495434698925,120.07098943676324
2021-11-24,457.4605805343319,41.55094014309707,121.05116033542518
2021-11-25,450.97834644399416,40.96216171684106,119.33586071926003
2021-11-26,448.66326665477874,40.751884053931114,118.7232547228564
2021-11-27,447.73723556067205,40.66777306339084,118.47821254169763
2021-11-28,450.3839130820956,40.90816960016413,119.17856443787147
2021-11-29,446.69244863379856,40.90250192971513,118.73676558152086
2021-11-30,443.2915968111055,40.902484766262816,118.33819476724598
2021-12-01,429.6075033989424,39.97536059270558,115.2297430127005
2021-12-02,436.1779436889222,40.929438102529765,117.54829998498518
2021-12-03,447.4217940853109,42.33796539842778,121.15215187575095
2021-12-04,447.9730137780574,42.745319790706795,121.87792977894313
2021-12-05,455.7087347222915,43.83059510313989,124.54599345565852
2021-12-06,468.19980711454576,45.03200094576115,127.95982536600776
2021-12-07,476.81434193917937,45.86055690515156,130.3141927856847
2021-12-08,464.52409313744204,47.14481819446444,133.01702530639756
2021-12-09,443.0903121611974,47.47624072746802,133.04050467946485
2021-12-10,414.11044894800796,46.97910767419971,130.74905250788711
2021-12-11,391.4696858520322,47.130723642047656,130.28605690430317
2021-12-12,362.1432906012348,46.53649022290393,127.74316227817762
2021-12-13,330.53377903223145,45.73856692159071,124.61537397972612
2021-12-14,308.7860535855598,46.0004823232623,124.45643208180829
2021-12-15,304.54222288207177,45.368270288450866,122.74595318685068
2021-12-16,293.8564906014147,43.776395159442565,118.43906141376259
2021-12-17,295.35970432680216,44.00033194544644,119.04493274359028
2021-12-18,289.7971302821177,43.171664050497476,116.80293343451049
2021-12-19,292.5083279758442,43.57555664906842,117.89568353676258
2021-12-20,293.41206054041976,43.71018751525873,118.25993357084658
2021-12-21,297.3282391612829,44.29358855728098,119.8383520676931
2021-12-22,299.4369501483734,44.60772749380406,120.68826948688209
2021-12-23,310.58299179046224,46.26817583846734,125.18068926589022
2021-12-24,311.1854810017198,46.35792987363373,125.42352295844273
2021-12-25,316.99545905552833,47.22345404371646,127.7652386242063
2021-12-26,312.6053309044356,46.569447782532635,125.99579444198869
2021-12-27,313.95227878856883,46.77010533042043,126.5386827166138
2021-12-28,305.9472153699309,45.5775748582383,123.31223637908123
2021-12-29,305.1825719522256,45.463664383295146,123.00404632166958
2021-12-30,295.3556593630473,43.9997293590228,119.0433024181563
2021-12-31,294.8960988834501,43.931267705807876,118.8580762495767
2022-01-01,302.5058679060725,45.064910373099686,121.9251989078862
2022-01-02,309.75875841755305,46.14538812749242,124.84848143589309
2022-01-03,307.3411274121857,45.78522875165533,123.87405359006098
2022-01-04,311.2697765435969,46.370487550831335,125.45749833479344
2022-01-05,312.78079717426226,46.59558734728877,126.06651624318326
2022-01-06,320.94029806044483,47.811124681061145,129.3552087086325
2022-01-07,318.2204644317173,47.405945569803684,128.25897788681607
2022-01-08,309.8826946042272,46.163851151641715,124.89843400149697
2022-01-09,304.91998242282574,45.42454589052266,122.89820943055464
2022-01-10,305.70038241451346,45.54080365412905,123.2127501859881
2022-01-11,309.22044261888095,46.06519413526508,124.63151288158815
2022-01-12,306.06847161157873,45.595638645562026,123.36110879099196
2022-01-13,316.26303258443477,47.114342992406314,127.47003362936894
2022-01-14,322.2019610772005,47.99907716993255,129.8637228585809
2022-01-15,328.93223976693935,49.00170038527209,132.57636633102655
2022-01-16,339.2493017783386,50.5386539593488,136.73466529756237
2022-01-17,345.01471510144177,51.39753923145266,139.05841911784796
2022-01-18,338.33896953605785,50.4030399258357,136.3677552588229
2022-01-19,348.6560340520786,51.939993873030936,140.52605523484814
2022-01-20,345.6216074373315,51.487949208992276,139.3030274928233
2022-01-21,341.31590005919185,50.84651928093249,137.56760916142807
2022-01-22,335.395115044717,49.96448797402723,135.18123267366744
2022-01-23,329.0653979700502,49.02153723184358,132.63003583672204
2022-01-24,329.96938099677766,49.15620540988675,132.99438681974934
2022-01-25,339.1228810071166,50.51982080161916,136.68371131844117
2022-01-26,329.7511032313097,49.12368813012176,132.90640981567975
2022-01-27,321.22867754644665,47.95779123162759,129.52192404832886
2022-01-28,325.5706849556319,49.02196743750703,131.8622876517722
2022-01-29,327.8360189024014,49.76322746659728,133.3464805537009
2022-01-30,326.83870087852705,50.01031364546931,133.50415966277907
2022-01-31,318.9354103921409,49.664392845801046,131.831298127297
2022-02-01,313.5882904801343,49.763227466597264,131.30505399836017
2022-02-02,315.24636636337567,50.89982597887242,133.59168157166883
2022-02-03,315.5127075937071,51.69050294524226,135.20342146806917
2022-02-04,305.3382711518264,50.51449789269055,131.8894951030341
2022-02-05,293.5144661295182,49.04242701890271,127.8136982891295
2022-02-06,293.4801207428556,49.550298050304775,128.89320946346203
2022-02-07,291.50200029684214,49.21631816290636,128.02444093376877
2022-02-08,291.58209271203015,49.22984072461885,128.0596166329648
2022-02-09,290.7724562659761,48.5997088256042,126.6525563037861
2022-02-10,293.9175891436426,48.612616487981605,126.92981290480085
2022-02-11,300.4087652395316,49.208082690743744,128.7141672941058
2022-02-12,324.2509177897159,52.574431186746764,137.78090307142907
2022-02-13,330.17386689035413,52.67344154636995,138.57614589590455
2022-02-14,340.3261264148744,53.51502867037072,141.28600841970535
2022-02-15,353.32591237405495,54.55463614049931,144.89377048635396
2022-02-16,361.1941970095768,55.34671752501068,147.5274848977065
2022-02-17,368.4359653630681,56.02646187541389,149.88180134056526
2022-02-18,370.4951133515455,55.94771483684036,150.16645918984744
2022-02-19,363.6433978178173,54.41933216848345,146.68678632797423
2022-02-20,362.1209883678934,54.067232899100574,146.01218111454463
2022-02-21,354.23507935977005,52.873327112022125,142.8244495740505
2022-02-22,346.10543185018116,52.094625011708274,140.15939093127216
2022-02-23,343.6314827477663,52.15277441503054,139.7658180478202
2022-02-24,333.661437138203,51.04301133356729,136.27851179677396
2022-02-25,328.1715750220423,51.04301133356729,135.5536204632908
2022-02-26,314.69348720566757,49.798059946832055,131.50914230625298
2022-02-27,306.3360392629653,49.38307639999932,129.65067452117026
2022-02-28,311.50729777889757,50.99113853013266,133.39505881830158
2022-03-01,311.25483778136226,51.5098680569532,134.48038848385934
2022-03-02,303.6724366317083,50.78364619703849,132.33074983352574
2022-03-03,305.51313651595956,51.58191612546476,134.17797634509617
2022-03-04,306.4128336521345,51.73381827522411,134.57311333472651
2022-03-05,305.23513791299695,51.53497968016312,134.05588244629476
2022-03-06,303.09909781859443,51.174337115831534,133.11775736097962
2022-03-07,300.57797899635983,50.7486790210149,132.01050997531672
2022-03-08,295.59896313362725,49.908037006247014,129.82378150835046
2022-03-09,295.5815311770298,49.90509384729365,129.8161255866227
2022-03-10,294.1836022904949,49.66907175214933,129.20217074589587
2022-03-11,293.880947457847,49.61797242342442,129.0692481048636
2022-03-12,303.8686630120415,51.30426818103596,133.45574184668752
2022-03-13,309.9218237530745,52.32626557597157,136.11422281410398
2022-03-14,311.4351133858493,52.58176483142584,136.7788428133135
2022-03-15,308.7111889529475,52.12186564924222,135.5825254559267
2022-03-16,313.8563741463687,52.99056319241044,137.84223364735482
2022-03-17,318.0421078077684,53.69726983392527,139.68056138216508
2022-03-18,319.40203467533166,53.92687578285227,140.2778261582328
2022-03-19,318.9331420040522,53.84770935905262,140.071893704811
2022-03-20,319.6759537407843,53.97312345135017,140.39812836946967
2022-03-21,319.51186616759,53.94541940060374,140.32606292977806
2022-03-22,322.37864955108535,54.42943845694834,141.58512235158807
2022-03-23,319.19656167475404,53.892184341421284,140.1875846984859
2022-03-24,314.252148953046,53.05738461657377,138.01605354673435
2022-03-25,321.52231749382065,53.71932897445294,140.00392720845895
2022-03-26,326.7887470680407,54.02484215683251,141.07315584189035
2022-03-27,322.6650508009937,52.85371040538247,138.25009621509594
2022-03-28,329.9982164439121,53.15922284152499,139.6013593585397
2022-03-29,335.84712397937864,53.2610606933577,140.39480967047362
2022-03-30,338.2603609574185,52.75187255354978,139.78714627262423
2022-03-31,343.78524451750445,52.71821465044294,140.45543167408272
2022-04-01,343.57384235271553,52.12440215326774,139.63061257021891
2022-04-02,339.6116012314672,50.23530793159573,136.82963546879483
2022-04-03,346.7647779014181,50.060706420506015,138.61039310305162
2022-04-04,349.52526147895844,49.348288845765005,138.99499067594394
2022-04-05,350.34931098151134,48.43570360246804,138.65698926304617
2022-04-06,357.5950007061219,48.57147989194873,140.94615312922468
2022-04-07,358.0611082663723,47.77277841716194,140.5532990267424
2022-04-08,355.5696310001093,46.68535884313748,139.1086841239874
2022-04-09,361.976292552492,47.52653668140857,141.61514750128137
2022-04-10,362.3322168028346,47.573268600840166,141.7543949223103
2022-04-11,354.8577799948025,46.59189467542406,138.83018830205222
2022-04-12,356.83280906523254,46.965751675128,139.66364682481546
2022-04-13,352.4753001660528,46.498430836560864,138.01447749370354
2022-04-14,349.39916089024445,46.4452850222712,137.35635584559589
2022-04-15,354.1858067904081,47.47355496338297,139.85064251719496
2022-04-16,344.2381179009373,46.5065169348312,136.48602643054807
2022-04-17,349.2143063110578,47.57738580570189,139.08200745956128
2022-04-18,342.00320537222007,47.35806111885754,137.71676267593105
2022-04-19,326.8688761692393,45.92960741529309,133.0823071374379
2022-04-20,327.450332669731,46.76976811980719,134.99261320774494
2022-04-21,333.8122430461021,48.17181284806577,138.77243927006683
2022-04-22,323.1923541770692,47.110556269376225,135.46282921850724
2022-04-23,329.22645353667343,48.44866264769366,139.06736936399275
2022-04-24,327.44434564120377,48.72551178962108,139.57895128891514
2022-04-25,336.1265848829318,50.0174765346672,143.27990952603722
2022-04-26,341.0878638182239,50.75574200930777,145.39474253524318
2022-04-27,345.2052773809664,51.36843569531812,147.14986298475029
2022-04-28,336.00678217006396,49.99964923492612,143.22884149800055
2022-04-29,343.24259332146823,51.07637755916949,146.31323414573407
2022-04-30,341.7961652311445,50.86114113836675,145.69666855634554
2022-05-01,343.4333813129701,51.104767857102516,146.39456090592043
2022-05-02,344.63712853796176,51.422729196905486,146.91510608063928
2022-05-03,349.4478407366483,52.26874935479229,148.9727197912391
2022-05-04,340.0345168571863,51.38442176262943,145.85091171898642
2022-05-05,344.48532693804185,52.60206208096543,148.70605044515224
2022-05-06,338.4914436763712,52.212417310638,147.01743435314097
2022-05-07,332.8010989791657,51.87147788996383,145.46430820406826
2022-05-08,325.18895612008674,51.28701040562246,143.1651970167657
2022-05-09,318.8104497871638,51.043482341955254,142.0072405498066
2022-05-10,315.10798014686776,51.19674331983121,141.9717028145926
2022-05-11,313.47311075940826,51.49332511972405,142.36754203007555
2022-05-12,305.5557118671321,50.74327595484308,139.8814331608452
2022-05-13,304.2006135783544,51.59228832095965,141.37519794291032
2022-05-14,299.52076927748584,51.83063962432868,141.23302703168545
2022-05-15,285.979990712935,50.51387233734325,136.87328775576884
2022-05-16,285.9652848279057,51.34275479441828,138.46831011702116
2022-05-17,279.26355218092056,51.393426668438394,137.81245953432744
2022-05-18,271.05482373282524,50.83147062649389,135.74869295036294
2022-05-19,262.64556265513477,50.16734114738246,133.32232170559558
2022-05-20,252.33056733172444,48.94125529747629,129.46802282530192
2022-05-21,246.75575154234306,48.63473367057463,128.03724825570876
2022-05-22,242.96777214859983,48.634733670574626,127.35748107794525
2022-05-23,235.27648919629317,48.430386138540335,125.58721213030766
2022-05-24,225.4729407006495,47.05103996845868,121.16621810219957
2022-05-25,224.030127652423,47.43356019858412,121.26906008931539
2022-05-26,224.19175981892585,48.0921909730236,122.27691497197254
2022-05-27,223.57991124940074,48.29767862880034,122.39566417044504
2022-05-28,223.48247904970094,48.63429761517155,122.82306578486804
2022-05-29,227.04000059622857,49.68392013047469,125.21431317222466
2022-05-30,224.081997048,49.036610354004,123.58295137835671
2022-05-31,229.8328974726696,50.04178514356321,126.26191907191757
2022-06-01,228.49780192958056,49.460483171522064,125.06782614384763
2022-06-02,226.13878226276282,48.67849870324405,123.34605731226655
2022-06-03,228.6447560807729,48.9228686234964,124.24678173762047
2022-06-04,228.24589591128694,48.48300283281223,123.55287384931216
2022-06-05,229.26820814989838,48.33638101220091,123.61888636155875
2022-06-06,230.11354637109122,48.14088514176909,123.57365797268706
2022-06-07,234.4071898739873,48.9228686234964,125.88197976642388
2022-06-08,244.82352580179995,51.03676524718646,131.47327060306827
2022-06-09,250.43427173589797,52.15521808843097,134.48416593804976
2022-06-10,252.08800392167566,52.4434434751656,135.36987225207525
2022-06-11,256.07891772467366,53.273698224244455,137.5129710242355
2022-06-12,252.00033634684982,52.42520544148903,135.3227952463463
2022-06-13,248.40980854628984,51.67824549565525,133.39470155637306
2022-06-14,243.37946069918135,50.98836046664211,131.17277991913048
2022-06-15,238.59430968222912,50.39589337164052,129.14490846448192
2022-06-16,230.23375063037517,49.05926353084937,125.11096632653724
2022-06-17,218.63462682382928,47.12857594650103,118.72136714784112
2022-06-18,214.8439233789557,47.227585515618856,116.43358448927428
2022-06-19,210.94922537759663,47.52461422297234,114.43559904606239
2022-06-20,205.05554436661663,47.47510943841343,111.42351602021343
2022-06-21,200.87044736086233,47.67312890549932,108.77894801765686
2022-06-22,187.50525537242518,45.86064620696074,101.38156632313392
2022-06-23,187.98405506383318,47.31710907104332,101.69907835598666
2022-06-24,186.62107820983147,48.206326994955255,101.72810920761556
2022-06-25,178.78185627553597,47.78277316215891,98.73310986918743
2022-06-26,175.3178931076788,47.86942223773543,97.65910103621209
2022-06-27,170.21619488409738,47.908897748023364,96.38724957504493
2022-06-28,163.54522061474452,47.54067691238691,94.46249934976963
2022-06-29,162.51545788193883,48.48406238824868,95.38739914521919
2022-06-30,161.6235969772188,49.40250424542308,96.43001369218732
2022-07-01,159.95511514819287,49.644199297916224,96.53073215441626
2022-07-02,155.8961819897143,47.86123230500541,94.9200783212498
2022-07-03,156.5726700511286,47.38620798540887,96.12382736800075
2022-07-04,157.63572434256432,46.52819002416266,96.6610382019983
2022-07-05,153.38350820995717,44.187464730854835,93.94739524223932
2022-07-06,149.73875108209288,41.964798117809956,91.60024989709704
2022-07-07,147.27825676080005,39.88651637228889,89.95921256445537
2022-07-08,149.08712655870002,39.241538826935404,90.95305753536006
2022-07-09,148.19243619580718,39.00604547869033,90.40723694084694
2022-07-10,147.56075119170004,38.8397783288214,90.0218670980647
2022-07-11,144.25980303310718,37.97092876198693,88.00806929593503
2022-07-12,148.94767493312148,39.204833468760384,90.86798277392752
2022-07-13,146.13018676457145,38.46323643142629,89.14912770297391
2022-07-14,141.1872388223786,37.16219261852061,86.13360088346984
2022-07-15,140.28890975550004,36.925741519281,85.58556043764824
2022-07-16,144.39944268938572,37.47746047890626,87.13688546707773
2022-07-17,141.74529158667858,36.33461472295041,84.71639110547517
2022-07-18,144.72610789853573,36.64988258333606,85.68836759055833
2022-07-19,145.34025895383584,36.137572276217654,84.8867806220095
2022-07-20,150.07367552993497,36.76810799698894,86.70050290546348
2022-07-21,155.0802924328707,37.29804315226444,88.44643036447471
2022-07-22,155.32382380332356,36.64340022439002,87.40135556308267
2022-07-23,156.63680870782642,36.57586627031798,87.66638502374937
2022-07-24,162.3662550873464,37.56643940775985,90.44159019277343
2022-07-25,164.8371471682321,37.719635241670325,91.32854432598992
2022-07-26,168.50795447651768,38.27079347371161,93.09131248431285
2022-07-27,175.46514045903,39.4820259682707,96.60062165792121
2022-07-28,175.95703423645713,39.3437111700429,96.66326712211303
2022-07-29,179.37036297213427,39.86779512482165,98.33856695217165
2022-07-30,176.7567684090965,38.93193154142267,96.55276036896734
2022-07-31,177.8945449360865,38.744758933516415,96.8273459243605
2022-08-01,178.29276655241367,38.520151640868605,96.80061528717599
2022-08-02,179.45640158347078,38.33297903296234,97.09001326166205
2022-08-03,177.54287077975934,37.58428832940347,95.79198984874213
2022-08-04,177.56442638628224,37.28713071908442,95.57106328055262
2022-08-05,180.27128339584507,37.53462342007941,96.78165655747162
2022-08-06,187.04861873452288,38.8374522067296,100.40879362778193
2022-08-07,189.20977779897,39.203114031072,101.50424126128637
2022-08-08,191.46330430560002,39.59643479043908,102.65587513292056
2022-08-09,189.74180961270002,39.24041329275981,101.73287035726779
2022-08-10,190.7512175808,39.449168473972115,102.27407933048208
2022-08-11,192.44824329959997,39.80012955476966,103.1839647046968
2022-08-12,193.1848884117,39.95247477961967,103.57892784877957
2022-08-13,189.13334752709997,39.114577538580726,101.40663443384109
2022-08-14,184.34516153039996,38.12433507269178,98.83937787481982
2022-08-15,184.52932247969997,38.16242131092081,98.93811848458975
2022-08-16,185.45012722619998,38.35285250206602,99.43182153343942
2022-08-17,181.9510678746,37.629213703780366,97.55574924280769
2022-08-18,182.7825475194,37.801171613178774,98.00155932062766
2022-08-19,187.4082749913,38.757816108915044,100.48171134493596
2022-08-20,189.42221001869999,39.17431705291496,101.56151232010666
2022-08-21,191.98515787290003,39.7043590781907,102.93567462158346
2022-08-22,192.15285758909997,39.73904097664102,103.02558929838533
2022-08-23,196.31629466040857,40.69425047748853,105.3311991507467
2022-08-24,199.22936687344284,41.376637455680445,106.95532393305102
2022-08-25,201.2389642335857,41.966348292491276,108.01031677444755
2022-08-26,199.00456446898284,41.8896974844036,107.10940919814223
2022-08-27,196.72780662848572,41.736395868228264,106.1334608167859
2022-08-28,197.3764191855857,42.3112776087204,106.82582715085424
2022-08-29,197.10638350732285,42.77118245724643,107.08927269077715
2022-08-30,193.1352933891857,42.38792814487423,105.3080225943922
2022-08-31,192.48422273924143,42.77122569472744,105.37528153673546
2022-09-01,188.53581477684293,42.456160425054726,103.85444223207774
2022-09-02,180.1720305647172,41.11269275719259,99.84175544582281
2022-09-03,180.34876574775717,41.71105380954471,100.56779539161816
2022-09-04,181.65685694339695,42.575572286064,101.84007539702381
2022-09-05,179.39665835240268,42.96527578145339,102.01883515472392
2022-09-06,174.53929922355982,42.702732358057794,100.662760500283
2022-09-07,171.74770581274836,42.83759631581973,100.40395666448099
2022-09-08,167.27695775276834,42.37697709708852,98.92636819436224
2022-09-09,168.2748868317112,43.13071761210926,100.42092962366694
2022-09-10,167.7397655477255,43.54946255418043,101.10382258349857
2022-09-11,167.84021758538574,44.17757969535334,102.39368964415873
2022-09-12,167.84021758538574,44.177579695353344,102.39368964415871
2022-09-13,167.14901053337147,43.99564562099588,101.97200739551769
2022-09-14,164.8230883376786,43.38343470609321,100.55304024408942
2022-09-15,168.81141887987147,44.43321164819888,102.98618699288853
2022-09-16,166.49098470109288,43.82244524586947,101.57056789658536
2022-09-17,169.49187408850716,44.612315707053725,103.4013099023566
2022-09-18,165.72318716603573,43.62035162800565,101.10216036205512
2022-09-19,162.77736391219287,42.844975240645674,99.30501235819794
2022-09-20,165.2566677164409,43.665161702433174,101.07818984922531
2022-09-21,166.97006208435343,44.27162230429479,102.36524975528368
2022-09-22,163.30688105481,43.448568572068204,100.3499499217756
2022-09-23,163.89337251763544,43.751798737032075,100.93923583066281
2022-09-24,159.33190005365142,42.71215160250669,98.4067834467148
2022-09-25,156.8602559626714,42.4089214375428,97.46209074339042
2022-09-26,158.80525367585142,43.275293415135,99.22333646142324
2022-09-27,154.4987263613863,42.2789650698429,96.82964547718753
2022-09-28,154.52910470917524,42.54200857957551,96.97021593523291
2022-09-29,155.5469749081255,43.0594094882322,97.71788032768961
2022-09-30,159.35985688761133,44.37579553661802,100.22162649684114
2022-10-01,163.21665596026259,45.7243916048226,102.76235316815603
2022-10-02,164.0004957604051,45.79554260406044,102.83463213767588
2022-10-03,163.86549124639515,45.61369992224074,102.33185671100638
2022-10-04,168.35422118946707,46.71066240357773,104.73933502784918
2022-10-05,172.3572676502027,47.51690927223539,107.2179459101225
2022-10-06,175.02146499059305,47.9757380760156,108.86080410077149
2022-10-07,175.59523489164317,47.82450356557915,109.19286988569262
2022-10-08,174.96992344962732,47.32860501733371,108.77351597920821
2022-10-09,175.37230242615905,47.36961737627986,109.22314812372414
2022-10-10,179.68940371980904,48.46628211409028,112.11604137233176
2022-10-11,182.27551591815427,49.09287228728955,113.9382704179037
2022-10-12,179.06859843017511,48.295889552016824,111.73736213795834
2022-10-13,179.06602119491805,48.43453596534473,111.56601013888657
2022-10-14,178.75639082708722,48.68645365604324,111.47436975834225
2022-10-15,177.17793425470782,48.58803641195711,110.58698813943865
2022-10-16,176.86869562188494,48.8142664274411,110.48775371451822
2022-10-17,173.28831361241632,48.387308337078586,108.71947727460758
2022-10-18,168.80589389818778,47.68874231973161,106.36229289532147
2022-10-19,169.46604724602977,48.34073709386867,107.44415889728191
2022-10-20,167.58670325865302,48.433879054128134,107.16889900868762
2022-10-21,165.88109664882018,48.433879054128134,106.78595409753656
2022-10-22,161.75525169060924,47.68874284589198,104.79210395324564
2022-10-23,161.51828326782066,48.20422741778592,105.44317988779972
2022-10-24,158.907686217695,47.77008907999268,104.1519195270996
2022-10-25,155.37813081867668,47.034098065073,102.22786343331235
2022-10-26,155.58800103089382,47.46867364213015,102.80972549250055
2022-10-27,154.43249823436648,47.219217329622445,102.16209192151562
2022-10-28,155.73671687353504,47.613629507483516,103.01996651298471
2022-10-29,157.5721778436429,48.16869607136942,104.22727584180438
2022-10-30,155.56385102433416,47.45032616709751,102.78142223350503
2022-10-31,161.79084363598304,49.2327243970955,106.76409184704309
2022-11-01,165.59411888453832,50.29252844432544,109.1641737211538
2022-11-02,160.71696982799935,48.70282250502061,105.67275712710513
2022-11-03,165.6671519218608,50.09983773211337,108.60898815279894
2022-11-04,160.88829280750224,48.654650418898015,105.30244534292515
2022-11-05,162.16265431006417,49.04003342180324,105.94969811961569
2022-11-06,162.48124468570464,49.13637917252955,105.98598128146753
2022-11-07,157.81877803471102,47.72639040929938,102.7373666581913
2022-11-08,160.79359137423984,48.626011510192185,104.48835777534302
2022-11-09,165.04721594838216,49.91236126912553,107.25248688363891
2022-11-10,162.29248035355437,49.07929445597211,105.46237947980025
2022-11-11,162.71886354023326,49.30728184707758,105.84892903481604
2022-11-12,164.80635338928414,50.06200022481395,107.34187392045796
2022-11-13,162.5132405035547,49.66422009445193,106.18937207902273
2022-11-14,158.23957252596375,48.65374226610679,103.73414416579529
2022-11-15,155.3119320711814,48.26912824657604,102.07497836455558
2022-11-16,153.8685016475003,48.31720509767245,101.37244705244858
2022-11-17,150.444290603766,47.88451343780475,99.5920470592002
2022-11-18,149.5588319472963,48.12489716712645,99.35515179090362
2022-11-19,143.7210544403269,47.16336067135858,96.17568353248221
2022-11-20,144.776617228996,48.127113617667014,97.2849586157918
2022-11-21,143.74829320612236,48.447340340924576,96.87189152438098
2022-11-22,137.74883204848717,47.084139598975,93.32437093414246
2022-11-23,134.51301806865268,46.68616952472097,91.6513595748058
2022-11-24,131.95820121147375,46.285244270772885,90.15496978056133
2022-11-25,128.07312427014918,45.54630386392319,87.91139462880517
2022-11-26,122.1302978365375,43.74622585639666,83.94510640999893
2022-11-27,119.46205120772098,43.15250044888046,82.25632117175181
2022-11-28,120.18132148924192,43.635731127275925,82.97049994815144
2022-11-29,120.4540085784498,43.87734659801375,83.32974863711918
2022-11-30,119.62675571801977,43.73237705249088,82.94495170801451
2022-12-01,122.39345334269942,44.89213052279191,85.04112520256353
2022-12-02,122.65694853885289,44.98877671108704,85.02534996142028
2022-12-03,125.55539426202265,46.05188425617312,86.83083960569438
2022-12-04,126.0823839370704,46.24517636968319,86.97428220934898
2022-12-05,127.45194594401623,46.58343802871616,87.49438397276846
2022-12-06,127.16827765034213,46.33788635228242,86.92514173741277
2022-12-07,130.72728070912606,47.37215189076151,88.87415515913706
2022-12-08,131.67809086140863,47.45765189786935,89.02617826467933
2022-12-09,134.76565950646517,48.224437237433,90.97918858904261
2022-12-10,137.32005849139463,48.79085202808663,92.56614174121424
2022-12-11,137.78812515688097,48.60887157319886,92.73580528988376
2022-12-12,136.5037455568316,47.957816521474975,91.90690649657977
2022-12-13,140.75705006337256,49.26240694488672,94.809725767079
2022-12-14,138.7041150039937,48.18759101626258,93.28544573449487
2022-12-15,136.08596367063447,46.93363852952736,91.39102212733404
2022-12-16,134.0322979849153,45.94839061687858,89.75327239819076
2022-12-17,132.79838290992734,45.23184648907569,88.6532021751799
2022-12-18,133.40750751537036,45.14227847310035,88.78328142789937
2022-12-19,133.51326374258363,44.89322230555076,88.5883309914414
2022-12-20,131.74970027378268,43.97863352073448,87.11809949853043
2022-12-21,131.94458025136603,43.964117808565156,87.19139623767657
2022-12-22,132.2243702614656,43.98267101230079,87.32413891992903
2022-12-23,133.07473902332163,44.2655348249088,87.88574280389263
2022-12-24,126.86950594986862,42.2014469091589,83.7876583595104
2022-12-25,126.95169560921764,42.22878620176141,83.84193837775956
2022-12-26,126.1687611294465,42.039769141222756,83.3747424764407
2022-12-27,122.50147318241822,40.88355988714518,80.99723796201106
2022-12-28,125.69776292262229,42.039769404302945,83.17309479650432
2022-12-29,125.66188931549273,42.31725980417609,83.41903121864789
2022-12-30,128.30182596350738,43.5197177651594,85.46464515248267
2022-12-31,136.65456851139686,46.61835902910843,91.27930833022093
2023-01-01,137.64458742966124,47.26583592726528,92.22954031408678
2023-01-02,140.65059730960505,48.51454233207414,94.26478393164794
2023-01-03,144.6458104246702,50.08561509126775,96.95423300295388
2023-01-04,139.88450456571522,48.691807074684206,93.83306548150095
2023-01-05,141.2609311579055,49.1709216005387,94.5693669316356
2023-01-06,143.32475894850805,49.88931070966395,95.74133242187926
2023-01-07,142.3239371709588,49.540938879203786,94.87710660485496
2023-01-08,141.32788897085456,49.194228663178556,94.01732842044078
2023-01-09,140.07088268445196,48.75668264777677,93.18111432486587
2023-01-10,141.92542885870952,49.40222380194815,94.41483739258965
2023-01-11,143.07645541364164,49.58057111951068,94.95642536118358
2023-01-12,143.20622576621915,49.313049617006534,94.7528417281993
2023-01-13,141.46221678231953,48.37672567364297,93.28738071683338
2023-01-14,145.2537264689947,49.13470177328366,95.20511883693072
2023-01-15,148.8734222325989,49.685752681258414,97.16622387299253
2023-01-16,152.1604379087888,50.13507127176289,98.91488441451716
2023-01-17,154.66317936497651,50.26885359558994,100.11499586743743
2023-01-18,157.60348297668162,50.5969866675829,101.60230450969986
2023-01-19,160.57206121459186,50.992572446139704,103.14946718709112
2023-01-20,160.71742571149338,50.39238394777124,102.7798354112562
2023-01-21,159.63300479997926,49.552112420730104,101.85628861928373
2023-01-22,160.96176209137667,49.60243334578628,102.30443431492925
2023-01-23,164.82536146692104,50.14319334624822,104.02378887901374
2023-01-24,162.40963199735117,48.81587332119799,101.82924933716426
2023-01-25,170.46880124593173,50.53647322700228,105.95188123703804
2023-01-26,174.2456595055043,51.02807327525499,107.47122446378378
2023-01-27,179.59930694176927,52.10959327617888,110.10458413247311
2023-01-28,186.41500517470055,53.58439315785682,113.59111524471457
2023-01-29,190.84455940145145,54.34306326301988,115.583572155674
2023-01-30,189.37511320850743,53.67758484027086,114.30045284248823
2023-01-31,188.59986644186054,53.254112825411376,113.50832149817019
2023-02-01,183.7615724538583,51.7014522589754,110.32718193307763
2023-02-02,183.9018880416199,51.54368965032055,110.12668395679482
2023-02-03,182.23725838000033,50.81753914964064,108.82791062351043
2023-02-04,178.70244699537915,49.55753660794024,106.39687599102156
2023-02-05,178.16185649409286,49.19798071274647,105.7728204709061
2023-02-06,180.69789568468897,49.71260422320192,107.00828683248827
2023-02-07,186.30333213749196,51.102087464659476,110.10285254270613
2023-02-08,186.49040576040244,51.1535493684687,110.21347716606651
2023-02-09,188.88969629772654,52.02840936255099,111.94243024660473
2023-02-10,190.53421892931414,52.74888232980466,113.22910221803606
2023-02-11,191.97602647245873,53.41789260400855,114.40046812743779
2023-02-12,192.7907307354639,53.85484879364036,115.18949827653502
2023-02-13,193.39470974239694,54.22685837853023,115.84384340739689
2023-02-14,193.8575149096579,54.80522542805142,116.80626515325874
2023-02-15,196.64815138403654,56.05031369110545,119.18548433061662
2023-02-16,199.58519022677484,56.879632400893705,120.95313324524042
2023-02-17,202.7170970391291,57.763975120167075,122.83806292237045
2023-02-18,206.0285546637051,58.6990168107194,124.8310547720959
2023-02-19,206.15764923148112,58.73546867469572,124.90874998990934
2023-02-20,204.5254682194354,58.27459691796109,123.92642624518068
2023-02-21,208.58508729001397,58.94029922194573,125.63830710918594
2023-02-22,206.0391222622438,57.76251739287387,123.40377260841151
2023-02-23,205.40859733640076,57.3528539306522,122.68991377744565
2023-02-24,200.88412701678348,55.816616670791454,119.66697805151959
2023-02-25,192.43907373159405,53.207730999933126,114.32431820419097
2023-02-26,197.8133134975764,54.37127335102766,117.14843979830661
2023-02-27,200.11561103779817,54.7263979236214,118.19211292659885
2023-02-28,197.369133709989,53.888449657675075,116.53107954003247
2023-03-01,206.103492168977,56.29117596327978,121.69607875150518
2023-03-02,202.98600464559718,55.642529673710136,120.15420638768423
2023-03-03,211.08711041132872,58.18868571652746,125.32973052079477
2023-03-04,218.39654530738449,60.75298745187717,130.4282683199713
2023-03-05,213.553722301265,60.021023405316484,128.37199663090044
2023-03-06,210.06478975465234,59.57058383015287,126.99568846472143
2023-03-07,212.4448072511698,61.1471207647444,129.6055799038483
2023-03-08,202.4121033059408,59.063839308093804,124.61232668919368
2023-03-09,198.4465328374551,58.55709557527529,123.02941945980398
2023-03-10,189.10164630981487,56.768360795993,118.47162776338114
2023-03-11,189.36422351221503,57.6077583706667,119.49684980217008
2023-03-12,188.3304488004094,58.050417612502486,119.70152107163163
2023-03-13,191.0175894797087,59.560265562301026,122.18042172855714
2023-03-14,186.4834228888288,58.58553506920252,119.76477995108516
2023-03-15,188.0865574101863,59.46951736862537,121.21423723534178
2023-03-16,187.37207448826618,59.50046164897357,121.04153381479473
2023-03-17,190.39111506980453,60.202506901738836,122.60099069194696
2023-03-18,190.8386208348786,60.03163947993532,122.53944984247235
2023-03-19,189.83589114695172,59.29121056541102,121.42585241739054
2023-03-20,190.68063336499947,59.12034235436695,121.48682831896467
2023-03-21,192.7986568697125,59.06338681017929,122.02942776900332
2023-03-22,197.47016839306337,59.746859391275386,124.14185279679647
2023-03-23,210.53191658661203,62.589361053751404,130.9419638823047
2023-03-24,219.43434772724927,64.14107716233092,135.11204054268032
2023-03-25,222.0282673828298,63.79701879454888,135.31217258172478
2023-03-26,226.90743125087087,64.1890837710185,137.36217212358656
2023-03-27,231.5663752781524,64.48445546784026,139.2452471448144
2023-03-28,233.7406450038724,64.43478014155282,140.01656491382258
2023-03-29,236.1389617427867,64.38411089833453,140.87079885813253
2023-03-30,234.29834212153415,63.4049272469808,139.6319707339522
2023-03-31,230.29277959919767,62.11844989415876,137.48098390747182
2023-04-01,229.50054268596,61.81214616341856,137.27114997118093
2023-04-02,230.63781292009713,62.11845094647949,137.82743733934655
2023-04-03,226.77110467328572,61.077017525338285,135.405668860945
2023-04-04,233.13980411413715,62.79232057474093,139.08021650193862
2023-04-05,231.32017877235427,62.30223481602075,137.8762147025472
2023-04-06,232.342677972915,62.680926374475014,138.062003462351
2023-04-07,232.944792859793,62.9361301997376,138.03865715017884
2023-04-08,234.92482119414882,63.56572790558728,138.8259789824428
2023-04-09,234.62767603474316,63.58135171148681,138.3779037935625
2023-04-10,233.13257882429346,63.2592581712517,137.26043848028675
2023-04-11,232.0938874696649,62.97950396640507,136.64296487154783
2023-04-12,237.68177306765347,64.48450782079667,139.96481006649893
2023-04-13,234.4224635902413,63.50336869444374,138.32035953763702
2023-04-14,234.30283840991189,63.378115430144916,138.51323969117132
2023-04-15,237.2181927687961,64.06700746300787,140.5196277758576
2023-04-16,232.45780635032747,62.689221818800874,137.96113873294286
2023-04-17,240.19779675126856,64.69327325834168,142.79102228994287
2023-04-18,242.98809224307428,65.44479284413468,144.4497766630254
2023-04-19,238.1050785511543,64.12963448977756,141.54695854247842
2023-04-20,236.27663188338857,63.637172853925996,140.45999699485327
2023-04-21,238.01985717721715,64.10668153306382,141.49629676593412
2023-04-22,236.52375306233142,63.70373082478794,140.60690377854573
2023-04-23,242.46042632938287,65.30267482471378,144.13609370563518
2023-04-24,239.76966598750283,64.5779633726341,142.53651025753155
2023-04-25,230.73667799698288,62.14507860718738,137.1666458918114
2023-04-26,228.84281819194425,61.72163789886967,135.79495142642142
2023-04-27,228.07983264689418,61.60277932457554,135.09553078639195
2023-04-28,228.18914393555931,61.730189057133266,134.8825176057812
2023-04-29,224.67280124562498,60.9657288202257,132.57652460167725
2023-04-30,224.176891023497,61.029433686504554,132.04878328344105
2023-05-01,232.9738650337092,63.641340833262994,136.99189515148183
2023-05-02,233.60077438247848,63.89616082453879,136.7725209910249
2023-05-03,236.17536796185036,64.59691566900713,137.90176359800336
2023-05-04,240.1201865462947,65.57274794191144,140.09665473333368
2023-05-05,233.45268677997242,63.67899944603807,136.09139382488
2023-05-06,237.5262752387513,64.30571958084768,137.86078269894435
2023-05-07,237.52212006834358,63.603878215224135,136.92581319676745
2023-05-08,229.15116558088857,60.61050401408228,131.08729150477114
2023-05-09,239.3703758655531,61.8724259887968,134.80564558982798
2023-05-10,252.09148007967696,63.56271905753595,139.7944027608784
2023-05-11,258.332170624357,63.785103103826735,141.03960688379613
2023-05-12,268.5166880002998,65.16627669462856,144.74233043153453
2023-05-13,271.71548714179806,64.91515429532282,144.76471506915092
2023-05-14,284.24441514664807,67.11247574963835,150.08175323046186
2023-05-15,290.00458423980524,67.74028187944279,151.86970667994655
2023-05-16,290.74285345011424,67.86584294755556,152.3586803705239
2023-05-17,288.0532803502286,67.23803681775114,150.94925687689036
2023-05-18,286.2980612899714,66.82832968421911,150.02946518946422
2023-05-19,286.5462804104143,67.69627014333189,151.55020953050638
2023-05-20,280.88365228984287,67.08188741677755,149.7973268157987
2023-05-21,272.51075341632855,65.94286729568749,146.80959687265795
2023-05-22,268.6856156954486,66.0453238729012,146.45490552360314
2023-05-23,264.5866606439057,66.41909767349732,146.4899197034427
2023-05-24,255.12238383102456,65.51100644303725,143.2366799018765
2023-05-25,251.83464623184202,66.22564744879733,143.36479198985322
2023-05-26,248.7753963228277,66.42004712987725,142.55528743324177
2023-05-27,248.71524792794088,67.32724783391835,143.37934851121992
2023-05-28,247.00795703279343,67.91044898179953,143.36897917960593
2023-05-29,248.47372880906772,69.07684917292046,144.8000861499532
2023-05-30,246.76365898171915,69.07684917292045,143.91954232767793
2023-05-31,245.7791079201866,69.14073924764804,143.72432630017875
2023-06-01,241.53209118063774,68.20035176778006,141.59633334929904
2023-06-02,244.08072187767772,69.27446579847633,143.48869984379013
2023-06-03,240.6575892701417,68.58887200186587,141.7976016739328
2023-06-04,237.92558661639768,68.1373345930992,140.5553836418394
2023-06-05,232.43822970677485,66.88616602085897,137.6735767208073
2023-06-06,231.77207912618056,67.02443833416685,137.64973368636
2023-06-07,230.1888272412343,66.86917051488602,137.0493932731137
2023-06-08,234.2304505489371,68.34324034905656,139.7927315898946
2023-06-09,235.37863866075426,68.67825612479342,140.47798985650255
2023-06-10,239.6463006058313,70.28633190094642,143.42958109731404
2023-06-11,241.77454342378087,71.29137922815703,145.12797463864737
2023-06-12,244.86979221507391,72.56443975473353,147.38773110121522
2023-06-13,242.76412858702628,72.29642681844783,146.51722294903752
2023-06-14,238.9388720830393,71.46931272059192,144.55647656221916
2023-06-15,236.56507582473645,71.28331634671282,143.68811270669443
2023-06-16,230.7423724222406,70.43458600255227,141.12604397895416
2023-06-17,226.80514004124166,69.70088773142619,139.20710197949765
2023-06-18,223.2453949232261,69.11725118584238,137.5554486106992
2023-06-19,219.07466487342626,68.31946842373358,135.50120471501026
2023-06-20,215.8259845105338,67.78094065862318,133.98772236811945
2023-06-21,214.73717289651083,67.84662336171675,133.73773067785984
2023-06-22,211.28330941213792,67.0935329241519,131.94558857769692
2023-06-23,206.07277276032224,65.17657496838652,128.3085011534119
2023-06-24,208.43403363076072,65.58735125978167,129.42324674236082
2023-06-25,210.51662081670494,65.72427660255333,130.17579193557873
2023-06-26,212.95484356000955,65.99812728809664,131.17550303575362
2023-06-27,215.32830817002673,66.2719787628805,132.15626398453122
2023-06-28,213.64704283541354,65.36858982760883,130.72018082969038
2023-06-29,217.2527355686722,65.65935604274948,132.0545789414957
2023-06-30,225.34346385086943,67.56648479672297,136.4975938343667
2023-07-01,223.996461867242,66.38004368343238,134.70324175471293
2023-07-02,229.47018310487465,67.23125592603799,136.9814291904162
2023-07-03,229.40334881496582,66.30975128937476,135.7415602748128
2023-07-04,232.26402938735373,66.1301924875702,136.18563393844406
2023-07-05,245.57686176325328,69.01585797872777,142.87291140504476
2023-07-06,246.25968419387272,68.55222019695057,142.4117605224039
2023-07-07,252.9789302612958,69.6781981179755,145.3282708389589
2023-07-08,265.0968816404437,72.65872927075063,151.89756265407576
2023-07-09,266.1111261121939,72.5262615585973,152.02464326625758
2023-07-10,270.6004604103552,73.65223974270239,154.54960701475278
2023-07-11,269.2443532903245,73.18860169784503,154.04350862759813
2023-07-12,268.54418384534716,72.99802904418515,153.64361680035995
2023-07-13,265.8031208459535,72.25196442598369,152.07809762601505
2023-07-14,258.96421320657777,70.39054532762125,148.1721527267607
2023-07-15,251.0173512879383,68.33042439794866,143.67529244728698
2023-07-16,249.61761006827163,68.06497517804489,142.9228858575475
2023-07-17,246.10021552626128,67.4534629193657,141.29679744362616
2023-07-18,253.3510185624613,69.93349796750483,145.62557555823528
2023-07-19,253.28673031657823,70.29237143270427,146.00545810706686
2023-07-20,253.13208525156958,70.8564029799814,146.71144024018284
2023-07-21,244.44866864717935,69.02330156942153,142.44704748409546
2023-07-22,241.45915145237606,68.7412854011627,141.52928872092613
2023-07-23,237.2538894720274,68.1772549062063,139.99268757124386
2023-07-24,239.5413730645303,69.16430939047076,141.8471565206539
2023-07-25,232.43728935040457,67.47221659020069,138.19011269485634
2023-07-26,229.8530038850743,67.0659986891339,137.18019669062622
2023-07-27,231.29031010505142,67.485372703985,138.03800557990968
2023-07-28,235.90814519671179,69.1696770154416,141.169659686451
2023-07-29,233.3996564941993,68.75542569791108,140.026736322393
2023-07-30,235.89644859993732,69.88824133596863,141.96764602935
2023-07-31,232.7213978898802,68.96183209545642,140.0727215622061
2023-08-01,231.97689008903447,68.74460126378743,139.62838659667838
2023-08-02,233.7263568750459,69.25505679490587,140.67249824086971
2023-08-03,236.77539087513736,70.14469715982143,142.49221378419185
2023-08-04,233.47383680416266,68.84445439951159,140.14613866189595
2023-08-05,239.72247635664084,70.34999862059877,143.52124790379202
2023-08-06,240.16998037988574,70.07626316417553,143.3375443906303
2023-08-07,241.34268514032001,70.41843235316448,144.0374346116728
2023-08-08,238.0591105488,69.46035825568319,142.0777412393892
2023-08-09,239.9576987162057,70.01432409208402,143.21085106974598
2023-08-10,234.3645000205714,68.38235300600228,139.87273460301276
2023-08-11,241.4432754411429,70.44778236760456,144.0974686204472
2023-08-12,244.53936633106287,71.35115288726344,145.94526851895813
2023-08-13,237.77571879257144,69.37767083881029,141.9086082013047
2023-08-14,243.68742744336,71.10257605180703,145.43681684676724
2023-08-15,254.52449933389715,74.26459280564598,151.9045663578315
2023-08-16,254.78271263355427,74.3399337084126,152.0586724631962
2023-08-17,261.5925731214857,76.32689966855794,156.12291345800713
2023-08-18,257.6268492910285,75.50470753784312,154.1295179338467
2023-08-19,250.13052362385955,73.65477373102367,150.031685407868
2023-08-20,255.1329522584761,75.50470727476292,153.45242465967823
2023-08-21,252.36145363304735,75.09361002554468,152.24161073091256
2023-08-22,244.83641993676162,73.39905716248471,148.29290420325242
2023-08-23,240.08483117307043,72.56009445935328,145.92257094924258
2023-08-24,235.29268198902668,71.98252270122487,143.94383828703116
2023-08-25,234.7241075047772,72.2787617734095,144.08702966214935
2023-08-26,233.7438625482433,72.65196600540973,143.77054940603344
2023-08-27,223.0673990731239,69.99026540936173,137.50928371161243
2023-08-28,211.488285674452,67.26849860904397,130.9774160274721
2023-08-29,213.40985335885014,68.73980873209632,132.6825339758344
2023-08-30,207.10901509852306,67.57595989258876,129.39435905218332
2023-08-31,205.36092622318205,67.93966245762472,128.83352348439672
2023-09-01,205.99191447918997,69.1035112971323,129.78421682293575
2023-09-02,207.01698234562042,67.64310544292064,130.45711929374335
2023-09-03,214.00767968849908,68.0459763164795,134.81708560848492
2023-09-04,219.34057782276187,67.79977760445449,137.86968562530254
2023-09-05,210.7020031415389,63.245100754054484,132.1891439530066
2023-09-06,211.02081517242772,61.454525344391314,132.05362433578253
2023-09-07,210.63170663577748,58.9331142795456,131.11762221095594
2023-09-08,206.1349981941541,55.19435532010561,127.6050750394857
2023-09-09,205.09133136724122,54.91490487168549,126.95900724444297
2023-09-10,201.9800472124697,54.081832736217606,125.0330089835128
2023-09-11,203.19086256170803,54.40603858771475,125.78254780444117
2023-09-12,205.96398984598764,55.14856641664869,127.49921464075997
2023-09-13,208.32794460368146,55.78153490817052,128.96258877367336
2023-09-14,211.5830709464415,56.6531219824087,130.97763059029722
2023-09-15,222.77256170334925,59.64920093114743,137.90433309204317
2023-09-16,223.58634177745677,59.867097294968225,138.4080926104745
2023-09-17,225.02140394971534,59.97604527450926,138.97631028264203
2023-09-18,225.48754489100062,59.81262290045897,138.92969034363287
2023-09-19,226.9396219910498,59.93669960946926,139.52073563470992
2023-09-20,229.42788660406265,60.31840001597485,140.73016605162357
2023-09-21,227.0894189958747,59.42329478760548,138.96980463436657
2023-09-22,217.4644407423062,56.594706849129594,132.7192253247645
2023-09-23,220.5439606040914,57.11523082311085,134.27200018151646
2023-09-24,221.59716304484573,57.38798325007542,134.9132129262626
2023-09-25,220.95606294724115,57.22195476325989,134.52289712624636
2023-09-26,220.99410668596116,57.231807116107895,134.54605898875363
2023-09-27,223.43480495107198,57.8638853847648,136.0320096218988
2023-09-28,224.14713405435933,58.32357854228024,136.7857320513067
2023-09-29,227.0710011732254,59.35788839965166,138.8880793931076
2023-09-30,222.07264073254834,58.32357894701897,136.14747229921323
2023-10-01,219.93690360458405,58.03627069827566,135.1562692409586
2023-10-02,221.45669047731798,58.725810333364116,136.42570233934381
2023-10-03,226.5574493773078,60.3566439821568,139.89148990285466
2023-10-04,219.9342277744138,58.88921348232412,136.14730096667944
2023-10-05,218.96803106074813,58.63050629921417,135.54918999459653
2023-10-06,221.87907588551917,59.40996269341577,137.35123281392575
2023-10-07,229.09050935526184,61.34088381201874,141.81537290226746
2023-10-08,230.70484844738988,61.773136492245946,142.81470762366274
2023-10-09,230.608426113115,61.74731861257783,142.75501868530478
2023-10-10,230.22012778466953,61.64334851483521,142.51464787116325
2023-10-11,236.46557540650124,63.31561891138285,146.38080752100774
2023-10-12,241.63422004627094,64.69956637915887,149.58038688835538
2023-10-13,236.8962940296358,63.43094739483566,146.64743804327466
2023-10-14,231.51228592144702,61.98933457230172,143.3145408415509
2023-10-15,235.60413060231966,63.08495992078355,145.84754179785082
2023-10-16,233.46070212297633,62.51103916919589,144.52068146678388
2023-10-17,235.71826641578693,63.11552073140984,145.91819602527352
2023-10-18,234.50852126693846,62.79160143494263,145.16931969738246
2023-10-19,231.07549753889808,61.87238086042697,143.0441529170363
2023-10-20,232.08142544203608,62.14172639902354,143.66685894312965
2023-10-21,235.0332051470405,62.93208989523703,145.49411813762293
2023-10-22,234.1503049412584,62.695686042921594,144.94757073908224
2023-10-23,238.69698025305993,63.913096064912914,147.76212842906827
2023-10-24,231.42226790278957,61.70284470529646,142.95369669738415
2023-10-25,232.72650312922823,61.64144867117623,143.32645607265528
2023-10-26,236.61689160614142,62.25540759579292,145.28202977394045
2023-10-27,243.80471329102994,63.4833246355488,148.86123854875464
2023-10-28,249.5304049916927,64.09728295305737,151.6364878603765
2023-10-29,248.88214672395546,63.11494883556617,150.68513655300006
2023-10-30,252.85931209141205,63.240930042730966,152.50855226960044
2023-10-31,264.2133621780566,65.24482150928365,158.75354919126858
2023-11-01,269.2906779508133,65.76656415161965,161.28465188753302
2023-11-02,272.1964831365232,65.60574485479405,161.75285435740196
2023-11-03,271.01965166778126,64.69664477254354,160.21042525285088
2023-11-04,276.28013010408296,65.42996074769006,162.1554809736404
2023-11-05,287.48088380527446,67.26119592814355,167.0526498998387
2023-11-06,283.06018481495096,65.47639136442378,162.93937438277823
2023-11-07,279.0706422768321,64.0939721901408,159.4478884926653
2023-11-08,281.15640271740807,64.0939721901408,159.42119790650708
2023-11-09,283.6287050524374,64.03113488135725,159.834695152653
2023-11-10,292.6227647227693,65.16220482050606,163.4520032446017
2023-11-11,295.2623014083475,64.65950695734583,163.30299257574077
2023-11-12,299.06092172877044,64.65862098423771,164.66273977560795
2023-11-13,301.5055692321647,64.55123043937921,165.4406424075054
2023-11-14,307.6093324775018,65.17293181377737,168.1924170734725
2023-11-15,313.80430802161493,65.43989364354789,170.3596580270305
2023-11-16,321.5959630404158,66.08387892128091,173.50254048410412
2023-11-17,325.6911830050516,66.16678560536778,175.02961524930976
2023-11-18,327.164841485856,65.80760364829851,175.19372819033583
2023-11-19,334.20083468136175,66.62717369930468,177.86594884552645
2023-11-20,351.34095016297033,69.55512580862948,186.08921325269992
2023-11-21,358.49172586339034,70.46604458442103,188.94848634415752
2023-11-22,357.7500757384715,70.07565119919636,188.12646004155445
2023-11-23,357.4179019436143,70.01058539889463,187.9517831249499
2023-11-24,363.3970137208715,71.18176656641555,191.0959589312758
2023-11-25,366.7187413380857,71.83242254573898,192.84272266447377
2023-11-26,361.1717179106143,70.74587832043063,189.9257648440633
2023-11-27,351.4028494411286,68.83236420568046,184.78870752833154
2023-11-28,352.21763398847145,68.99196321519635,185.21717014227164
2023-11-29,352.5149911097571,69.05020916768092,185.37353836240453
2023-11-30,350.4534607409786,68.64639909786926,184.2894619726346
2023-12-01,352.13039464501804,69.26896620843841,185.68962851891814
2023-12-02,342.51142489199486,67.6058176113079,181.02091424593655
2023-12-03,346.0352441862806,68.91133885288046,184.00589331975257
2023-12-04,353.3835733028846,70.62044937928046,188.34548090388293
2023-12-05,349.01645741760865,70.00516958977646,186.47224429979065
2023-12-06,349.01645741760865,70.00516958977646,186.47224429979067
2023-12-07,342.38519318460857,68.70624558971245,182.98512759358363
2023-12-08,332.0201127563692,66.38185486906971,177.0162121894663
2023-12-09,343.6187947284138,68.43278709601097,182.72597795879412
2023-12-10,337.6596080065423,66.65022903468343,178.46033653401568
2023-12-11,339.55469866768124,66.75170837020252,178.98149380891945
2023-12-12,342.3926745147858,67.06746206253257,180.0506168102538
2023-12-13,351.1132213020429,67.85848791369874,182.726337817379
2023-12-14,367.69812556859335,69.88204057653256,188.97975182671053
2023-12-15,385.12023108546197,71.68935124515703,195.06617645299497
2023-12-16,393.3745267303476,71.24785008228618,195.93980316288565
2023-12-17,408.99287673408196,71.90657452844846,200.05349057289405
2023-12-18,427.2314688048533,72.5836603524192,205.19392842108672
2023-12-19,447.7074643790033,73.8024155236224,211.66987389692594
2023-12-20,455.31211902714614,73.5315813559296,213.56004434215012
2023-12-21,462.8216441038243,73.53158135592959,215.9303317182062
2023-12-22,472.19233339068427,73.87012426791497,219.27681030624944
2023-12-23,482.8203488793985,74.91772857877302,223.6909072258418
2023-12-24,499.19808064493566,77.14815960500023,231.33219584593658
2023-12-25,491.76616816664995,75.84185215841967,227.75293699815506
2023-12-26,486.9361755819,74.94179616574766,225.38297719475491
2023-12-27,483.86037728070005,74.4684161605344,223.95931509459038
2023-12-28,476.5793525829,73.34783178799681,220.58922450426272
2023-12-29,473.7395236059,72.91076858544137,219.27478301961568
2023-12-30,466.9117901093481,72.07481673381805,216.1181050457727
2023-12-31,455.65626526931953,70.9882619853024,211.46306083602903
2024-01-01,459.01812870629095,72.14725363610468,213.57025627446365
2024-01-02,450.8487958884338,71.56775781070354,210.38079355928411
2024-01-03,458.1238757354909,73.66843121492572,214.617097478231
2024-01-04,471.8316852783888,77.21784489094354,222.33908704287424
2024-01-05,456.4343377683889,76.27616354226238,216.827088505445
2024-01-06,446.9584349409121,76.07459312511222,214.10163245725656
2024-01-07,426.12262083254075,73.46342416110994,205.3065251892903
2024-01-08,407.7810715282408,71.29287058923977,197.72894314032524
2024-01-09,412.86359788994076,72.99623706340114,201.29770888002946
2024-01-10,399.4164383039693,71.34472794303771,195.78665274910324
2024-01-11,393.7935448110857,71.76939885476433,195.90408367316488
2024-01-12,401.2763542507286,74.14387761379064,201.73158833461721
2024-01-13,403.67448014129997,75.5501464232352,204.94309921587288
2024-01-14,403.40108143722864,76.28650279581805,206.4444132753674
2024-01-15,395.8142427448715,75.62378216167816,204.1695886396511
2024-01-16,380.4696926963357,73.63562066399724,198.21959390254264
2024-01-17,371.4133337859215,72.75199362400595,195.31142111750992
2024-01-18,359.75967657370717,70.46928937492252,189.18322876605868
2024-01-19,346.2263942310643,67.81840643362423,182.0666167161273
2024-01-20,339.49335993139294,66.49954783625829,178.52598320117727
2024-01-21,341.95233244377863,66.98120839141167,179.81905852237657
2024-01-22,356.89957155694293,69.90905547103269,187.6792139002609
2024-01-23,365.54404846763566,71.60232513014537,192.22499865449936
2024-01-24,374.2471547969786,73.30707904871727,196.80161427568353
2024-01-25,384.5906565140237,75.65918263582218,202.81547577388295
2024-01-26,388.4833549239609,76.69547368933989,205.34505037612385
2024-01-27,395.6484676177465,78.40698553070126,209.65577680996913
2024-01-28,399.7209217238665,79.82227333592229,212.93349353378193
2024-01-29,395.2018124488594,79.53921666530331,211.66484631713973
2024-01-30,388.7515630978509,78.8315720544,209.29547649951814
2024-01-31,379.3060895872937,77.487048163872,205.25872378101596
2024-02-01,367.84015335226286,75.50564479134995,199.74108717505555
2024-02-02,380.3674283587543,78.43199899211795,206.41844117651263
2024-02-03,375.52138169029723,77.80032728352823,203.8069523958234
2024-02-04,377.6960783452629,78.25087982127499,204.30680416784554
2024-02-05,381.60362002263435,79.06044230212527,205.7494711596587
2024-02-06,394.74243074982854,81.78253437073373,212.17618531999167
2024-02-07,408.6554424999428,84.66502501024458,219.0705647141674
2024-02-08,406.98870321096,84.31971081909121,217.54605681271877
2024-02-09,403.67638956394285,83.24551800599863,215.0552136530262
2024-02-10,405.7575994587086,83.3214712784832,215.50809960072723
2024-02-11,400.704032732616,81.95430083870676,212.21235131148453
2024-02-12,411.15522772757834,83.70124310487908,217.02205079269692
2024-02-13,399.8467403234846,81.04285549781073,210.39156319187882
2024-02-14,395.08786814385604,79.44782260977875,206.75501125679446
2024-02-15,407.0360276791817,81.21648760901897,211.8735912118853
2024-02-16,400.54886686862744,79.62485047903955,207.98602611111124
2024-02-17,406.0676949141831,80.41199913541853,210.31906484839664
2024-02-18,405.0829737277328,79.95424103383269,209.3574863690645
2024-02-19,394.5226897448562,77.53963161897464,203.33212195860173
2024-02-20,402.68815157976434,78.87806702459385,207.08267683693558
2024-02-21,406.71093409862135,79.66604478828755,209.15139569312663
2024-02-22,400.83292911490713,78.51466829693211,206.12862732581024
2024-02-23,411.32594100297854,80.57002674676527,211.52466637324468
2024-02-24,405.86957626757146,79.50124063616916,208.7187268123859
2024-02-25,423.9175480367143,83.03645546997942,217.9999095111305
2024-02-26,422.65838599026426,82.78981233457783,217.3523845066639
2024-02-27,417.62174606954994,81.8032414119264,214.76228873912382
2024-02-28,422.2386684075214,82.70759856321875,217.13654443238073
2024-02-29,421.39922807635713,82.54317000865373,216.70486162736046
2024-03-01,417.48392266585716,81.77624473066973,214.6914129528472
2024-03-02,411.73825203578565,80.65078973210059,211.73669762379964
2024-03-03,411.81334973164286,79.54067837927315,209.4859041835253
2024-03-04,415.07661019367595,78.90373353197211,208.65177390314258
2024-03-05,438.8890325206502,81.62903497644206,217.26794446880604
2024-03-06,442.7406694587988,80.55474704974492,215.99146654040013
2024-03-07,474.94385370727736,83.9889303914551,227.82482620112998
2024-03-08,487.4347463324145,83.97698938432458,230.20393629415108
2024-03-09,519.0144397330374,86.85072673904367,241.4743722464094
2024-03-10,524.2752535735802,85.89281455729646,241.90865666526196
2024-03-11,553.3633707225686,89.16568259485166,253.9579265081123
2024-03-12,552.0250181887096,87.09020539158857,251.32792676948264
2024-03-13,573.9336999013577,88.6867248850231,259.6379059033002
2024-03-14,567.0136820594942,86.04980057348847,255.09883555537266
2024-03-15,565.8496465354436,84.48176942594743,253.32668378834438
2024-03-16,566.5862218240995,83.63095799611888,252.75856930392507
2024-03-17,577.6561386771459,84.54556798924526,257.0132724539552
2024-03-18,573.5542428870675,83.13597344155063,254.40910623419197
2024-03-19,588.0076640131721,85.13918818492527,260.84955214072136
2024-03-20,585.3643080402013,84.9501078030103,259.47569929788324
2024-03-21,573.2424623720652,83.35237206965348,253.93357550632763
2024-03-22,576.3723455608332,84.02797371665417,254.9262332003671
2024-03-23,577.8999695779116,85.04137558004709,256.36486293537337
2024-03-24,585.9419664368652,87.0681801163104,260.76333811658964
2024-03-25,574.3003804409435,86.05477784817874,256.2394292779431
2024-03-26,556.7570936649379,84.11242164587382,249.26011786108015
2024-03-27,545.7273695241407,83.01456841298194,245.22782632712182
2024-03-28,559.6707334550831,85.64347727845303,252.3152889278295
2024-03-29,560.6363876418,86.28460975515704,253.8357337917575
2024-03-30,559.2559661747999,86.07215631795017,253.21072923668083
2024-03-31,540.4131783054,83.17216153728823,244.6794012834059
2024-04-01,549.4852125144,84.56839080221623,248.7868879025169
2024-04-02,556.3731189294,85.62847239903908,251.90548101862686
2024-04-03,558.9034730423999,86.01790594633509,253.05113318674253
2024-04-04,550.958497479,84.79513637391085,249.45393766652995
2024-04-05,553.131908838,85.12963473163884,250.43797915813502
2024-04-06,553.131908838,85.12963473163886,250.43797915813502
2024-04-07,571.062503241,87.88923859404345,258.5562991386709
2024-04-08,575.4093128100001,88.55823328580571,260.5243761684928
2024-04-09,574.3226137049999,88.39098511878856,260.03235839938435
2024-04-10,579.532563081,89.19282113703773,262.39123369186683
2024-04-11,579.086549001,89.12417744624915,262.18929476358136
2024-04-12,575.465695722,88.56691088445258,260.54990429716287
2024-04-13,583.8521594795999,89.85762759228892,264.34698958943693
2024-04-14,580.1356524851999,89.2856394681984,262.6642906051026
2024-04-15,573.9046438121999,88.32665756195385,259.8431168574858
2024-04-16,587.7459307727999,90.45689753608046,266.1099473909884
2024-04-17,582.7399092377999,89.68644698364618,263.8434031963473
2024-04-18,590.0806277657999,90.8162185209079,267.1670131424504
2024-04-19,598.5506876057999,92.11980106390217,271.0019476956464
2024-04-20,586.4828743494514,89.1650151806647,265.1572561372197
2024-04-21,583.5240057923794,87.68762284615407,263.12047074300096
2024-04-22,594.6399494891793,88.64358337768321,267.1932805574425
2024-04-23,600.4321137332694,88.90429988628206,268.4285482303854
2024-04-24,611.4035998862693,90.59286385040092,273.3960374976218
2024-04-25,610.0844004638178,90.75448756547794,272.7207972265871
2024-04-26,595.4061437752322,89.33110114038172,266.78416497900264
2024-04-27,586.0657618070665,90.44178216298971,264.2865153921735
2024-04-28,569.4775170611099,90.68340815693487,259.4262658692198
2024-04-29,538.0180106673813,89.08448572958399,249.78728169128232
2024-04-30,501.2310053649656,86.98138955924709,238.88835918407736
2024-05-01,468.7784957177777,85.08611621016,228.31798830996877
2024-05-02,445.4798570786862,85.17474853087268,223.3986762218348
2024-05-03,423.2869179322457,84.90885541375269,218.04444860984862
2024-05-04,397.41252157270264,84.9974861155104,211.00292993671636
2024-05-05,371.0016646371027,84.90885419953646,203.4745071882688
2024-05-06,348.66227968281527,84.11117161026651,195.37096659430784
2024-05-07,321.0935372617234,82.42717593233829,183.83965174805985
2024-05-08,300.5797462556213,81.98402060222539,176.05940228946127
2024-05-09,280.2197631250613,81.55526790027703,167.77934634839352
2024-05-10,267.851415528259,82.25047266354925,163.1123829416707
2024-05-11,262.0321002389621,83.05314527677989,161.4014390846439
2024-05-12,252.1326218962135,81.77464095340115,156.3046678077059
2024-05-13,251.7196416506866,83.25755837649051,156.88555907571268
2024-05-14,250.90222504321852,83.82037107328044,157.13775182293892
2024-05-15,250.56907335647998,84.3582546966816,157.51758256774036
2024-05-16,250.71403785058283,83.81317360421623,156.9442622196921
2024-05-17,255.42253661244376,84.64963299822308,159.2254843152506
2024-05-18,249.55705568155471,82.05661069812618,154.97771613743367
2024-05-19,257.23264081216576,83.89681974598629,159.12854441556615
2024-05-20,261.7070326973289,84.64963259348436,161.25821882508913
2024-05-21,264.1839870423143,84.8169246746551,162.21104509671355
2024-05-22,270.11145799899725,85.82067554272457,165.03062030301592
2024-05-23,278.80605848218175,88.23417435447223,170.1483726331288
2024-05-24,281.5404035904531,88.85088145515293,171.58380610292767
2024-05-25,291.37038119440007,91.72602669358903,177.36160388115334
2024-05-26,296.5409541564862,93.1054704310039,180.27605676939916
2024-05-27,290.4335113214373,90.49773587760413,176.43026794999724
2024-05-28,292.17669621748047,90.32937730984597,177.37920910836405
2024-05-29,290.6393891941512,89.16099086334445,176.4031154645077
2024-05-30,280.29394421119133,85.31079903085165,170.0893212401202
2024-05-31,279.7392420705631,84.29216288366673,169.7262745750788
2024-06-01,277.15483378155085,82.67932290753463,168.1334627596227
2024-06-02,272.1070402779394,80.30250577042149,165.0467787779194
2024-06-03,282.7409489380697,83.188642296528,171.38525384399276
2024-06-04,283.585610342664,83.188642296528,171.78324748991807
2024-06-05,279.8284398704074,82.00023221020115,169.5260998739396
2024-06-06,283.3524899627035,82.78890511268573,171.53740046382117
2024-06-07,283.8103698806326,82.18461924165395,170.93833488833025
2024-06-08,296.074114482006,84.70106416212481,177.2075721629267
2024-06-09,303.3213619534689,85.70226214057372,180.7013691905865
2024-06-10,301.517339836792,84.081346209936,178.8493185718682
2024-06-11,301.3499050380277,83.0653349958679,178.07621858391707
2024-06-12,311.6061695799864,84.92007942620023,183.49307052344508
2024-06-13,318.29521717282194,85.90193291643429,186.895219707262
2024-06-14,315.18312885723304,84.72288686566219,185.18718756211075
2024-06-15,304.18205342111526,81.52261964958447,178.95125981458563
2024-06-16,307.60875842292035,82.36479618070355,181.03455466292053
2024-06-17,307.9232885035913,82.44901421831726,181.2196625687367
2024-06-18,316.76503474930416,84.89132476221394,186.3570578103075
2024-06-19,313.1767938613854,84.13336566160046,184.05537183806038
2024-06-20,308.18075558863296,83.1193817838953,180.99945457420412
2024-06-21,308.7618745172029,84.12416352154285,181.90237257845408
2024-06-22,310.31988771690277,85.63375079935406,183.5780675176566
2024-06-23,290.55523013086906,81.33398953952091,172.5873665041547
2024-06-24,287.47076973002186,82.33827142482103,171.50842703385078
2024-06-25,273.34821385537674,79.97501505928732,163.8638517996537
2024-06-26,263.61327610088085,78.62249555489417,158.91071293193858
2024-06-27,258.02530935838456,78.36780277300527,156.3674683176289
2024-06-28,252.88755365276606,77.94692244197486,153.62028089794674
2024-06-29,250.70399793193337,78.36780135641968,152.5503195611164
2024-06-30,250.96652831127054,79.12538526421852,152.7681775728219
2024-07-01,247.03359354958184,78.19944946685075,150.53827601099974
2024-07-02,250.63149206326696,79.51092240492541,152.73672686399786
2024-07-03,254.28751953339156,80.83676112908577,154.97010248061656
2024-07-04,254.26876746648415,81.0080810624678,154.97415995935407
2024-07-05,247.52011122656845,78.83771888620011,150.69842083420184
2024-07-06,245.19249324041144,78.06660195421046,149.07672512452194
2024-07-07,246.91924125935998,78.51570813584753,150.00537888636273
2024-07-08,247.67108064205715,78.6388778150608,150.3225839974082
2024-07-09,246.79962234336446,78.50446034177229,149.85963995266616
2024-07-10,242.45495182272793,77.2506211759785,147.2809368076148
2024-07-11,240.29892740686526,76.69540203909551,146.0323340728535
2024-07-12,246.5386974564765,78.81519895073268,149.88379665814884
2024-07-13,243.4776742898524,77.98556537199076,148.09190840270549
2024-07-14,249.16769911832267,79.94651729369313,151.61698998746823
2024-07-15,247.2972720115383,79.49398995650895,150.5472989216587
2024-07-16,246.082621473751,78.9660399968473,149.74409081821065
2024-07-17,251.9417159723075,80.70072901338312,153.2419651682263
2024-07-18,250.0565222199416,79.9728073777081,152.03777302693445
2024-07-19,250.90157342596467,80.10253589156287,152.48640327260588
2024-07-20,255.22107521037165,81.3317532489201,155.04211812112655
2024-07-21,257.4710807942442,81.89186708840964,156.33619380538047
2024-07-22,267.65173378668345,84.28630766041273,161.6560064889011
2024-07-23,276.55928539497154,86.35484646613324,166.36418944824064
2024-07-24,275.096034756864,85.26088444155303,164.89768215526246
2024-07-25,287.1922251631474,88.11823531928128,171.32843069212026
2024-07-26,293.4194018373535,89.13019437526889,174.2137802506529
2024-07-27,293.6486307887969,88.27392182705759,173.49224131921224
2024-07-28,291.31221503365407,86.63921979366673,171.2470311523011
2024-07-29,292.25486912782316,86.56137596720944,171.6180953502592
2024-07-30,288.05403771459567,85.08235929645664,168.92831692309875
2024-07-31,291.46577720052034,85.88796214895703,170.73718460961666
2024-08-01,289.2749080569809,85.24236564743646,169.45379953089898
2024-08-02,283.49781819646626,83.53999605867459,166.06964902275053
2024-08-03,281.50252241905645,83.16488502966652,165.10295696798536
2024-08-04,283.08447788773987,83.94499252409962,166.18955077951793
2024-08-05,278.3263679143159,83.50807265787985,164.29644060386497
2024-08-06,276.6301802451525,83.87443483063414,164.10526203334413
2024-08-07,269.5603656480795,82.66526159154661,160.71415918490655
2024-08-08,261.8933875650932,81.71904034211714,157.38819674862174
2024-08-09,258.8624952778703,82.14914091003962,156.78703126165917
2024-08-10,253.37742315952588,81.63302022853262,154.5370749076507
2024-08-11,252.06414636675865,83.18138017363347,155.01804305273512
2024-08-12,243.29791975814493,81.5469987789535,150.1887188269054
2024-08-13,240.6903327019621,82.32117827436299,149.58543385070817
2024-08-14,239.32433256436076,83.17777871382745,149.56408955352853
2024-08-15,242.46427676683166,85.26831371682647,152.0146684140372
2024-08-16,241.25849543391737,85.78927795143137,151.71068382062816
2024-08-17,241.90000025022823,86.97319822004853,152.5755722759835
2024-08-18,237.96736399488344,85.9814144006606,150.5937941421371
2024-08-19,233.99740759104,84.91120445201368,148.51168537578334
2024-08-20,232.74611088192003,84.45714339299583,147.71752194854844
2024-08-21,234.85324549536003,85.2217644194066,149.05486203268538
2024-08-22,235.99538892922632,85.2217644194066,149.2901724428938
2024-08-23,242.16296153657143,87.03499274303208,152.70274441483056
2024-08-24,244.16366166718973,87.3646715569862,153.5043759723611
2024-08-25,239.88906013975202,85.46902305273125,150.3844441232212
2024-08-26,243.05251063352884,85.7987007215471,151.57474988718846
2024-08-27,243.62501692757732,85.13934538391538,151.07185207857992
2024-08-28,250.42640630374876,86.45603698958222,154.8344102753909
2024-08-29,246.46872550575674,84.47392673008981,152.34994044813863
2024-08-30,243.7275923343596,83.01100306892076,150.2198549716041
2024-08-31,244.81972080893033,82.8791251305649,150.4575615576673
2024-09-01,249.34093068695606,83.97120531128249,152.84182902370713
2024-09-02,258.61100419997257,85.62694204167805,158.2630852722441
2024-09-03,261.3139988611698,85.2544662648014,159.52799437605967
2024-09-04,257.55784562410537,83.30529664851372,157.0153369096935
2024-09-05,261.4310444277008,83.88766605904708,159.23485020867636
2024-09-06,260.7378079463265,82.86069523122914,159.03135776166164
2024-09-07,260.7632978266175,82.39791086143399,159.7550511892167
2024-09-08,264.1504524432295,83.04398682831592,162.5685772151635
2024-09-09,255.54534563692974,81.37094003361607,158.33892146430827
2024-09-10,249.7153485349251,80.45836852619475,155.91039968791583
2024-09-11,238.75284682238,77.4467032243281,149.53910675720383
2024-09-12,237.35189502973455,77.63197056352381,149.2144623425519
2024-09-13,231.31697021062368,76.29345874999056,145.85806243728152
2024-09-14,227.07298287624764,75.22660773555735,143.17504463908827
2024-09-15,223.54810495972882,74.42053665042303,140.94298823046532
2024-09-16,219.61428252002375,73.23956038054109,138.30933226289446
2024-09-17,223.40507794207866,74.63614995016759,140.5386654299112
2024-09-18,230.41556142614536,77.03452964562385,144.88047160314403
2024-09-19,223.31076300901955,74.67150674985712,140.39817622116405
2024-09-20,228.9082725409713,76.40439003576934,144.08305819009607
2024-09-21,228.35716891897837,76.08931963240023,143.89266691018227
2024-09-22,225.21985941140844,74.90780869746702,142.0782859739479
2024-09-23,231.17340652717988,76.56192438253696,145.83488071349794
2024-09-24,231.00033854764385,76.16808740422589,145.74146911098387
2024-09-25,233.0747444735753,76.53188362733397,147.06009451297308
2024-09-26,235.17430962247232,76.69052201383172,147.92126880902384
2024-09-27,233.28717079976514,75.56349185747854,146.1610227042384
2024-09-28,231.87545413471284,74.62301244162423,144.73483812074304
2024-09-29,236.42395255656925,75.55741767265387,146.97560902284184
2024-09-30,235.06090384389023,74.35161957349165,145.28007651598702
2024-10-01,238.90542598894237,74.7274000221975,146.73680496865094
2024-10-02,243.2469216938978,75.1404741704013,148.8257748987533
2024-10-03,251.90471563754005,77.24440662371656,154.01620313016002
2024-10-04,261.65414656396405,79.64890154001037,159.86910594321316
2024-10-05,268.79369142397394,81.30199183770823,164.1306968469084
2024-10-06,269.9857063053948,81.07657024694937,164.7281221345134
2024-10-07,274.87095441566925,82.42909893658558,167.99742959702394
2024-10-08,277.8023357290286,83.18050252928124,170.11085872214971
2024-10-09,271.7380362543017,81.36470974095901,166.3974155342555
2024-10-10,272.5890445835177,81.61952149513317,166.91852619116457
2024-10-11,266.76012702583546,79.8742075459996,163.3492179326295
2024-10-12,266.232213279792,79.71613785024714,163.02595261365727
2024-10-13,264.1468582191291,79.09173387811096,161.74899596324252
2024-10-14,261.5699499589234,78.32014740640885,160.1710391910598
2024-10-15,260.42370077610514,77.97693365048274,159.46913928698925
2024-10-16,264.4336881909051,79.17761746555516,161.924634849352
2024-10-17,264.9562855332685,79.33409530597423,162.24464469535295
2024-10-18,263.9110931327108,79.02114030906962,161.60462640205046
2024-10-19,273.5463237118443,81.36830295683772,166.9450403493112
2024-10-20,284.4880453627173,84.10665952171998,173.08547751287486
2024-10-21,294.6251052483921,86.61029949695698,178.7396542875106
2024-10-22,291.7502745305296,85.31594380116061,176.52811216889287
2024-10-23,297.5458281958058,86.56333685790521,179.56926384547793
2024-10-24,298.54590416833156,86.23363643200722,179.60660128750288
2024-10-25,306.748500424743,88.0348592129694,184.03089408911848
2024-10-26,301.4856434299158,86.37202063942611,180.79673893195917
2024-10-27,300.51093891618564,85.92895634710189,180.12973330822197
2024-10-28,302.08073346760114,86.21159718636763,180.98698514864708
2024-10-29,309.0757093238705,88.0676748575607,185.1073039638555
2024-10-30,314.7502896855771,89.53140310590996,188.42871443416234
2024-10-31,317.8949353994057,90.42590440505509,190.31129109453505
2024-11-01,317.8949353994057,90.42590440505509,190.31129109453505
2024-11-02,316.4655504375772,88.73136488906427,188.8518096418422
2024-11-03,307.71286217310757,85.16739684091952,183.11400567935377
2024-11-04,302.46521685469713,82.44175400274337,179.40098079967964
2024-11-05,297.68983666909713,80.33487693420284,176.46287586451425
2024-11-06,295.2777755058943,78.32585955037302,174.40570707568946
2024-11-07,295.121723654772,77.44141611539318,174.223318697503
2024-11-08,292.3554762263057,75.88988635005258,172.4862922449031
2024-11-09,293.7478629376748,76.372050096648,173.36656870736562
2024-11-10,300.8754656389022,78.19408976464081,177.53837343697774
2024-11-11,299.40281364311824,77.68828128187235,176.60949990111138
2024-11-12,303.6398175661354,78.22512027457819,178.5610872861796
2024-11-13,299.6531599712125,77.07475057084561,176.15977540817883
2024-11-14,293.2141302561634,74.85070348880949,171.81617178071627
2024-11-15,300.4314645761293,75.46423389628218,174.77443223374252
2024-11-16,310.11134882760746,76.84467723720721,179.3351208162183
2024-11-17,314.8002992306921,76.99805961140984,181.0238689515023
2024-11-18,324.60692358850355,78.54594488802516,185.7314130597293
2024-11-19,340.43708455928635,80.85483335593133,193.96118584457878
2024-11-20,350.1924157200178,81.61632147482847,198.6658610049511
2024-11-21,362.97149060066505,82.98988537015647,204.97874027774964
2024-11-22,366.9354196408603,82.5223735707912,206.4591171231545
2024-11-23,367.0555936535371,81.1321421292936,205.6249993498247
2024-11-24,368.5574848362749,79.97004522167143,205.51773108610251
2024-11-25,382.01198907796066,81.03490465816903,212.0966397559657
2024-11-26,374.9438820046179,78.25656528758057,207.09709052627787
2024-11-27,374.08806904582923,77.17610013700526,205.78419958742788
2024-11-28,377.30718923744024,77.02174836292114,206.9549587776016
2024-11-29,371.65421505485585,75.32387399113097,203.63034436948323
2024-11-30,383.1795477186515,77.33045236642046,210.1419633483467
2024-12-01,393.30819067867986,79.18267942295691,215.95078650103702
2024-12-02,377.8349654663357,75.99909310942732,207.4036060466964
2024-12-03,386.0264858220048,77.58137030183177,211.81350244954143
2024-12-04,392.60604675385355,78.84264378389555,215.34485618100146
2024-12-05,398.55139386128724,80.03658078012549,218.44262516597732
2024-12-06,405.14898275884605,81.36150013779636,221.91982410711378
2024-12-07,397.56395487914955,79.83828454762802,217.5941769241494
2024-12-08,393.846497433237,79.09174950158571,215.39015309509142
2024-12-09,409.95376909136087,82.3263911790943,224.1990360761458
2024-12-10,408.78247406584006,82.09117321129543,223.5584681987859
2024-12-11,406.83031367452884,81.69914286022527,222.4908539676298
2024-12-12,404.09728640584456,81.15029982232973,220.9961925560103
2024-12-13,417.3719809968757,83.81610699884743,228.2559714772065
2024-12-14,424.00932451343505,85.14900982822114,231.8858588711366
2024-12-15,422.3096874269333,84.44335440705427,230.48713167355655
2024-12-16,419.33677049555365,83.43637377440915,228.3333012686064
2024-12-17,416.5417300158511,82.4973801439423,226.3183037215277
2024-12-18,421.8043217240221,83.15429237238344,228.68132012524975
2024-12-19,425.1458794195059,83.4226478188303,229.99016832108856
2024-12-20,422.4272585998169,82.45734288157543,227.96331431229456
2024-12-21,421.4740628297828,81.86323143424629,226.92341086892307
2024-12-22,429.3681240717906,83.81284318562503,231.709797918465
2024-12-23,423.81277961492384,83.10718928222846,229.19961953313583
2024-12-24,420.3010936751911,82.77967418558502,227.7655404022092
2024-12-25,421.16375157388256,83.35282674303873,228.7523530795276
2024-12-26,413.45033459100944,82.20652011036103,225.05258495077607
2024-12-27,413.8394602363123,82.77967266781475,225.70995618057196
2024-12-28,409.99382072537094,82.61591436060787,223.8540811455096
2024-12-29,409.4049954694263,82.8720037947137,223.31948424472648
2024-12-30,414.96839159577274,84.66066860478584,226.62049645273697
2024-12-31,411.642981949,84.5376097631215,225.01155728031546
2025-01-01,404.87650629474916,83.76997163902662,221.53861888773238
2025-01-02,415.38142245894284,86.8763025343512,227.0809096935189
2025-01-03,405.68605282251576,85.7011704084072,221.701751762466
2025-01-04,405.43393485376293,86.33402749559006,221.65434456303024
2025-01-05,402.5321508886209,86.30805146425817,220.09059255200805
2025-01-06,391.19881452807056,84.15449115206091,213.47261193919422
2025-01-07,391.9911081261212,84.56863799640344,213.53355094687137
2025-01-08,385.03304304790373,83.3261995882543,209.34895224805555
2025-01-09,379.2919941939545,82.08376133188219,206.22744726535302
2025-01-10,379.2919941939545,82.08376133188219,206.22744726535302
2025-01-11,375.08189142052646,81.17263988316515,203.93834345884116
2025-01-12,381.28274490635783,82.5145858914552,207.30985196633566
2025-01-13,379.6679765546393,82.16512884512228,206.43187520912122
2025-01-14,387.6823378068478,83.8995417152167,210.78941844179002
2025-01-15,393.3652541108485,85.12939932546756,213.87931577771278
2025-01-16,384.4784880193394,83.20618660799933,209.04743133630515
2025-01-17,387.8906693131668,83.94462738510789,210.9026917915859
2025-01-18,385.1323562981607,83.3476922779392,209.40295053537406
2025-01-19,376.9853721230029,81.58457806818788,204.97329798516793
2025-01-20,387.55649143624123,83.5846087824648,210.28627651542277
2025-01-21,380.6331992063539,81.83458169877909,206.1415884055077
2025-01-22,386.1808886885309,82.75126182939051,208.72896347416625
2025-01-23,390.45091994215005,83.41793848118778,210.6616939817366
2025-01-24,387.82464513495137,82.58459304588378,208.8333467477822
2025-01-25,389.3462867585626,82.4179241106,208.90709862078566
2025-01-26,387.4375959169138,81.33457458937372,206.980541506546
2025-01-27,390.06668400661096,81.44130328520296,207.85034930313506
2025-01-28,397.4488289925847,82.42930556641852,211.4835357339435
2025-01-29,401.3307065221248,82.57156921083909,213.31397710597147
2025-01-30,406.66445116485426,83.06487536443304,215.9395380519011
2025-01-31,402.29975176294676,81.59355795608333,213.39484094593405
2025-02-01,425.45192235403977,85.93454519597108,225.89476980271996
2025-02-02,439.05292681891007,88.46518582192424,233.0044336738196
2025-02-03,438.3423598504207,88.17092294736241,232.4777585735348
2025-02-04,431.47804236573495,86.78433081545589,228.5349463945279
2025-02-05,425.9821633269432,85.88712413294127,225.01928304375136
2025-02-06,424.9468886910582,85.88712413294127,223.8745828047324
2025-02-07,443.20730366050196,89.80220651386013,232.8893031409838
2025-02-08,432.3171300505668,87.84466547517772,226.43595296894816
2025-02-09,421.23379386568456,85.96791610768904,220.4027679840899
2025-02-10,417.35285817245625,85.46174427071416,218.25571363276168
2025-02-11,414.93331840956,85.457918578932,217.25710861402126
2025-02-12,411.61429110810343,85.1689984075529,215.98702920238088
2025-02-13,416.64452000605195,86.95195913333725,219.60337906057381
2025-02-14,408.1140790326629,85.934295067428,216.1008454316287
2025-02-15,407.95507912254345,86.66606827967144,217.01993629469615
2025-02-16,408.82424359336386,87.60214308610183,218.51051038810834
2025-02-17,404.67291833194076,87.42986856982182,217.27694166215892
2025-02-18,409.12036206382214,88.80807426201463,220.19840056014297
2025-02-19,404.0357585884039,88.20510966060893,217.96918089710275
2025-02-20,391.76018182571903,85.79325079965497,211.48660378536982
2025-02-21,380.768316934456,83.81208156849566,205.83600032738772
2025-02-22,370.43007103921474,82.00318685361636,200.55732772968986
2025-02-23,360.4571073983119,80.0538507293215,195.273933342082
2025-02-24,355.029512167729,79.09789889967531,192.44726535467325
2025-02-25,354.7436202531267,79.30171632514114,192.41637672822577
2025-02-26,364.0430372639153,81.54568960615029,197.61081859656585
2025-02-27,366.8293582398,82.86115416560331,199.1244144745908
2025-02-28,372.85606192842505,84.76329066955302,202.24510626844108
2025-03-01,370.77304883239543,84.80297884475418,200.9721618947351
2025-03-02,366.361974194616,84.25674546108789,198.45222542379133
2025-03-03,371.44166431701603,85.9251963381192,201.06436510088446
2025-03-04,368.7787525653257,85.84177406746629,199.4744401561609
2025-03-05,358.12710002847086,83.92305592314514,193.55659648466525
2025-03-06,365.246918581357,85.59150528240617,197.4046377152101
2025-03-07,359.33647177397773,84.4235893952856,194.44687978748337
2025-03-08,355.95059158932526,83.83963183116789,192.8452389228932
2025-03-09,366.92065663447113,86.6546054713656,199.04044561095884
2025-03-10,365.12901236468826,87.1720021302655,199.07229674173973
2025-03-11,359.3995641217671,86.66924224089293,196.8719721007224
2025-03-12,362.96867010485056,88.43678439367578,199.79464792773334
2025-03-13,355.73275835473015,87.70880833913314,196.91651456306792
2025-03-14,353.6942897375414,87.87820136852572,196.50037340284965
2025-03-15,350.05204541137783,87.61855276309988,195.16082739597442
2025-03-16,342.81812885595434,86.56157753612845,191.9266204151464
2025-03-17,338.1265800822857,85.37696147077713,189.30005832623957
2025-03-18,339.46702671085717,85.71542424449142,190.05050694494926
2025-03-19,339.1319120482285,85.63080779217772,189.86289310765162
2025-03-20,333.4350355162971,84.19234646786504,186.67349859300106
2025-03-21,333.84512431024865,84.44619203038046,186.9813595412765
2025-03-22,339.26134681745174,85.96926904812173,190.09460192022985
2025-03-23,342.7153230057356,87.00437624081658,192.1131858321585
2025-03-24,347.50556531293324,88.375828158792,194.8793245885522
2025-03-25,350.5672536100761,89.14890445382058,196.5934098080131
2025-03-26,351.29758964413315,89.33331430242,197.0022882044146
2025-03-27,354.0193635179617,90.02056220556173,198.52607244208443
2025-03-28,358.37054415418163,90.96893717416458,200.883806670086
2025-03-29,356.6477973038014,90.37846275977108,199.83835546298602
2025-03-30,351.171195350489,88.83264256140652,196.68740515975236
2025-03-31,349.7729502314057,88.31766993342994,195.82027495038332
2025-04-01,345.0141362830628,87.11606941147339,193.15605447482707
2025-04-02,351.81244458555426,88.83264225785247,196.96208521594244
2025-04-03,353.17210828978284,89.17595734317017,197.72329250834727
2025-04-04,362.00990433435425,91.40750084442446,202.6711298132573
2025-04-05,370.42604871052424,93.70901841271508,207.47479327422064
2025-04-06,375.85843531498494,95.24353577576194,210.60091752084804
2025-04-07,375.56437588776197,95.8339377925128,211.07421120207218
2025-04-08,382.44857511127066,98.27352054905965,215.60144641954955
2025-04-09,369.1676593541643,95.52056801137817,208.74246014133902
2025-04-10,366.63717543561404,95.6759785820136,207.44327932376908
2025-04-11,355.8288950462998,93.79489203415646,201.2943690263742
2025-04-12,346.6697505261104,92.59289992746618,196.71567705158492
2025-04-13,351.0289051592394,95.06815559792332,199.83691113850304
2025-04-14,349.83892841339264,95.43485952334389,199.19597499526202
2025-04-15,344.25122340001315,94.60977455281989,196.03552152951787
2025-04-16,347.56245606398346,96.16826874017829,197.97172763402457
2025-04-17,348.5599370461697,96.9933537107023,199.09365585443055
2025-04-18,342.7471239253508,95.89323965778513,196.5425842963514
2025-04-19,341.5324613070137,95.55340330196228,195.84605640919648
2025-04-20,326.04913540133487,91.22150325632914,186.96740309723594
2025-04-21,319.09930466496684,89.27709077884116,182.98213933278936
2025-04-22,323.4254250864343,90.48744579980573,185.4628804630858
2025-04-23,312.81531009030516,87.51896487291086,179.37868813744905
2025-04-24,311.47781947183074,86.60253077286275,178.0655925008506
2025-04-25,316.74901788989774,87.5235282010519,180.5305187759654
2025-04-26,317.30484475390915,87.02818474440343,180.81070144023403
2025-04-27,323.65410175275713,88.1439306170472,184.41244970427968
2025-04-28,331.10529847930576,89.5386136787928,188.64434784728854
2025-04-29,330.6680202793297,88.70180378103463,188.35128333997494
2025-04-30,338.95878250425204,90.37542175522664,193.0672246632404
2025-05-01,339.26462136656124,89.81754874301623,193.20182947773446
2025-05-02,347.2615668241802,91.2122316529848,197.65405100379022
2025-05-03,360.842518657291,94.02311277738411,204.6638989233133
2025-05-04,363.0905912254579,93.96314400384824,205.32011402530924
2025-05-05,376.05313347646137,96.58068517461808,211.94804967619444
2025-05-06,374.09724554358365,95.4080780113214,210.20159701645306
2025-05-07,381.6659178405208,96.70550751357737,213.84993415051144
2025-05-08,389.1559384777356,98.4429739857096,217.9631421275208
2025-05-09,384.03167272673903,96.24138428815199,214.22986147105732
2025-05-10,380.3968667237549,94.54508171926973,211.36975746851448
2025-05-11,388.0662185333473,95.44379903854971,214.55596555709164
2025-05-12,381.3881269094078,92.74764708070971,209.73949284821146
2025-05-13,382.12667447893756,92.02867246640055,209.18671415649578
2025-05-14,383.60733443963005,91.39957034290457,208.94534865162308
2025-05-15,383.00759404064786,90.23123706895544,207.52440628168674
2025-05-16,384.75698036469737,89.87175044479748,208.36874083544862
2025-05-17,385.98885169996726,89.3423870778569,208.92437715980597
2025-05-18,396.0547695335098,90.82144511466377,214.35450092455434
2025-05-19,398.9424265253218,90.73240360308205,215.90631850270842
2025-05-20,410.9576317371863,92.63396714874894,222.43066648190123
2025-05-21,415.93145461711094,92.91016643203236,225.1485411980382
2025-05-22,423.55992775291395,93.55736219865841,229.10996527194624
2025-05-23,434.84493267348364,95.56222352042367,234.89204179662215
2025-05-24,436.9446444991,95.55318671614252,235.71587130436745
2025-05-25,433.78080501790737,94.54349898841578,233.853500887303
2025-05-26,440.17755525652467,95.64497675793464,237.15485784621134
2025-05-27,438.10974142320384,95.0024484384912,235.8549291216893
2025-05-28,447.4693941712996,96.83824472102263,240.70724843186227
2025-05-29,451.28666582992645,97.66435236516516,242.76067369274892
2025-05-30,451.28666582992645,97.66435236516516,242.76067369274892
2025-05-31,462.7577610713505,100.14684779988515,248.93132091025663
2025-06-01,457.59178115113986,99.02886200185374,246.15238490201628
2025-06-02,451.5775179387933,97.72729657556916,242.91713179186783
2025-06-03,455.5226750356018,98.58108030554058,245.0393504771545
2025-06-04,440.9431440189552,95.59918031621864,237.36327543261606
2025-06-05,431.97509994026194,93.84268297780493,232.71637173295068
2025-06-06,424.25873844349684,92.4533448958975,228.7040309887468
2025-06-07,414.0247959346279,90.72882697740377,223.5222299970472
2025-06-08,417.69760012669343,92.64495793049589,225.6567568629844
2025-06-09,416.05550887564385,93.31560294448218,224.91874749092284
2025-06-10,421.3999985010624,95.71076739473246,227.96913234241296
2025-06-11,424.06645706100716,97.14786606488265,229.38316624804892
2025-06-12,426.1040045967569,98.48915761062548,230.45557233098717
2025-06-13,427.3599204068163,99.54302899736263,231.14315593032183
2025-06-14,427.7978579878169,100.2496140528295,231.21148153538005
2025-06-15,420.5976549529526,98.56232749477543,227.31999498405202
2025-06-16,422.7823452085765,99.07428507207943,228.50075234706134
2025-06-17,401.71473384099943,94.13732741981656,217.11436144828352
2025-06-18,401.0485843078169,93.98122277282948,216.75432827463538
2025-06-19,392.2295722258701,91.91458653088834,211.9879256125552
2025-06-20,394.4050764052567,92.42439145459612,213.1637181861045
2025-06-21,390.3130236845818,91.46546494696697,210.9520905343946
2025-06-22,378.51002196070834,88.69956431097806,204.57293396737143
2025-06-23,362.6370223894615,84.97990547873691,195.99406972400968
2025-06-24,362.23002279902875,84.88452970464482,195.77409906139147
2025-06-25,363.4510235133734,85.17065748225225,196.4340120994025
2025-06-26,375.6610241799973,88.03193374055624,203.03313897899176
2025-06-27,361.00902402773073,84.59840238236846,195.1141870735368
2025-06-28,362.6370249801902,84.97990608584504,195.9940711242182
2025-06-29,383.54924444119814,89.88044939341304,207.29647751427166
2025-06-30,394.60215767015416,92.47057523128903,213.2702345007353
2025-07-01,399.6673037122063,93.13626229686,216.15310447666434
2025-07-02,401.62058565604457,91.87369935510576,217.1316946918017
2025-07-03,397.94707415747934,89.11409389904237,214.8966661931949
2025-07-04,415.0445323220085,91.00739604397089,223.91497350096432
2025-07-05,419.12818378592505,89.8776414045517,225.90251840403874
2025-07-06,419.90793377851236,87.71429777275827,225.9022175665436
2025-07-07,426.8771849188592,87.13336049562061,229.27087264129838
2025-07-08,433.40948964892385,86.79509166765266,231.85248264622322
2025-07-09,441.64603963182657,87.68488289134577,235.45309933391283
2025-07-10,452.7305025939237,89.30268481268828,240.725822727295
2025-07-11,452.8353433163599,88.57467314113627,239.67586811108737
2025-07-12,457.9091373520228,88.64892403187605,241.13666382274295
2025-07-13,456.5196066921155,87.67084338972204,239.40155934599736
2025-07-14,463.3354012113417,88.11942181425052,242.19488056796027
2025-07-15,481.92194555739127,90.95529971724146,251.69272811128045
2025-07-16,475.6786281069979,89.12967421576397,248.1671887795574
2025-07-17,468.88823102170437,87.17447236464592,244.3443884074396
2025-07-18,473.195752952202,87.61661023215164,246.81501974478564
2025-07-19,472.38931030926204,87.2436041450622,246.71020782779877
2025-07-20,479.22473747345487,88.29157565514473,250.58278001119535
2025-07-21,481.9990539456976,88.72823031188348,252.13478460836708
2025-07-22,475.35733439788316,87.50559716171178,248.66048623805113
2025-07-23,479.6270107101987,88.29157551601577,250.89396347942846
2025-07-24,484.84550280513133,89.25221551040896,253.6237683816691
2025-07-25,492.43603813556274,90.64951030066989,257.5943944128483
2025-07-26,498.38427085393465,91.74448374151783,260.7059282695435
2025-07-27,493.3856346505264,90.82431566095705,258.0911304765506
2025-07-28,491.74839810712,90.52292689284806,257.23468837392517
2025-07-29,474.2884498405983,87.30883280211557,248.101350332252
2025-07-30,473.5594899495055,87.17464307585881,247.72002978063637
2025-07-31,477.6607684165829,87.92962211040481,249.8654177320243
2025-08-01,473.73290957807006,87.28450694123066,247.70470265287378
2025-08-02,468.72055301707104,86.586792544791,244.76508573619208
2025-08-03,476.0446804021225,88.17554114289926,248.2568048539885
2025-08-04,487.0697536705892,90.47039931698812,253.64944692513532
2025-08-05,498.3729737891057,92.76525763020592,259.25987915954505
2025-08-06,500.5155773222861,93.38310408309583,260.065228530554
2025-08-07,502.5148941484432,94.00095067511468,260.75838350463357
2025-08-08,494.4257666835119,92.78408845436375,256.4160330278035
2025-08-09,480.9032413213741,90.37006216684946,249.4739911248124
2025-08-10,471.6427218792448,88.77426223565931,244.75285152229415
2025-08-11,460.51227963370275,86.84047288536273,239.06935772616757
2025-08-12,460.2040439769958,86.92419692669272,238.99072976669737
2025-08-13,464.3677121875877,88.17920232103053,241.7575326052083
2025-08-14,465.03127549730755,88.47083745460053,242.19754883354724
2025-08-15,464.4225063508497,88.3554363964319,241.88116759709274
2025-08-16,481.4229991098376,91.57812740367248,250.71643290368712
2025-08-17,489.45101039484814,93.09995386723492,254.8886419445046
2025-08-18,492.75665972593015,93.72658784328463,256.60660913902814
2025-08-19,491.33995077278183,93.45803002746634,255.87033639442345
2025-08-20,485.93070120853025,92.11524178314858,252.54130728222557
2025-08-21,479.7916361729704,90.95149259284912,249.35079574279192
2025-08-22,483.9046762905527,92.02827826351312,251.97307844679952
2025-08-23,482.4163518453835,92.05602335729769,251.7051456811267
2025-08-24,486.4773539764709,93.16018821262654,254.3611461096676
2025-08-25,478.9576712679894,92.02217606807939,250.92209118991744
2025-08-26,485.0447018533088,93.48186267624882,254.5844669888915
2025-08-27,487.82608310754637,94.31491530836854,256.528875593342
2025-08-28,490.9915736590784,95.23912953684548,258.7028426914836
2025-08-29,498.20766460960436,96.96755621974833,263.0351651295107
2025-08-30,499.3596588279561,97.50576679616519,264.1498304594592
2025-08-31,483.2057926867361,94.63531187265069,256.0625172476381
2025-09-01,490.80119185025507,96.4293456433315,260.5818440126856
2025-09-02,495.1389440120688,97.59546795600927,263.3911470210196
2025-09-03,487.72017080652853,96.42934619984726,259.922409175961
2025-09-04,477.4959176827534,94.72501331075263,254.98510698277843
2025-09-05,470.0460479038446,93.24711792392888,251.00684084010342
2025-09-06,465.0017242079437,92.24643161113946,248.31314782698405
2025-09-07,477.30529593293153,94.89520960742084,255.09819621714678
2025-09-08,479.3006390599655,95.50715908006774,256.38697318285136
2025-09-09,483.06994769751236,96.59831621401312,258.5795125526598
2025-09-10,499.9875222118126,100.30397804219855,267.7965172000518
2025-09-11,506.2702886939182,101.85879406504655,271.31296120427663
2025-09-12,494.78114115267533,99.82635130307779,265.306834680074
2025-09-13,494.29537911836326,99.92043864197434,265.2441781901238
2025-09-14,493.8279106190307,99.82635213785144,264.99315244181173
2025-09-15,495.23032855973935,100.10861415454114,265.74623636835514
2025-09-16,491.9829180310913,99.45000278226514,264.0045707937834
2025-09-17,472.95379288758966,95.498347070214,253.83859136130314
2025-09-18,478.548226507249,96.51694623439629,256.88903603408755
2025-09-19,505.0522021569788,101.76544591822336,271.1584301353463
2025-09-20,513.9755268112646,103.56142665933052,275.9501631654268
2025-09-21,521.6913513554657,105.11437612828115,280.0934811276391
2025-09-22,518.8629199466931,104.54510306756622,278.57464272045155
2025-09-23,515.0712294272777,103.66741592277273,276.58792193618933
2025-09-24,529.5022676192931,106.68652789566701,284.2878350423942
2025-09-25,522.7631400016414,105.43577191663088,280.6234630228409
2025-09-26,503.75090006759575,101.89171169466864,270.55289514139287
2025-09-27,503.0810072064643,102.08860419202122,270.3561642011174
2025-09-28,499.4603906395192,102.38394293805007,268.3618127263964
2025-09-29,490.25200526776035,101.39948239909243,263.3744808171972
2025-09-30,493.6025412695135,103.0730664005262,265.1247811326033
2025-10-01,489.0845308564363,102.99370446894162,262.70183335637927
2025-10-02,486.6904303819406,103.3006862205535,261.4179812477251
2025-10-03,479.7852363820052,102.61587533791912,257.7986526842695
2025-10-04,470.69542666354346,101.33596558455199,252.71139292726448
2025-10-05,467.4389325201743,100.63643639018167,250.9648475790068
2025-10-06,463.0128603884612,99.6856695420894,248.59102611568954
2025-10-07,456.24738616083494,98.23237451755483,244.9625204218967
2025-10-08,458.37420601444177,98.68923779237254,246.1031910813121
2025-10-09,450.6038140369138,97.02007586525853,241.93572098463642
2025-10-10,458.4533106158887,98.48059321234577,245.88083435676225
2025-10-11,464.7667545024315,99.83678736508148,249.26690402741704
2025-10-12,462.8241548888441,99.41949653548063,248.22503563482476
2025-10-13,476.9079972297367,102.44485400661976,255.77857887584884
2025-10-14,490.4587489190226,105.67885619691461,263.4254338852306
2025-10-15,487.2343044668349,105.26156536731378,262.0192022698781
2025-10-16,500.43912437772616,108.38480839748948,269.4377518233865
2025-10-17,510.06410187353487,110.7480798901337,274.94691614885045
2025-10-18,511.00923953579655,112.15533575618743,276.83732033794604
2025-10-19,501.5273355335725,111.1329959712475,272.9174155937588
2025-10-20,493.0298632143873,110.39510614475263,269.6093366207726
2025-10-21,478.2191327942615,107.98520224781521,262.5444498681648
2025-10-22,476.64228476985835,108.48777494551919,262.65850246075314
2025-10-23,467.4119957172597,107.25467095110807,258.56225045356615
2025-10-24,472.15448074450285,109.28408918898806,262.25963216580493
2025-10-25,469.96249585947425,108.77673602080749,261.0420875419477
2025-10-26,473.46967888868573,109.5885027594437,262.99016294669406
2025-10-27,472.59288253028575,109.3855609356557,262.50314376162623
2025-10-28,477.8536546697143,110.60321048709429,265.4252555332208
2025-10-29,466.6656198898286,108.01364660366656,259.2108278285332
2025-10-30,478.98246701622855,110.86448351146456,266.0522577599375
2025-10-31,465.7574101947429,107.80343390132485,258.7063600107396
2025-11-01,459.9298070561828,106.45458659154565,255.46940024893223
2025-11-02,467.72436594898284,108.25870220194166,259.79891152434595
2025-11-03,469.46016619035424,108.66046763280909,260.7630670102741
2025-11-04,459.4933564317257,106.35356645742651,255.22697243156156
2025-11-05,467.1347036973763,108.30457941433303,259.57231425424436
2025-11-06,457.0142363702512,106.14711524518388,254.05326530406563
2025-11-07,454.6373434848798,106.36286249687247,253.5230417747435
2025-11-08,443.4519434339906,104.42114697070132,247.97770751717783
2025-11-09,433.6414129215336,102.91092316532847,243.31288390850796
2025-11-10,428.7831530093825,102.69517591363989,240.74889645760564
2025-11-11,432.08401419297564,105.06838455189875,243.43419028874573
2025-11-12,427.5035650522187,105.29984140904108,241.5692880177603
